<?xml version='1.0' encoding='UTF-8'?>
<gpx version="1.1" creator="Trail by Train" xmlns="http://www.topografix.com/GPX/1/1" xmlns:xsi="http://www.w3.org/2001/XMLSchema-instance" xsi:schemaLocation="http://www.topografix.com/GPX/1/1 http://www.topografix.com/GPX/1/1/gpx.xsd">
  <metadata>
    <name>De la gare de Die aux Hauts-Plateaux du Vercors</name>
    <copyright author="Trail by Train contributors">
      <year>2026</year>
      <license>https://creativecommons.org/licenses/by/4.0/</license>
    </copyright>
  </metadata>
  <trk>
    <name>De la gare de Die aux Hauts-Plateaux du Vercors</name>
    <trkseg>
      <trkpt lat="44.758587" lon="5.363330">
        <ele>341.212968</ele>

      </trkpt>
      <trkpt lat="44.758587" lon="5.363330">
        <ele>341.212968</ele>

      </trkpt>
      <trkpt lat="44.758587" lon="5.363330">
        <ele>341.212968</ele>

      </trkpt>
      <trkpt lat="44.758562" lon="5.363329">
        <ele>341.212968</ele>

      </trkpt>
      <trkpt lat="44.758555" lon="5.363343">
        <ele>341.212968</ele>

      </trkpt>
      <trkpt lat="44.758533" lon="5.363398">
        <ele>341.212968</ele>

      </trkpt>
      <trkpt lat="44.758445" lon="5.363536">
        <ele>341.212968</ele>

      </trkpt>
      <trkpt lat="44.758405" lon="5.363625">
        <ele>341.212968</ele>

      </trkpt>
      <trkpt lat="44.758381" lon="5.363686">
        <ele>341.212968</ele>

      </trkpt>
      <trkpt lat="44.758329" lon="5.363808">
        <ele>341.212968</ele>

      </trkpt>
      <trkpt lat="44.758323" lon="5.363833">
        <ele>341.212968</ele>

      </trkpt>
      <trkpt lat="44.758309" lon="5.363900">
        <ele>341.212968</ele>

      </trkpt>
      <trkpt lat="44.758279" lon="5.363939">
        <ele>341.212968</ele>

      </trkpt>
      <trkpt lat="44.758223" lon="5.364015">
        <ele>341.212968</ele>

      </trkpt>
      <trkpt lat="44.758156" lon="5.364155">
        <ele>341.212968</ele>

      </trkpt>
      <trkpt lat="44.758098" lon="5.364240">
        <ele>341.212968</ele>

      </trkpt>
      <trkpt lat="44.758047" lon="5.364286">
        <ele>341.212968</ele>

      </trkpt>
      <trkpt lat="44.758040" lon="5.364299">
        <ele>341.219259</ele>

      </trkpt>
      <trkpt lat="44.758025" lon="5.364309">
        <ele>341.262831</ele>

      </trkpt>
      <trkpt lat="44.758014" lon="5.364323">
        <ele>341.301757</ele>

      </trkpt>
      <trkpt lat="44.757965" lon="5.364378">
        <ele>341.466269</ele>

      </trkpt>
      <trkpt lat="44.757924" lon="5.364435">
        <ele>341.617529</ele>

      </trkpt>
      <trkpt lat="44.757919" lon="5.364444">
        <ele>341.638833</ele>

      </trkpt>
      <trkpt lat="44.757845" lon="5.364556">
        <ele>341.924044</ele>

      </trkpt>
      <trkpt lat="44.757793" lon="5.364658">
        <ele>342.158137</ele>

      </trkpt>
      <trkpt lat="44.757746" lon="5.364771">
        <ele>342.402283</ele>

      </trkpt>
      <trkpt lat="44.757670" lon="5.364897">
        <ele>342.710495</ele>

      </trkpt>
      <trkpt lat="44.757586" lon="5.365040">
        <ele>343.056489</ele>

      </trkpt>
      <trkpt lat="44.757559" lon="5.365199">
        <ele>343.361274</ele>

      </trkpt>
      <trkpt lat="44.757507" lon="5.365281">
        <ele>343.566236</ele>

      </trkpt>
      <trkpt lat="44.757481" lon="5.365303">
        <ele>343.645872</ele>

      </trkpt>
      <trkpt lat="44.757408" lon="5.365404">
        <ele>343.914552</ele>

      </trkpt>
      <trkpt lat="44.757343" lon="5.365554">
        <ele>344.242160</ele>

      </trkpt>
      <trkpt lat="44.757306" lon="5.365655">
        <ele>344.454038</ele>

      </trkpt>
      <trkpt lat="44.757291" lon="5.365710">
        <ele>344.563879</ele>

      </trkpt>
      <trkpt lat="44.757243" lon="5.365857">
        <ele>344.865523</ele>

      </trkpt>
      <trkpt lat="44.757243" lon="5.365905">
        <ele>344.955011</ele>

      </trkpt>
      <trkpt lat="44.757211" lon="5.365950">
        <ele>345.073741</ele>

      </trkpt>
      <trkpt lat="44.757199" lon="5.365966">
        <ele>345.117127</ele>

      </trkpt>
      <trkpt lat="44.757090" lon="5.366082">
        <ele>345.475828</ele>

      </trkpt>
      <trkpt lat="44.757080" lon="5.366088">
        <ele>345.504366</ele>

      </trkpt>
      <trkpt lat="44.757019" lon="5.366137">
        <ele>345.688742</ele>

      </trkpt>
      <trkpt lat="44.756993" lon="5.366186">
        <ele>345.802781</ele>

      </trkpt>
      <trkpt lat="44.756959" lon="5.366286">
        <ele>346.039229</ele>

      </trkpt>
      <trkpt lat="44.756884" lon="5.366411">
        <ele>346.466554</ele>

      </trkpt>
      <trkpt lat="44.756840" lon="5.366438">
        <ele>346.643050</ele>

      </trkpt>
      <trkpt lat="44.756796" lon="5.366475">
        <ele>346.831503</ele>

      </trkpt>
      <trkpt lat="44.756787" lon="5.366482">
        <ele>346.869311</ele>

      </trkpt>
      <trkpt lat="44.756764" lon="5.366524">
        <ele>347.007809</ele>

      </trkpt>
      <trkpt lat="44.756736" lon="5.366654">
        <ele>347.362546</ele>

      </trkpt>
      <trkpt lat="44.756695" lon="5.366739">
        <ele>347.630869</ele>

      </trkpt>
      <trkpt lat="44.756666" lon="5.366773">
        <ele>347.769631</ele>

      </trkpt>
      <trkpt lat="44.756593" lon="5.366905">
        <ele>348.206521</ele>

      </trkpt>
      <trkpt lat="44.756585" lon="5.366920">
        <ele>348.255507</ele>

      </trkpt>
      <trkpt lat="44.756558" lon="5.366955">
        <ele>348.390456</ele>

      </trkpt>
      <trkpt lat="44.756510" lon="5.367022">
        <ele>348.638983</ele>

      </trkpt>
      <trkpt lat="44.756501" lon="5.367044">
        <ele>348.705282</ele>

      </trkpt>
      <trkpt lat="44.756434" lon="5.367166">
        <ele>349.108016</ele>

      </trkpt>
      <trkpt lat="44.756360" lon="5.367335">
        <ele>349.626477</ele>

      </trkpt>
      <trkpt lat="44.756275" lon="5.367475">
        <ele>350.107466</ele>

      </trkpt>
      <trkpt lat="44.756201" lon="5.367587">
        <ele>350.506948</ele>

      </trkpt>
      <trkpt lat="44.756193" lon="5.367597">
        <ele>350.546284</ele>

      </trkpt>
      <trkpt lat="44.756102" lon="5.367717">
        <ele>351.004731</ele>

      </trkpt>
      <trkpt lat="44.756034" lon="5.367859">
        <ele>351.451972</ele>

      </trkpt>
      <trkpt lat="44.756026" lon="5.367903">
        <ele>351.570576</ele>

      </trkpt>
      <trkpt lat="44.755996" lon="5.367972">
        <ele>351.781846</ele>

      </trkpt>
      <trkpt lat="44.755913" lon="5.368135">
        <ele>352.305611</ele>

      </trkpt>
      <trkpt lat="44.755883" lon="5.368190">
        <ele>352.486713</ele>

      </trkpt>
      <trkpt lat="44.755841" lon="5.368272">
        <ele>352.708879</ele>

      </trkpt>
      <trkpt lat="44.755801" lon="5.368343">
        <ele>352.896345</ele>

      </trkpt>
      <trkpt lat="44.755736" lon="5.368433">
        <ele>353.161870</ele>

      </trkpt>
      <trkpt lat="44.755705" lon="5.368489">
        <ele>353.308742</ele>

      </trkpt>
      <trkpt lat="44.755720" lon="5.368582">
        <ele>353.506008</ele>

      </trkpt>
      <trkpt lat="44.755718" lon="5.368599">
        <ele>353.541651</ele>

      </trkpt>
      <trkpt lat="44.755683" lon="5.368714">
        <ele>353.800451</ele>

      </trkpt>
      <trkpt lat="44.755620" lon="5.368803">
        <ele>354.060385</ele>

      </trkpt>
      <trkpt lat="44.755569" lon="5.368835">
        <ele>354.223019</ele>

      </trkpt>
      <trkpt lat="44.755495" lon="5.368951">
        <ele>354.545563</ele>

      </trkpt>
      <trkpt lat="44.755475" lon="5.369003">
        <ele>354.667887</ele>

      </trkpt>
      <trkpt lat="44.755446" lon="5.369074">
        <ele>354.837309</ele>

      </trkpt>
      <trkpt lat="44.755429" lon="5.369111">
        <ele>354.928465</ele>

      </trkpt>
      <trkpt lat="44.755393" lon="5.369163">
        <ele>355.078682</ele>

      </trkpt>
      <trkpt lat="44.755390" lon="5.369150">
        <ele>355.106957</ele>

      </trkpt>
      <trkpt lat="44.755385" lon="5.369162">
        <ele>355.135736</ele>

      </trkpt>
      <trkpt lat="44.755376" lon="5.369156">
        <ele>355.164741</ele>

      </trkpt>
      <trkpt lat="44.755396" lon="5.369134">
        <ele>355.238664</ele>

      </trkpt>
      <trkpt lat="44.755411" lon="5.369125">
        <ele>355.286158</ele>

      </trkpt>
      <trkpt lat="44.755427" lon="5.369118">
        <ele>355.334961</ele>

      </trkpt>
      <trkpt lat="44.755406" lon="5.369182">
        <ele>355.480792</ele>

      </trkpt>
      <trkpt lat="44.755333" lon="5.369254">
        <ele>355.740397</ele>

      </trkpt>
      <trkpt lat="44.755304" lon="5.369273">
        <ele>355.833565</ele>

      </trkpt>
      <trkpt lat="44.755221" lon="5.369330">
        <ele>356.102548</ele>

      </trkpt>
      <trkpt lat="44.755208" lon="5.369335">
        <ele>356.141802</ele>

      </trkpt>
      <trkpt lat="44.755124" lon="5.369388">
        <ele>356.409919</ele>

      </trkpt>
      <trkpt lat="44.755117" lon="5.369401">
        <ele>356.443666</ele>

      </trkpt>
      <trkpt lat="44.755087" lon="5.369547">
        <ele>356.758053</ele>

      </trkpt>
      <trkpt lat="44.755027" lon="5.369649">
        <ele>357.032023</ele>

      </trkpt>
      <trkpt lat="44.755005" lon="5.369668">
        <ele>357.107197</ele>

      </trkpt>
      <trkpt lat="44.754986" lon="5.369691">
        <ele>357.180179</ele>

      </trkpt>
      <trkpt lat="44.754908" lon="5.369762">
        <ele>357.450714</ele>

      </trkpt>
      <trkpt lat="44.754898" lon="5.369776">
        <ele>357.491788</ele>

      </trkpt>
      <trkpt lat="44.754867" lon="5.369873">
        <ele>357.711815</ele>

      </trkpt>
      <trkpt lat="44.754811" lon="5.370031">
        <ele>357.859247</ele>

      </trkpt>
      <trkpt lat="44.754738" lon="5.370156">
        <ele>357.941233</ele>

      </trkpt>
      <trkpt lat="44.754673" lon="5.370353">
        <ele>358.051276</ele>

      </trkpt>
      <trkpt lat="44.754629" lon="5.370450">
        <ele>358.109584</ele>

      </trkpt>
      <trkpt lat="44.754599" lon="5.370488">
        <ele>358.138369</ele>

      </trkpt>
      <trkpt lat="44.754583" lon="5.370506">
        <ele>358.152978</ele>

      </trkpt>
      <trkpt lat="44.754538" lon="5.370585">
        <ele>358.204282</ele>

      </trkpt>
      <trkpt lat="44.754533" lon="5.370597">
        <ele>358.211330</ele>

      </trkpt>
      <trkpt lat="44.754525" lon="5.370622">
        <ele>358.225222</ele>

      </trkpt>
      <trkpt lat="44.754496" lon="5.370692">
        <ele>358.266276</ele>

      </trkpt>
      <trkpt lat="44.754441" lon="5.370800">
        <ele>358.333601</ele>

      </trkpt>
      <trkpt lat="44.754379" lon="5.370950">
        <ele>358.421524</ele>

      </trkpt>
      <trkpt lat="44.754312" lon="5.371039">
        <ele>358.487229</ele>

      </trkpt>
      <trkpt lat="44.754275" lon="5.371064">
        <ele>358.516505</ele>

      </trkpt>
      <trkpt lat="44.754267" lon="5.371069">
        <ele>358.522748</ele>

      </trkpt>
      <trkpt lat="44.754254" lon="5.371080">
        <ele>358.533568</ele>

      </trkpt>
      <trkpt lat="44.754200" lon="5.371124">
        <ele>358.578074</ele>

      </trkpt>
      <trkpt lat="44.754110" lon="5.371198">
        <ele>358.652420</ele>

      </trkpt>
      <trkpt lat="44.754059" lon="5.371258">
        <ele>358.699828</ele>

      </trkpt>
      <trkpt lat="44.754043" lon="5.371278">
        <ele>358.715090</ele>

      </trkpt>
      <trkpt lat="44.754020" lon="5.371311">
        <ele>358.738514</ele>

      </trkpt>
      <trkpt lat="44.753983" lon="5.371407">
        <ele>358.793847</ele>

      </trkpt>
      <trkpt lat="44.753973" lon="5.371442">
        <ele>358.812959</ele>

      </trkpt>
      <trkpt lat="44.753961" lon="5.371472">
        <ele>358.830402</ele>

      </trkpt>
      <trkpt lat="44.753950" lon="5.371530">
        <ele>358.860814</ele>

      </trkpt>
      <trkpt lat="44.753945" lon="5.371557">
        <ele>358.874949</ele>

      </trkpt>
      <trkpt lat="44.753855" lon="5.371756">
        <ele>358.994469</ele>

      </trkpt>
      <trkpt lat="44.753817" lon="5.371844">
        <ele>359.046644</ele>

      </trkpt>
      <trkpt lat="44.753877" lon="5.371856">
        <ele>359.053556</ele>

      </trkpt>
      <trkpt lat="44.753795" lon="5.371981">
        <ele>358.967580</ele>

      </trkpt>
      <trkpt lat="44.753657" lon="5.372111">
        <ele>358.849456</ele>

      </trkpt>
      <trkpt lat="44.753644" lon="5.372122">
        <ele>358.838666</ele>

      </trkpt>
      <trkpt lat="44.753624" lon="5.372287">
        <ele>358.754097</ele>

      </trkpt>
      <trkpt lat="44.753616" lon="5.372499">
        <ele>358.646837</ele>

      </trkpt>
      <trkpt lat="44.753618" lon="5.372542">
        <ele>358.625065</ele>

      </trkpt>
      <trkpt lat="44.753598" lon="5.372654">
        <ele>358.566718</ele>

      </trkpt>
      <trkpt lat="44.753543" lon="5.372810">
        <ele>358.478722</ele>

      </trkpt>
      <trkpt lat="44.753497" lon="5.372893">
        <ele>358.425529</ele>

      </trkpt>
      <trkpt lat="44.753407" lon="5.372986">
        <ele>358.346108</ele>

      </trkpt>
      <trkpt lat="44.753387" lon="5.373118">
        <ele>358.277916</ele>

      </trkpt>
      <trkpt lat="44.753387" lon="5.373136">
        <ele>358.268822</ele>

      </trkpt>
      <trkpt lat="44.753383" lon="5.373176">
        <ele>358.248413</ele>

      </trkpt>
      <trkpt lat="44.753388" lon="5.373230">
        <ele>358.220899</ele>

      </trkpt>
      <trkpt lat="44.753388" lon="5.373238">
        <ele>358.216858</ele>

      </trkpt>
      <trkpt lat="44.753388" lon="5.373256">
        <ele>358.207763</ele>

      </trkpt>
      <trkpt lat="44.753389" lon="5.373263">
        <ele>358.204156</ele>

      </trkpt>
      <trkpt lat="44.753418" lon="5.373346">
        <ele>358.157421</ele>

      </trkpt>
      <trkpt lat="44.753413" lon="5.373453">
        <ele>358.103244</ele>

      </trkpt>
      <trkpt lat="44.753413" lon="5.373458">
        <ele>358.100718</ele>

      </trkpt>
      <trkpt lat="44.753413" lon="5.373463">
        <ele>358.098191</ele>

      </trkpt>
      <trkpt lat="44.753406" lon="5.373470">
        <ele>358.092083</ele>

      </trkpt>
      <trkpt lat="44.753403" lon="5.373485">
        <ele>358.084210</ele>

      </trkpt>
      <trkpt lat="44.753370" lon="5.373579">
        <ele>358.031231</ele>

      </trkpt>
      <trkpt lat="44.753357" lon="5.373636">
        <ele>358.000984</ele>

      </trkpt>
      <trkpt lat="44.753364" lon="5.373706">
        <ele>357.965269</ele>

      </trkpt>
      <trkpt lat="44.753403" lon="5.373765">
        <ele>357.924545</ele>

      </trkpt>
      <trkpt lat="44.753419" lon="5.373788">
        <ele>357.908278</ele>

      </trkpt>
      <trkpt lat="44.753427" lon="5.373796">
        <ele>357.901297</ele>

      </trkpt>
      <trkpt lat="44.753447" lon="5.373814">
        <ele>357.884410</ele>

      </trkpt>
      <trkpt lat="44.753552" lon="5.373899">
        <ele>357.798243</ele>

      </trkpt>
      <trkpt lat="44.753605" lon="5.373937">
        <ele>358.260890</ele>

      </trkpt>
      <trkpt lat="44.753666" lon="5.373973">
        <ele>358.871854</ele>

      </trkpt>
      <trkpt lat="44.753690" lon="5.373981">
        <ele>359.099677</ele>

      </trkpt>
      <trkpt lat="44.753700" lon="5.373981">
        <ele>359.192051</ele>

      </trkpt>
      <trkpt lat="44.753793" lon="5.374013">
        <ele>360.076399</ele>

      </trkpt>
      <trkpt lat="44.753816" lon="5.374092">
        <ele>360.636485</ele>

      </trkpt>
      <trkpt lat="44.753840" lon="5.374132">
        <ele>360.979995</ele>

      </trkpt>
      <trkpt lat="44.753860" lon="5.374143">
        <ele>361.178334</ele>

      </trkpt>
      <trkpt lat="44.753895" lon="5.374156">
        <ele>361.512699</ele>

      </trkpt>
      <trkpt lat="44.753916" lon="5.374170">
        <ele>361.727324</ele>

      </trkpt>
      <trkpt lat="44.753927" lon="5.374176">
        <ele>361.836292</ele>

      </trkpt>
      <trkpt lat="44.753973" lon="5.374185">
        <ele>362.265292</ele>

      </trkpt>
      <trkpt lat="44.753990" lon="5.374177">
        <ele>362.430864</ele>

      </trkpt>
      <trkpt lat="44.754033" lon="5.374169">
        <ele>362.831522</ele>

      </trkpt>
      <trkpt lat="44.754103" lon="5.374159">
        <ele>363.481456</ele>

      </trkpt>
      <trkpt lat="44.754108" lon="5.374158">
        <ele>363.528106</ele>

      </trkpt>
      <trkpt lat="44.754137" lon="5.374165">
        <ele>363.799897</ele>

      </trkpt>
      <trkpt lat="44.754151" lon="5.374173">
        <ele>363.939462</ele>

      </trkpt>
      <trkpt lat="44.754170" lon="5.374191">
        <ele>364.150993</ele>

      </trkpt>
      <trkpt lat="44.754189" lon="5.374209">
        <ele>364.362525</ele>

      </trkpt>
      <trkpt lat="44.754272" lon="5.374288">
        <ele>365.287934</ele>

      </trkpt>
      <trkpt lat="44.754334" lon="5.374369">
        <ele>366.069168</ele>

      </trkpt>
      <trkpt lat="44.754352" lon="5.374382">
        <ele>366.256033</ele>

      </trkpt>
      <trkpt lat="44.754383" lon="5.374398">
        <ele>366.561020</ele>

      </trkpt>
      <trkpt lat="44.754432" lon="5.374430">
        <ele>367.059956</ele>

      </trkpt>
      <trkpt lat="44.754441" lon="5.374433">
        <ele>367.145390</ele>

      </trkpt>
      <trkpt lat="44.754477" lon="5.374450">
        <ele>367.496134</ele>

      </trkpt>
      <trkpt lat="44.754493" lon="5.374450">
        <ele>367.643932</ele>

      </trkpt>
      <trkpt lat="44.754524" lon="5.374455">
        <ele>367.932162</ele>

      </trkpt>
      <trkpt lat="44.754566" lon="5.374461">
        <ele>368.322123</ele>

      </trkpt>
      <trkpt lat="44.754572" lon="5.374467">
        <ele>368.390100</ele>

      </trkpt>
      <trkpt lat="44.754605" lon="5.374490">
        <ele>368.730226</ele>

      </trkpt>
      <trkpt lat="44.754672" lon="5.374529">
        <ele>369.399920</ele>

      </trkpt>
      <trkpt lat="44.754688" lon="5.374541">
        <ele>369.567373</ele>

      </trkpt>
      <trkpt lat="44.754735" lon="5.374588">
        <ele>370.099861</ele>

      </trkpt>
      <trkpt lat="44.754774" lon="5.374622">
        <ele>370.523568</ele>

      </trkpt>
      <trkpt lat="44.754828" lon="5.374648">
        <ele>371.050737</ele>

      </trkpt>
      <trkpt lat="44.754837" lon="5.374655">
        <ele>371.145711</ele>

      </trkpt>
      <trkpt lat="44.754857" lon="5.374668">
        <ele>371.349189</ele>

      </trkpt>
      <trkpt lat="44.754902" lon="5.374710">
        <ele>371.847883</ele>

      </trkpt>
      <trkpt lat="44.754905" lon="5.374719">
        <ele>371.913100</ele>

      </trkpt>
      <trkpt lat="44.754917" lon="5.374769">
        <ele>372.259309</ele>

      </trkpt>
      <trkpt lat="44.754929" lon="5.374798">
        <ele>372.479480</ele>

      </trkpt>
      <trkpt lat="44.754971" lon="5.374935">
        <ele>373.458325</ele>

      </trkpt>
      <trkpt lat="44.755011" lon="5.374998">
        <ele>374.012680</ele>

      </trkpt>
      <trkpt lat="44.755030" lon="5.375027">
        <ele>374.271507</ele>

      </trkpt>
      <trkpt lat="44.755068" lon="5.375069">
        <ele>374.421518</ele>

      </trkpt>
      <trkpt lat="44.755136" lon="5.375119">
        <ele>374.455158</ele>

      </trkpt>
      <trkpt lat="44.755149" lon="5.375128">
        <ele>374.461510</ele>

      </trkpt>
      <trkpt lat="44.755229" lon="5.375193">
        <ele>374.502012</ele>

      </trkpt>
      <trkpt lat="44.755281" lon="5.375289">
        <ele>374.539611</ele>

      </trkpt>
      <trkpt lat="44.755311" lon="5.375352">
        <ele>374.563232</ele>

      </trkpt>
      <trkpt lat="44.755339" lon="5.375408">
        <ele>374.584559</ele>

      </trkpt>
      <trkpt lat="44.755425" lon="5.375549">
        <ele>374.642439</ele>

      </trkpt>
      <trkpt lat="44.755530" lon="5.375631">
        <ele>374.695090</ele>

      </trkpt>
      <trkpt lat="44.755586" lon="5.375689">
        <ele>374.725574</ele>

      </trkpt>
      <trkpt lat="44.755638" lon="5.375758">
        <ele>374.756905</ele>

      </trkpt>
      <trkpt lat="44.755650" lon="5.375779">
        <ele>374.765299</ele>

      </trkpt>
      <trkpt lat="44.755662" lon="5.375880">
        <ele>374.797187</ele>

      </trkpt>
      <trkpt lat="44.755726" lon="5.375999">
        <ele>374.843672</ele>

      </trkpt>
      <trkpt lat="44.755787" lon="5.376075">
        <ele>374.879388</ele>

      </trkpt>
      <trkpt lat="44.755805" lon="5.376096">
        <ele>374.889638</ele>

      </trkpt>
      <trkpt lat="44.755885" lon="5.376156">
        <ele>374.929385</ele>

      </trkpt>
      <trkpt lat="44.755965" lon="5.376195">
        <ele>374.966509</ele>

      </trkpt>
      <trkpt lat="44.755978" lon="5.376202">
        <ele>374.972612</ele>

      </trkpt>
      <trkpt lat="44.756085" lon="5.376290">
        <ele>375.026949</ele>

      </trkpt>
      <trkpt lat="44.756145" lon="5.376339">
        <ele>375.057365</ele>

      </trkpt>
      <trkpt lat="44.756231" lon="5.376431">
        <ele>375.104725</ele>

      </trkpt>
      <trkpt lat="44.756233" lon="5.376515">
        <ele>375.130897</ele>

      </trkpt>
      <trkpt lat="44.756245" lon="5.376544">
        <ele>375.141349</ele>

      </trkpt>
      <trkpt lat="44.756265" lon="5.376599">
        <ele>375.160590</ele>

      </trkpt>
      <trkpt lat="44.756307" lon="5.376656">
        <ele>375.186169</ele>

      </trkpt>
      <trkpt lat="44.756317" lon="5.376678">
        <ele>375.194303</ele>

      </trkpt>
      <trkpt lat="44.756386" lon="5.376763">
        <ele>375.092676</ele>

      </trkpt>
      <trkpt lat="44.756397" lon="5.376772">
        <ele>375.077973</ele>

      </trkpt>
      <trkpt lat="44.756457" lon="5.376873">
        <ele>374.969897</ele>

      </trkpt>
      <trkpt lat="44.756491" lon="5.376979">
        <ele>374.874437</ele>

      </trkpt>
      <trkpt lat="44.756497" lon="5.376989">
        <ele>374.863692</ele>

      </trkpt>
      <trkpt lat="44.756605" lon="5.377084">
        <ele>374.716518</ele>

      </trkpt>
      <trkpt lat="44.756679" lon="5.377201">
        <ele>374.587927</ele>

      </trkpt>
      <trkpt lat="44.756749" lon="5.377273">
        <ele>374.487740</ele>

      </trkpt>
      <trkpt lat="44.756810" lon="5.377350">
        <ele>374.393061</ele>

      </trkpt>
      <trkpt lat="44.756883" lon="5.377477">
        <ele>374.258961</ele>

      </trkpt>
      <trkpt lat="44.756924" lon="5.377604">
        <ele>374.144463</ele>

      </trkpt>
      <trkpt lat="44.756967" lon="5.377767">
        <ele>374.001753</ele>

      </trkpt>
      <trkpt lat="44.757030" lon="5.377879">
        <ele>373.884487</ele>

      </trkpt>
      <trkpt lat="44.757120" lon="5.377943">
        <ele>373.767957</ele>

      </trkpt>
      <trkpt lat="44.757192" lon="5.378020">
        <ele>373.663466</ele>

      </trkpt>
      <trkpt lat="44.757264" lon="5.378105">
        <ele>373.554877</ele>

      </trkpt>
      <trkpt lat="44.757321" lon="5.378193">
        <ele>373.457121</ele>

      </trkpt>
      <trkpt lat="44.757401" lon="5.378302">
        <ele>373.328467</ele>

      </trkpt>
      <trkpt lat="44.757473" lon="5.378412">
        <ele>373.205686</ele>

      </trkpt>
      <trkpt lat="44.757489" lon="5.378449">
        <ele>373.170132</ele>

      </trkpt>
      <trkpt lat="44.757540" lon="5.378517">
        <ele>373.126456</ele>

      </trkpt>
      <trkpt lat="44.757614" lon="5.378621">
        <ele>373.169182</ele>

      </trkpt>
      <trkpt lat="44.757664" lon="5.378715">
        <ele>373.203266</ele>

      </trkpt>
      <trkpt lat="44.757669" lon="5.378728">
        <ele>373.207557</ele>

      </trkpt>
      <trkpt lat="44.757724" lon="5.378872">
        <ele>373.255008</ele>

      </trkpt>
      <trkpt lat="44.757787" lon="5.378994">
        <ele>373.298785</ele>

      </trkpt>
      <trkpt lat="44.757842" lon="5.379083">
        <ele>373.333024</ele>

      </trkpt>
      <trkpt lat="44.757860" lon="5.379103">
        <ele>373.342395</ele>

      </trkpt>
      <trkpt lat="44.757875" lon="5.379128">
        <ele>373.351893</ele>

      </trkpt>
      <trkpt lat="44.757934" lon="5.379233">
        <ele>373.390751</ele>

      </trkpt>
      <trkpt lat="44.757956" lon="5.379264">
        <ele>373.403470</ele>

      </trkpt>
      <trkpt lat="44.757995" lon="5.379315">
        <ele>373.425221</ele>

      </trkpt>
      <trkpt lat="44.758028" lon="5.379354">
        <ele>373.442827</ele>

      </trkpt>
      <trkpt lat="44.758062" lon="5.379389">
        <ele>373.460039</ele>

      </trkpt>
      <trkpt lat="44.758108" lon="5.379435">
        <ele>373.483096</ele>

      </trkpt>
      <trkpt lat="44.758151" lon="5.379468">
        <ele>373.503109</ele>

      </trkpt>
      <trkpt lat="44.758231" lon="5.379535">
        <ele>373.541149</ele>

      </trkpt>
      <trkpt lat="44.758308" lon="5.379621">
        <ele>373.581313</ele>

      </trkpt>
      <trkpt lat="44.758420" lon="5.379699">
        <ele>373.632377</ele>

      </trkpt>
      <trkpt lat="44.758432" lon="5.379706">
        <ele>373.637686</ele>

      </trkpt>
      <trkpt lat="44.758444" lon="5.379715">
        <ele>373.643242</ele>

      </trkpt>
      <trkpt lat="44.758455" lon="5.379725">
        <ele>373.648593</ele>

      </trkpt>
      <trkpt lat="44.758549" lon="5.379802">
        <ele>373.693036</ele>

      </trkpt>
      <trkpt lat="44.758566" lon="5.379825">
        <ele>373.702670</ele>

      </trkpt>
      <trkpt lat="44.758638" lon="5.379929">
        <ele>373.744821</ele>

      </trkpt>
      <trkpt lat="44.758693" lon="5.379997">
        <ele>373.774732</ele>

      </trkpt>
      <trkpt lat="44.758740" lon="5.380050">
        <ele>373.799340</ele>

      </trkpt>
      <trkpt lat="44.758824" lon="5.380206">
        <ele>373.849323</ele>

      </trkpt>
      <trkpt lat="44.758832" lon="5.380221">
        <ele>373.846338</ele>

      </trkpt>
      <trkpt lat="44.758872" lon="5.380282">
        <ele>373.833127</ele>

      </trkpt>
      <trkpt lat="44.758909" lon="5.380321">
        <ele>373.822772</ele>

      </trkpt>
      <trkpt lat="44.758985" lon="5.380465">
        <ele>373.794224</ele>

      </trkpt>
      <trkpt lat="44.759078" lon="5.380597">
        <ele>373.764638</ele>

      </trkpt>
      <trkpt lat="44.759182" lon="5.380743">
        <ele>373.731733</ele>

      </trkpt>
      <trkpt lat="44.759269" lon="5.380843">
        <ele>373.706570</ele>

      </trkpt>
      <trkpt lat="44.759311" lon="5.380902">
        <ele>373.693277</ele>

      </trkpt>
      <trkpt lat="44.759345" lon="5.380955">
        <ele>373.681913</ele>

      </trkpt>
      <trkpt lat="44.759394" lon="5.381034">
        <ele>373.665223</ele>

      </trkpt>
      <trkpt lat="44.759429" lon="5.381074">
        <ele>373.655123</ele>

      </trkpt>
      <trkpt lat="44.759510" lon="5.381183">
        <ele>373.630020</ele>

      </trkpt>
      <trkpt lat="44.759581" lon="5.381259">
        <ele>373.610036</ele>

      </trkpt>
      <trkpt lat="44.759589" lon="5.381264">
        <ele>373.608075</ele>

      </trkpt>
      <trkpt lat="44.759691" lon="5.381366">
        <ele>373.580044</ele>

      </trkpt>
      <trkpt lat="44.759710" lon="5.381381">
        <ele>373.575163</ele>

      </trkpt>
      <trkpt lat="44.759761" lon="5.381420">
        <ele>373.562159</ele>

      </trkpt>
      <trkpt lat="44.759797" lon="5.381453">
        <ele>373.552534</ele>

      </trkpt>
      <trkpt lat="44.759823" lon="5.381496">
        <ele>373.543548</ele>

      </trkpt>
      <trkpt lat="44.759856" lon="5.381546">
        <ele>373.532687</ele>

      </trkpt>
      <trkpt lat="44.759912" lon="5.381619">
        <ele>373.515589</ele>

      </trkpt>
      <trkpt lat="44.759954" lon="5.381679">
        <ele>373.502183</ele>

      </trkpt>
      <trkpt lat="44.759972" lon="5.381693">
        <ele>373.497576</ele>

      </trkpt>
      <trkpt lat="44.760031" lon="5.381763">
        <ele>373.480289</ele>

      </trkpt>
      <trkpt lat="44.760046" lon="5.381779">
        <ele>373.476073</ele>

      </trkpt>
      <trkpt lat="44.760107" lon="5.381893">
        <ele>373.453361</ele>

      </trkpt>
      <trkpt lat="44.760133" lon="5.381943">
        <ele>373.458521</ele>

      </trkpt>
      <trkpt lat="44.760203" lon="5.382045">
        <ele>373.500988</ele>

      </trkpt>
      <trkpt lat="44.760233" lon="5.382092">
        <ele>373.519908</ele>

      </trkpt>
      <trkpt lat="44.760255" lon="5.382128">
        <ele>373.534127</ele>

      </trkpt>
      <trkpt lat="44.760268" lon="5.382159">
        <ele>373.544905</ele>

      </trkpt>
      <trkpt lat="44.760294" lon="5.382200">
        <ele>373.561361</ele>

      </trkpt>
      <trkpt lat="44.760304" lon="5.382219">
        <ele>373.568441</ele>

      </trkpt>
      <trkpt lat="44.760326" lon="5.382252">
        <ele>373.581992</ele>

      </trkpt>
      <trkpt lat="44.760392" lon="5.382358">
        <ele>373.624198</ele>

      </trkpt>
      <trkpt lat="44.760403" lon="5.382374">
        <ele>373.630865</ele>

      </trkpt>
      <trkpt lat="44.760433" lon="5.382420">
        <ele>373.649563</ele>

      </trkpt>
      <trkpt lat="44.760472" lon="5.382496">
        <ele>373.677635</ele>

      </trkpt>
      <trkpt lat="44.760544" lon="5.382594">
        <ele>373.719851</ele>

      </trkpt>
      <trkpt lat="44.760585" lon="5.382660">
        <ele>373.746103</ele>

      </trkpt>
      <trkpt lat="44.760639" lon="5.382707">
        <ele>373.772867</ele>

      </trkpt>
      <trkpt lat="44.760663" lon="5.382739">
        <ele>373.786801</ele>

      </trkpt>
      <trkpt lat="44.760692" lon="5.382766">
        <ele>373.801458</ele>

      </trkpt>
      <trkpt lat="44.760737" lon="5.382816">
        <ele>373.825624</ele>

      </trkpt>
      <trkpt lat="44.760774" lon="5.382870">
        <ele>373.848090</ele>

      </trkpt>
      <trkpt lat="44.760779" lon="5.382877">
        <ele>373.851062</ele>

      </trkpt>
      <trkpt lat="44.760784" lon="5.382885">
        <ele>373.854253</ele>

      </trkpt>
      <trkpt lat="44.760802" lon="5.382918">
        <ele>373.866710</ele>

      </trkpt>
      <trkpt lat="44.760830" lon="5.382969">
        <ele>373.886009</ele>

      </trkpt>
      <trkpt lat="44.760883" lon="5.383022">
        <ele>373.913415</ele>

      </trkpt>
      <trkpt lat="44.760936" lon="5.383050">
        <ele>373.937281</ele>

      </trkpt>
      <trkpt lat="44.761008" lon="5.383078">
        <ele>373.968773</ele>

      </trkpt>
      <trkpt lat="44.761049" lon="5.383090">
        <ele>373.986428</ele>

      </trkpt>
      <trkpt lat="44.761095" lon="5.383107">
        <ele>374.006479</ele>

      </trkpt>
      <trkpt lat="44.761133" lon="5.383120">
        <ele>374.022966</ele>

      </trkpt>
      <trkpt lat="44.761265" lon="5.383131">
        <ele>374.078716</ele>

      </trkpt>
      <trkpt lat="44.761326" lon="5.383149">
        <ele>374.104992</ele>

      </trkpt>
      <trkpt lat="44.761372" lon="5.383168">
        <ele>374.125203</ele>

      </trkpt>
      <trkpt lat="44.761508" lon="5.383177">
        <ele>374.182606</ele>

      </trkpt>
      <trkpt lat="44.761609" lon="5.383204">
        <ele>374.259243</ele>

      </trkpt>
      <trkpt lat="44.761622" lon="5.383206">
        <ele>374.274466</ele>

      </trkpt>
      <trkpt lat="44.761697" lon="5.383235">
        <ele>374.364997</ele>

      </trkpt>
      <trkpt lat="44.761739" lon="5.383249">
        <ele>374.415236</ele>

      </trkpt>
      <trkpt lat="44.761770" lon="5.383267">
        <ele>374.454267</ele>

      </trkpt>
      <trkpt lat="44.761824" lon="5.383286">
        <ele>374.519056</ele>

      </trkpt>
      <trkpt lat="44.761950" lon="5.383323">
        <ele>374.668876</ele>

      </trkpt>
      <trkpt lat="44.762046" lon="5.383384">
        <ele>374.791468</ele>

      </trkpt>
      <trkpt lat="44.762151" lon="5.383429">
        <ele>374.919224</ele>

      </trkpt>
      <trkpt lat="44.762165" lon="5.383448">
        <ele>374.941855</ele>

      </trkpt>
      <trkpt lat="44.762175" lon="5.383468">
        <ele>374.962072</ele>

      </trkpt>
      <trkpt lat="44.762215" lon="5.383539">
        <ele>375.036981</ele>

      </trkpt>
      <trkpt lat="44.762288" lon="5.383683">
        <ele>375.183216</ele>

      </trkpt>
      <trkpt lat="44.762303" lon="5.383722">
        <ele>375.219875</ele>

      </trkpt>
      <trkpt lat="44.762314" lon="5.383751">
        <ele>375.247049</ele>

      </trkpt>
      <trkpt lat="44.762364" lon="5.383816">
        <ele>375.326253</ele>

      </trkpt>
      <trkpt lat="44.762446" lon="5.383985">
        <ele>375.495428</ele>

      </trkpt>
      <trkpt lat="44.762513" lon="5.384102">
        <ele>375.619658</ele>

      </trkpt>
      <trkpt lat="44.762598" lon="5.384211">
        <ele>375.753468</ele>

      </trkpt>
      <trkpt lat="44.762688" lon="5.384339">
        <ele>375.902352</ele>

      </trkpt>
      <trkpt lat="44.762773" lon="5.384457">
        <ele>376.041278</ele>

      </trkpt>
      <trkpt lat="44.762849" lon="5.384603">
        <ele>376.190899</ele>

      </trkpt>
      <trkpt lat="44.762865" lon="5.384647">
        <ele>376.231756</ele>

      </trkpt>
      <trkpt lat="44.762883" lon="5.384724">
        <ele>376.298756</ele>

      </trkpt>
      <trkpt lat="44.762889" lon="5.384736">
        <ele>376.322943</ele>

      </trkpt>
      <trkpt lat="44.762938" lon="5.384838">
        <ele>376.545077</ele>

      </trkpt>
      <trkpt lat="44.762958" lon="5.384880">
        <ele>376.636294</ele>

      </trkpt>
      <trkpt lat="44.762986" lon="5.384932">
        <ele>376.754009</ele>

      </trkpt>
      <trkpt lat="44.763004" lon="5.385009">
        <ele>376.900229</ele>

      </trkpt>
      <trkpt lat="44.763055" lon="5.385122">
        <ele>377.141742</ele>

      </trkpt>
      <trkpt lat="44.763125" lon="5.385207">
        <ele>377.376536</ele>

      </trkpt>
      <trkpt lat="44.763145" lon="5.385232">
        <ele>377.444468</ele>

      </trkpt>
      <trkpt lat="44.763218" lon="5.385305">
        <ele>377.671905</ele>

      </trkpt>
      <trkpt lat="44.763271" lon="5.385323">
        <ele>377.810404</ele>

      </trkpt>
      <trkpt lat="44.763320" lon="5.385340">
        <ele>377.938603</ele>

      </trkpt>
      <trkpt lat="44.763408" lon="5.385400">
        <ele>378.186973</ele>

      </trkpt>
      <trkpt lat="44.763486" lon="5.385433">
        <ele>378.393869</ele>

      </trkpt>
      <trkpt lat="44.763571" lon="5.385445">
        <ele>378.610882</ele>

      </trkpt>
      <trkpt lat="44.763664" lon="5.385477">
        <ele>378.854085</ele>

      </trkpt>
      <trkpt lat="44.763778" lon="5.385511">
        <ele>379.150109</ele>

      </trkpt>
      <trkpt lat="44.763907" lon="5.385561">
        <ele>379.489999</ele>

      </trkpt>
      <trkpt lat="44.763992" lon="5.385627">
        <ele>379.736571</ele>

      </trkpt>
      <trkpt lat="44.764072" lon="5.385669">
        <ele>379.953460</ele>

      </trkpt>
      <trkpt lat="44.764135" lon="5.385697">
        <ele>380.121283</ele>

      </trkpt>
      <trkpt lat="44.764164" lon="5.385704">
        <ele>380.196028</ele>

      </trkpt>
      <trkpt lat="44.764220" lon="5.385716">
        <ele>380.339925</ele>

      </trkpt>
      <trkpt lat="44.764304" lon="5.385756">
        <ele>380.565183</ele>

      </trkpt>
      <trkpt lat="44.764314" lon="5.385761">
        <ele>380.592140</ele>

      </trkpt>
      <trkpt lat="44.764416" lon="5.385802">
        <ele>380.861603</ele>

      </trkpt>
      <trkpt lat="44.764517" lon="5.385843">
        <ele>381.276837</ele>

      </trkpt>
      <trkpt lat="44.764577" lon="5.385907">
        <ele>381.577569</ele>

      </trkpt>
      <trkpt lat="44.764617" lon="5.385929">
        <ele>381.749149</ele>

      </trkpt>
      <trkpt lat="44.764682" lon="5.385978">
        <ele>382.043728</ele>

      </trkpt>
      <trkpt lat="44.764714" lon="5.386009">
        <ele>382.198914</ele>

      </trkpt>
      <trkpt lat="44.764771" lon="5.386093">
        <ele>382.528548</ele>

      </trkpt>
      <trkpt lat="44.764825" lon="5.386175">
        <ele>382.845834</ele>

      </trkpt>
      <trkpt lat="44.764853" lon="5.386269">
        <ele>383.135022</ele>

      </trkpt>
      <trkpt lat="44.764894" lon="5.386428">
        <ele>383.614920</ele>

      </trkpt>
      <trkpt lat="44.764898" lon="5.386466">
        <ele>383.723902</ele>

      </trkpt>
      <trkpt lat="44.764911" lon="5.386587">
        <ele>384.071077</ele>

      </trkpt>
      <trkpt lat="44.764956" lon="5.386713">
        <ele>384.471203</ele>

      </trkpt>
      <trkpt lat="44.764961" lon="5.386728">
        <ele>384.518213</ele>

      </trkpt>
      <trkpt lat="44.764990" lon="5.386833">
        <ele>384.837833</ele>

      </trkpt>
      <trkpt lat="44.765015" lon="5.386916">
        <ele>385.093609</ele>

      </trkpt>
      <trkpt lat="44.765034" lon="5.386974">
        <ele>385.274820</ele>

      </trkpt>
      <trkpt lat="44.765086" lon="5.387121">
        <ele>385.740739</ele>

      </trkpt>
      <trkpt lat="44.765102" lon="5.387240">
        <ele>386.084331</ele>

      </trkpt>
      <trkpt lat="44.765102" lon="5.387262">
        <ele>386.146743</ele>

      </trkpt>
      <trkpt lat="44.765120" lon="5.387329">
        <ele>386.349968</ele>

      </trkpt>
      <trkpt lat="44.765146" lon="5.387389">
        <ele>386.549381</ele>

      </trkpt>
      <trkpt lat="44.765151" lon="5.387405">
        <ele>386.598973</ele>

      </trkpt>
      <trkpt lat="44.765191" lon="5.387507">
        <ele>386.929543</ele>

      </trkpt>
      <trkpt lat="44.765230" lon="5.387624">
        <ele>387.296220</ele>

      </trkpt>
      <trkpt lat="44.765237" lon="5.387630">
        <ele>387.328962</ele>

      </trkpt>
      <trkpt lat="44.765303" lon="5.387711">
        <ele>387.678744</ele>

      </trkpt>
      <trkpt lat="44.765368" lon="5.387805">
        <ele>388.050987</ele>

      </trkpt>
      <trkpt lat="44.765432" lon="5.387879">
        <ele>388.306751</ele>

      </trkpt>
      <trkpt lat="44.765462" lon="5.387915">
        <ele>388.427864</ele>

      </trkpt>
      <trkpt lat="44.765511" lon="5.387962">
        <ele>388.610044</ele>

      </trkpt>
      <trkpt lat="44.765596" lon="5.388023">
        <ele>388.903202</ele>

      </trkpt>
      <trkpt lat="44.765689" lon="5.388140">
        <ele>389.286400</ele>

      </trkpt>
      <trkpt lat="44.765730" lon="5.388191">
        <ele>389.454495</ele>

      </trkpt>
      <trkpt lat="44.765760" lon="5.388223">
        <ele>389.570139</ele>

      </trkpt>
      <trkpt lat="44.765851" lon="5.388330">
        <ele>389.934421</ele>

      </trkpt>
      <trkpt lat="44.765909" lon="5.388415">
        <ele>390.191639</ele>

      </trkpt>
      <trkpt lat="44.765912" lon="5.388424">
        <ele>390.213331</ele>

      </trkpt>
      <trkpt lat="44.765919" lon="5.388559">
        <ele>390.508660</ele>

      </trkpt>
      <trkpt lat="44.765940" lon="5.388717">
        <ele>390.859374</ele>

      </trkpt>
      <trkpt lat="44.765948" lon="5.388744">
        <ele>390.923207</ele>

      </trkpt>
      <trkpt lat="44.765962" lon="5.388889">
        <ele>391.242481</ele>

      </trkpt>
      <trkpt lat="44.765973" lon="5.389024">
        <ele>391.538958</ele>

      </trkpt>
      <trkpt lat="44.766024" lon="5.389209">
        <ele>391.971951</ele>

      </trkpt>
      <trkpt lat="44.766037" lon="5.389242">
        <ele>392.054290</ele>

      </trkpt>
      <trkpt lat="44.766069" lon="5.389342">
        <ele>392.293608</ele>

      </trkpt>
      <trkpt lat="44.766107" lon="5.389469">
        <ele>392.594298</ele>

      </trkpt>
      <trkpt lat="44.766136" lon="5.389617">
        <ele>392.929276</ele>

      </trkpt>
      <trkpt lat="44.766141" lon="5.389633">
        <ele>392.967417</ele>

      </trkpt>
      <trkpt lat="44.766166" lon="5.389735">
        <ele>393.202848</ele>

      </trkpt>
      <trkpt lat="44.766213" lon="5.389853">
        <ele>393.498046</ele>

      </trkpt>
      <trkpt lat="44.766269" lon="5.389967">
        <ele>393.869774</ele>

      </trkpt>
      <trkpt lat="44.766272" lon="5.389983">
        <ele>393.917427</ele>

      </trkpt>
      <trkpt lat="44.766282" lon="5.390071">
        <ele>394.174056</ele>

      </trkpt>
      <trkpt lat="44.766323" lon="5.390190">
        <ele>394.554944</ele>

      </trkpt>
      <trkpt lat="44.766382" lon="5.390274">
        <ele>394.895195</ele>

      </trkpt>
      <trkpt lat="44.766388" lon="5.390286">
        <ele>394.937459</ele>

      </trkpt>
      <trkpt lat="44.766424" lon="5.390356">
        <ele>395.186356</ele>

      </trkpt>
      <trkpt lat="44.766445" lon="5.390402">
        <ele>395.343837</ele>

      </trkpt>
      <trkpt lat="44.766456" lon="5.390426">
        <ele>395.426096</ele>

      </trkpt>
      <trkpt lat="44.766450" lon="5.390435">
        <ele>395.461647</ele>

      </trkpt>
      <trkpt lat="44.766450" lon="5.390439">
        <ele>395.473165</ele>

      </trkpt>
      <trkpt lat="44.766447" lon="5.390448">
        <ele>395.501796</ele>

      </trkpt>
      <trkpt lat="44.766443" lon="5.390473">
        <ele>395.575591</ele>

      </trkpt>
      <trkpt lat="44.766435" lon="5.390470">
        <ele>395.609168</ele>

      </trkpt>
      <trkpt lat="44.766425" lon="5.390472">
        <ele>395.650133</ele>

      </trkpt>
      <trkpt lat="44.766437" lon="5.390469">
        <ele>395.699564</ele>

      </trkpt>
      <trkpt lat="44.766445" lon="5.390462">
        <ele>395.737762</ele>

      </trkpt>
      <trkpt lat="44.766435" lon="5.390448">
        <ele>395.794948</ele>

      </trkpt>
      <trkpt lat="44.766443" lon="5.390440">
        <ele>395.834741</ele>

      </trkpt>
      <trkpt lat="44.766445" lon="5.390446">
        <ele>395.853828</ele>

      </trkpt>
      <trkpt lat="44.766449" lon="5.390445">
        <ele>395.870305</ele>

      </trkpt>
      <trkpt lat="44.766456" lon="5.390448">
        <ele>395.899981</ele>

      </trkpt>
      <trkpt lat="44.766454" lon="5.390447">
        <ele>395.908588</ele>

      </trkpt>
      <trkpt lat="44.766451" lon="5.390445">
        <ele>395.922050</ele>

      </trkpt>
      <trkpt lat="44.766446" lon="5.390445">
        <ele>395.942329</ele>

      </trkpt>
      <trkpt lat="44.766438" lon="5.390441">
        <ele>395.976760</ele>

      </trkpt>
      <trkpt lat="44.766463" lon="5.390452">
        <ele>396.082988</ele>

      </trkpt>
      <trkpt lat="44.766477" lon="5.390436">
        <ele>396.156111</ele>

      </trkpt>
      <trkpt lat="44.766459" lon="5.390463">
        <ele>396.262763</ele>

      </trkpt>
      <trkpt lat="44.766457" lon="5.390450">
        <ele>396.301066</ele>

      </trkpt>
      <trkpt lat="44.766439" lon="5.390465">
        <ele>396.385892</ele>

      </trkpt>
      <trkpt lat="44.766431" lon="5.390465">
        <ele>396.418339</ele>

      </trkpt>
      <trkpt lat="44.766449" lon="5.390486">
        <ele>396.513136</ele>

      </trkpt>
      <trkpt lat="44.766465" lon="5.390469">
        <ele>396.594423</ele>

      </trkpt>
      <trkpt lat="44.766450" lon="5.390452">
        <ele>396.672510</ele>

      </trkpt>
      <trkpt lat="44.766434" lon="5.390445">
        <ele>396.740462</ele>

      </trkpt>
      <trkpt lat="44.766448" lon="5.390440">
        <ele>396.799041</ele>

      </trkpt>
      <trkpt lat="44.766459" lon="5.390461">
        <ele>396.874189</ele>

      </trkpt>
      <trkpt lat="44.766494" lon="5.390560">
        <ele>397.192655</ele>

      </trkpt>
      <trkpt lat="44.766507" lon="5.390594">
        <ele>397.303856</ele>

      </trkpt>
      <trkpt lat="44.766530" lon="5.390670">
        <ele>397.541756</ele>

      </trkpt>
      <trkpt lat="44.766543" lon="5.390719">
        <ele>397.692385</ele>

      </trkpt>
      <trkpt lat="44.766554" lon="5.390747">
        <ele>397.784533</ele>

      </trkpt>
      <trkpt lat="44.766573" lon="5.390805">
        <ele>397.968469</ele>

      </trkpt>
      <trkpt lat="44.766585" lon="5.390847">
        <ele>398.098837</ele>

      </trkpt>
      <trkpt lat="44.766590" lon="5.390863">
        <ele>398.149176</ele>

      </trkpt>
      <trkpt lat="44.766603" lon="5.390894">
        <ele>398.252851</ele>

      </trkpt>
      <trkpt lat="44.766666" lon="5.390958">
        <ele>398.567896</ele>

      </trkpt>
      <trkpt lat="44.766706" lon="5.390979">
        <ele>398.741034</ele>

      </trkpt>
      <trkpt lat="44.766749" lon="5.390993">
        <ele>398.920034</ele>

      </trkpt>
      <trkpt lat="44.766782" lon="5.390992">
        <ele>399.053908</ele>

      </trkpt>
      <trkpt lat="44.766854" lon="5.390964">
        <ele>399.356855</ele>

      </trkpt>
      <trkpt lat="44.766890" lon="5.390940">
        <ele>399.518395</ele>

      </trkpt>
      <trkpt lat="44.766933" lon="5.390937">
        <ele>399.693010</ele>

      </trkpt>
      <trkpt lat="44.767003" lon="5.390962">
        <ele>399.985904</ele>

      </trkpt>
      <trkpt lat="44.767048" lon="5.390962">
        <ele>400.168417</ele>

      </trkpt>
      <trkpt lat="44.767102" lon="5.390971">
        <ele>400.388960</ele>

      </trkpt>
      <trkpt lat="44.767137" lon="5.391022">
        <ele>400.593210</ele>

      </trkpt>
      <trkpt lat="44.767143" lon="5.391045">
        <ele>400.663769</ele>

      </trkpt>
      <trkpt lat="44.767154" lon="5.391079">
        <ele>400.771360</ele>

      </trkpt>
      <trkpt lat="44.767159" lon="5.391097">
        <ele>400.827018</ele>

      </trkpt>
      <trkpt lat="44.767157" lon="5.391146">
        <ele>400.969120</ele>

      </trkpt>
      <trkpt lat="44.767100" lon="5.391257">
        <ele>401.366995</ele>

      </trkpt>
      <trkpt lat="44.767093" lon="5.391273">
        <ele>401.421580</ele>

      </trkpt>
      <trkpt lat="44.767035" lon="5.391388">
        <ele>401.831282</ele>

      </trkpt>
      <trkpt lat="44.767007" lon="5.391532">
        <ele>402.264916</ele>

      </trkpt>
      <trkpt lat="44.766991" lon="5.391678">
        <ele>402.693979</ele>

      </trkpt>
      <trkpt lat="44.766990" lon="5.391766">
        <ele>402.949598</ele>

      </trkpt>
      <trkpt lat="44.766992" lon="5.391788">
        <ele>403.014017</ele>

      </trkpt>
      <trkpt lat="44.767028" lon="5.391902">
        <ele>403.376392</ele>

      </trkpt>
      <trkpt lat="44.767046" lon="5.391976">
        <ele>403.603581</ele>

      </trkpt>
      <trkpt lat="44.767054" lon="5.392046">
        <ele>403.809506</ele>

      </trkpt>
      <trkpt lat="44.767076" lon="5.392195">
        <ele>404.251519</ele>

      </trkpt>
      <trkpt lat="44.767124" lon="5.392340">
        <ele>404.716184</ele>

      </trkpt>
      <trkpt lat="44.767129" lon="5.392351">
        <ele>404.754119</ele>

      </trkpt>
      <trkpt lat="44.767177" lon="5.392458">
        <ele>405.121725</ele>

      </trkpt>
      <trkpt lat="44.767181" lon="5.392474">
        <ele>405.170992</ele>

      </trkpt>
      <trkpt lat="44.767220" lon="5.392556">
        <ele>405.457652</ele>

      </trkpt>
      <trkpt lat="44.767269" lon="5.392662">
        <ele>405.825022</ele>

      </trkpt>
      <trkpt lat="44.767274" lon="5.392677">
        <ele>405.873150</ele>

      </trkpt>
      <trkpt lat="44.767344" lon="5.392825">
        <ele>406.389648</ele>

      </trkpt>
      <trkpt lat="44.767382" lon="5.392959">
        <ele>406.808732</ele>

      </trkpt>
      <trkpt lat="44.767389" lon="5.392978">
        <ele>406.870903</ele>

      </trkpt>
      <trkpt lat="44.767411" lon="5.393029">
        <ele>407.044224</ele>

      </trkpt>
      <trkpt lat="44.767436" lon="5.393106">
        <ele>407.290135</ele>

      </trkpt>
      <trkpt lat="44.767454" lon="5.393171">
        <ele>407.492772</ele>

      </trkpt>
      <trkpt lat="44.767510" lon="5.393275">
        <ele>407.871873</ele>

      </trkpt>
      <trkpt lat="44.767590" lon="5.393363">
        <ele>408.259123</ele>

      </trkpt>
      <trkpt lat="44.767610" lon="5.393386">
        <ele>408.305908</ele>

      </trkpt>
      <trkpt lat="44.767693" lon="5.393497">
        <ele>408.513296</ele>

      </trkpt>
      <trkpt lat="44.767761" lon="5.393581">
        <ele>408.677186</ele>

      </trkpt>
      <trkpt lat="44.767842" lon="5.393685">
        <ele>408.875787</ele>

      </trkpt>
      <trkpt lat="44.767897" lon="5.393824">
        <ele>409.080501</ele>

      </trkpt>
      <trkpt lat="44.767924" lon="5.393972">
        <ele>409.277082</ele>

      </trkpt>
      <trkpt lat="44.767967" lon="5.394135">
        <ele>409.500783</ele>

      </trkpt>
      <trkpt lat="44.768003" lon="5.394212">
        <ele>409.619389</ele>

      </trkpt>
      <trkpt lat="44.768035" lon="5.394273">
        <ele>409.716961</ele>

      </trkpt>
      <trkpt lat="44.768080" lon="5.394432">
        <ele>409.937161</ele>

      </trkpt>
      <trkpt lat="44.768089" lon="5.394458">
        <ele>409.974373</ele>

      </trkpt>
      <trkpt lat="44.768143" lon="5.394624">
        <ele>410.209274</ele>

      </trkpt>
      <trkpt lat="44.768190" lon="5.394733">
        <ele>410.373333</ele>

      </trkpt>
      <trkpt lat="44.768261" lon="5.394817">
        <ele>410.541347</ele>

      </trkpt>
      <trkpt lat="44.768344" lon="5.394905">
        <ele>410.729589</ele>

      </trkpt>
      <trkpt lat="44.768429" lon="5.394986">
        <ele>410.915546</ele>

      </trkpt>
      <trkpt lat="44.768454" lon="5.395032">
        <ele>410.990071</ele>

      </trkpt>
      <trkpt lat="44.768484" lon="5.395069">
        <ele>411.062325</ele>

      </trkpt>
      <trkpt lat="44.768531" lon="5.395117">
        <ele>411.167520</ele>

      </trkpt>
      <trkpt lat="44.768555" lon="5.395133">
        <ele>411.215633</ele>

      </trkpt>
      <trkpt lat="44.768598" lon="5.395152">
        <ele>411.297293</ele>

      </trkpt>
      <trkpt lat="44.768611" lon="5.395160">
        <ele>411.322999</ele>

      </trkpt>
      <trkpt lat="44.768685" lon="5.395196">
        <ele>411.464859</ele>

      </trkpt>
      <trkpt lat="44.768733" lon="5.395209">
        <ele>411.543062</ele>

      </trkpt>
      <trkpt lat="44.768809" lon="5.395254">
        <ele>411.665478</ele>

      </trkpt>
      <trkpt lat="44.768834" lon="5.395272">
        <ele>411.707169</ele>

      </trkpt>
      <trkpt lat="44.768881" lon="5.395302">
        <ele>411.783789</ele>

      </trkpt>
      <trkpt lat="44.768970" lon="5.395377">
        <ele>411.937788</ele>

      </trkpt>
      <trkpt lat="44.769055" lon="5.395475">
        <ele>412.100892</ele>

      </trkpt>
      <trkpt lat="44.769133" lon="5.395584">
        <ele>412.264042</ele>

      </trkpt>
      <trkpt lat="44.769146" lon="5.395613">
        <ele>412.300197</ele>

      </trkpt>
      <trkpt lat="44.769156" lon="5.395628">
        <ele>412.321889</ele>

      </trkpt>
      <trkpt lat="44.769171" lon="5.395660">
        <ele>412.362313</ele>

      </trkpt>
      <trkpt lat="44.769246" lon="5.395830">
        <ele>412.573308</ele>

      </trkpt>
      <trkpt lat="44.769294" lon="5.395933">
        <ele>412.703191</ele>

      </trkpt>
      <trkpt lat="44.769314" lon="5.396079">
        <ele>412.859941</ele>

      </trkpt>
      <trkpt lat="44.769337" lon="5.396133">
        <ele>412.926325</ele>

      </trkpt>
      <trkpt lat="44.769371" lon="5.396206">
        <ele>413.018363</ele>

      </trkpt>
      <trkpt lat="44.769395" lon="5.396297">
        <ele>413.120699</ele>

      </trkpt>
      <trkpt lat="44.769422" lon="5.396423">
        <ele>413.259444</ele>

      </trkpt>
      <trkpt lat="44.769431" lon="5.396453">
        <ele>413.293777</ele>

      </trkpt>
      <trkpt lat="44.769472" lon="5.396556">
        <ele>413.418260</ele>

      </trkpt>
      <trkpt lat="44.769491" lon="5.396662">
        <ele>413.533510</ele>

      </trkpt>
      <trkpt lat="44.769511" lon="5.396790">
        <ele>413.671674</ele>

      </trkpt>
      <trkpt lat="44.769569" lon="5.396935">
        <ele>413.847122</ele>

      </trkpt>
      <trkpt lat="44.769575" lon="5.396948">
        <ele>413.863468</ele>

      </trkpt>
      <trkpt lat="44.769597" lon="5.396992">
        <ele>413.920200</ele>

      </trkpt>
      <trkpt lat="44.769623" lon="5.397083">
        <ele>414.023608</ele>

      </trkpt>
      <trkpt lat="44.769632" lon="5.397215">
        <ele>414.163399</ele>

      </trkpt>
      <trkpt lat="44.769630" lon="5.397403">
        <ele>414.234759</ele>

      </trkpt>
      <trkpt lat="44.769663" lon="5.397546">
        <ele>414.290075</ele>

      </trkpt>
      <trkpt lat="44.769673" lon="5.397560">
        <ele>414.297381</ele>

      </trkpt>
      <trkpt lat="44.769737" lon="5.397645">
        <ele>414.342962</ele>

      </trkpt>
      <trkpt lat="44.769748" lon="5.397663">
        <ele>414.351699</ele>

      </trkpt>
      <trkpt lat="44.769782" lon="5.397765">
        <ele>414.393153</ele>

      </trkpt>
      <trkpt lat="44.769856" lon="5.397915">
        <ele>414.460350</ele>

      </trkpt>
      <trkpt lat="44.769917" lon="5.398018">
        <ele>414.509695</ele>

      </trkpt>
      <trkpt lat="44.770008" lon="5.398124">
        <ele>414.570885</ele>

      </trkpt>
      <trkpt lat="44.770045" lon="5.398201">
        <ele>414.605090</ele>

      </trkpt>
      <trkpt lat="44.770059" lon="5.398222">
        <ele>414.615688</ele>

      </trkpt>
      <trkpt lat="44.770132" lon="5.398322">
        <ele>414.668454</ele>

      </trkpt>
      <trkpt lat="44.770206" lon="5.398419">
        <ele>414.720834</ele>

      </trkpt>
      <trkpt lat="44.770273" lon="5.398484">
        <ele>414.762991</ele>

      </trkpt>
      <trkpt lat="44.770388" lon="5.398542">
        <ele>414.826286</ele>

      </trkpt>
      <trkpt lat="44.770467" lon="5.398594">
        <ele>414.871472</ele>

      </trkpt>
      <trkpt lat="44.770553" lon="5.398645">
        <ele>414.919824</ele>

      </trkpt>
      <trkpt lat="44.770630" lon="5.398684">
        <ele>414.962225</ele>

      </trkpt>
      <trkpt lat="44.770735" lon="5.398738">
        <ele>415.020147</ele>

      </trkpt>
      <trkpt lat="44.770792" lon="5.398757">
        <ele>415.050500</ele>

      </trkpt>
      <trkpt lat="44.770833" lon="5.398766">
        <ele>415.072001</ele>

      </trkpt>
      <trkpt lat="44.770912" lon="5.398765">
        <ele>415.126837</ele>

      </trkpt>
      <trkpt lat="44.770930" lon="5.398785">
        <ele>415.150385</ele>

      </trkpt>
      <trkpt lat="44.770986" lon="5.398815">
        <ele>415.211924</ele>

      </trkpt>
      <trkpt lat="44.771035" lon="5.398832">
        <ele>415.263758</ele>

      </trkpt>
      <trkpt lat="44.771072" lon="5.398864">
        <ele>415.308353</ele>

      </trkpt>
      <trkpt lat="44.771100" lon="5.398893">
        <ele>415.344051</ele>

      </trkpt>
      <trkpt lat="44.771146" lon="5.398953">
        <ele>415.408444</ele>

      </trkpt>
      <trkpt lat="44.771154" lon="5.398969">
        <ele>415.422714</ele>

      </trkpt>
      <trkpt lat="44.771226" lon="5.399076">
        <ele>415.530216</ele>

      </trkpt>
      <trkpt lat="44.771239" lon="5.399096">
        <ele>415.549990</ele>

      </trkpt>
      <trkpt lat="44.771256" lon="5.399122">
        <ele>415.575764</ele>

      </trkpt>
      <trkpt lat="44.771259" lon="5.399125">
        <ele>415.579543</ele>

      </trkpt>
      <trkpt lat="44.771284" lon="5.399157">
        <ele>415.614240</ele>

      </trkpt>
      <trkpt lat="44.771301" lon="5.399170">
        <ele>415.634108</ele>

      </trkpt>
      <trkpt lat="44.771314" lon="5.399186">
        <ele>415.651840</ele>

      </trkpt>
      <trkpt lat="44.771367" lon="5.399234">
        <ele>415.716559</ele>

      </trkpt>
      <trkpt lat="44.771382" lon="5.399240">
        <ele>415.732575</ele>

      </trkpt>
      <trkpt lat="44.771431" lon="5.399263">
        <ele>415.785625</ele>

      </trkpt>
      <trkpt lat="44.771440" lon="5.399269">
        <ele>415.795852</ele>

      </trkpt>
      <trkpt lat="44.771446" lon="5.399271">
        <ele>415.802185</ele>

      </trkpt>
      <trkpt lat="44.771474" lon="5.399286">
        <ele>415.832955</ele>

      </trkpt>
      <trkpt lat="44.771531" lon="5.399382">
        <ele>415.924212</ele>

      </trkpt>
      <trkpt lat="44.771579" lon="5.399436">
        <ele>415.987308</ele>

      </trkpt>
      <trkpt lat="44.771604" lon="5.399476">
        <ele>416.026168</ele>

      </trkpt>
      <trkpt lat="44.771655" lon="5.399580">
        <ele>416.118336</ele>

      </trkpt>
      <trkpt lat="44.771672" lon="5.399620">
        <ele>416.152331</ele>

      </trkpt>
      <trkpt lat="44.771694" lon="5.399663">
        <ele>416.190980</ele>

      </trkpt>
      <trkpt lat="44.771705" lon="5.399677">
        <ele>416.206207</ele>

      </trkpt>
      <trkpt lat="44.771809" lon="5.399721">
        <ele>416.317743</ele>

      </trkpt>
      <trkpt lat="44.771822" lon="5.399722">
        <ele>416.331115</ele>

      </trkpt>
      <trkpt lat="44.771952" lon="5.399728">
        <ele>416.464714</ele>

      </trkpt>
      <trkpt lat="44.771968" lon="5.399728">
        <ele>416.481148</ele>

      </trkpt>
      <trkpt lat="44.772023" lon="5.399725">
        <ele>416.537683</ele>

      </trkpt>
      <trkpt lat="44.772042" lon="5.399727">
        <ele>416.557252</ele>

      </trkpt>
      <trkpt lat="44.772039" lon="5.399762">
        <ele>416.582959</ele>

      </trkpt>
      <trkpt lat="44.772070" lon="5.399779">
        <ele>416.617128</ele>

      </trkpt>
      <trkpt lat="44.772118" lon="5.399814">
        <ele>416.672644</ele>

      </trkpt>
      <trkpt lat="44.772140" lon="5.399833">
        <ele>416.699150</ele>

      </trkpt>
      <trkpt lat="44.772144" lon="5.399862">
        <ele>416.720691</ele>

      </trkpt>
      <trkpt lat="44.772136" lon="5.399880">
        <ele>416.736176</ele>

      </trkpt>
      <trkpt lat="44.772140" lon="5.399893">
        <ele>416.746508</ele>

      </trkpt>
      <trkpt lat="44.772149" lon="5.399926">
        <ele>416.772285</ele>

      </trkpt>
      <trkpt lat="44.772152" lon="5.399971">
        <ele>416.805242</ele>

      </trkpt>
      <trkpt lat="44.772152" lon="5.399985">
        <ele>416.815451</ele>

      </trkpt>
      <trkpt lat="44.772156" lon="5.399998">
        <ele>416.825782</ele>

      </trkpt>
      <trkpt lat="44.772162" lon="5.400025">
        <ele>416.846412</ele>

      </trkpt>
      <trkpt lat="44.772164" lon="5.400044">
        <ele>416.860418</ele>

      </trkpt>
      <trkpt lat="44.772191" lon="5.400100">
        <ele>416.909778</ele>

      </trkpt>
      <trkpt lat="44.772196" lon="5.400101">
        <ele>416.914965</ele>

      </trkpt>
      <trkpt lat="44.772206" lon="5.400138">
        <ele>416.943834</ele>

      </trkpt>
      <trkpt lat="44.772214" lon="5.400179">
        <ele>416.991190</ele>

      </trkpt>
      <trkpt lat="44.772217" lon="5.400188">
        <ele>417.002584</ele>

      </trkpt>
      <trkpt lat="44.772234" lon="5.400214">
        <ele>417.043090</ele>

      </trkpt>
      <trkpt lat="44.772239" lon="5.400219">
        <ele>417.052988</ele>

      </trkpt>
      <trkpt lat="44.772265" lon="5.400263">
        <ele>417.118591</ele>

      </trkpt>
      <trkpt lat="44.772268" lon="5.400270">
        <ele>417.127961</ele>

      </trkpt>
      <trkpt lat="44.772291" lon="5.400249">
        <ele>417.172205</ele>

      </trkpt>
      <trkpt lat="44.772292" lon="5.400241">
        <ele>417.181513</ele>

      </trkpt>
      <trkpt lat="44.772267" lon="5.400248">
        <ele>417.222658</ele>

      </trkpt>
      <trkpt lat="44.772263" lon="5.400250">
        <ele>417.229509</ele>

      </trkpt>
      <trkpt lat="44.772267" lon="5.400248">
        <ele>417.236361</ele>

      </trkpt>
      <trkpt lat="44.772277" lon="5.400252">
        <ele>417.253141</ele>

      </trkpt>
      <trkpt lat="44.772248" lon="5.400275">
        <ele>417.306863</ele>

      </trkpt>
      <trkpt lat="44.772223" lon="5.400286">
        <ele>417.349141</ele>

      </trkpt>
      <trkpt lat="44.772231" lon="5.400295">
        <ele>417.365668</ele>

      </trkpt>
      <trkpt lat="44.772252" lon="5.400340">
        <ele>417.427379</ele>

      </trkpt>
      <trkpt lat="44.772189" lon="5.400458">
        <ele>417.596573</ele>

      </trkpt>
      <trkpt lat="44.772135" lon="5.400492">
        <ele>417.692052</ele>

      </trkpt>
      <trkpt lat="44.772125" lon="5.400501">
        <ele>417.711208</ele>

      </trkpt>
      <trkpt lat="44.772068" lon="5.400593">
        <ele>417.851139</ele>

      </trkpt>
      <trkpt lat="44.772074" lon="5.400595">
        <ele>417.861091</ele>

      </trkpt>
      <trkpt lat="44.772101" lon="5.400575">
        <ele>417.910334</ele>

      </trkpt>
      <trkpt lat="44.772129" lon="5.400548">
        <ele>417.965107</ele>

      </trkpt>
      <trkpt lat="44.772159" lon="5.400531">
        <ele>418.017305</ele>

      </trkpt>
      <trkpt lat="44.772188" lon="5.400531">
        <ele>418.064117</ele>

      </trkpt>
      <trkpt lat="44.772220" lon="5.400538">
        <ele>418.116391</ele>

      </trkpt>
      <trkpt lat="44.772237" lon="5.400561">
        <ele>418.154440</ele>

      </trkpt>
      <trkpt lat="44.772281" lon="5.400612">
        <ele>418.246419</ele>

      </trkpt>
      <trkpt lat="44.772314" lon="5.400676">
        <ele>418.337063</ele>

      </trkpt>
      <trkpt lat="44.772293" lon="5.400720">
        <ele>418.397820</ele>

      </trkpt>
      <trkpt lat="44.772281" lon="5.400734">
        <ele>418.422972</ele>

      </trkpt>
      <trkpt lat="44.772261" lon="5.400743">
        <ele>418.456863</ele>

      </trkpt>
      <trkpt lat="44.772281" lon="5.400719">
        <ele>418.499274</ele>

      </trkpt>
      <trkpt lat="44.772275" lon="5.400724">
        <ele>418.510527</ele>

      </trkpt>
      <trkpt lat="44.772277" lon="5.400723">
        <ele>418.513953</ele>

      </trkpt>
      <trkpt lat="44.772305" lon="5.400699">
        <ele>418.566860</ele>

      </trkpt>
      <trkpt lat="44.772316" lon="5.400702">
        <ele>418.584946</ele>

      </trkpt>
      <trkpt lat="44.772340" lon="5.400718">
        <ele>418.627807</ele>

      </trkpt>
      <trkpt lat="44.772363" lon="5.400742">
        <ele>418.674011</ele>

      </trkpt>
      <trkpt lat="44.772372" lon="5.400753">
        <ele>418.693245</ele>

      </trkpt>
      <trkpt lat="44.772409" lon="5.400816">
        <ele>418.786942</ele>

      </trkpt>
      <trkpt lat="44.772438" lon="5.400839">
        <ele>418.840664</ele>

      </trkpt>
      <trkpt lat="44.772458" lon="5.400829">
        <ele>418.874922</ele>

      </trkpt>
      <trkpt lat="44.772462" lon="5.400882">
        <ele>418.935999</ele>

      </trkpt>
      <trkpt lat="44.772509" lon="5.401009">
        <ele>419.100121</ele>

      </trkpt>
      <trkpt lat="44.772587" lon="5.401131">
        <ele>419.288265</ele>

      </trkpt>
      <trkpt lat="44.772627" lon="5.401210">
        <ele>419.399461</ele>

      </trkpt>
      <trkpt lat="44.772677" lon="5.401202">
        <ele>419.480690</ele>

      </trkpt>
      <trkpt lat="44.772692" lon="5.401200">
        <ele>419.505012</ele>

      </trkpt>
      <trkpt lat="44.772724" lon="5.401189">
        <ele>419.558182</ele>

      </trkpt>
      <trkpt lat="44.772799" lon="5.401128">
        <ele>419.697979</ele>

      </trkpt>
      <trkpt lat="44.772819" lon="5.401114">
        <ele>419.734029</ele>

      </trkpt>
      <trkpt lat="44.772854" lon="5.401124">
        <ele>419.791677</ele>

      </trkpt>
      <trkpt lat="44.772957" lon="5.401186">
        <ele>420.107679</ele>

      </trkpt>
      <trkpt lat="44.773050" lon="5.401257">
        <ele>420.466306</ele>

      </trkpt>
      <trkpt lat="44.773100" lon="5.401320">
        <ele>420.693739</ele>

      </trkpt>
      <trkpt lat="44.773123" lon="5.401356">
        <ele>420.810305</ele>

      </trkpt>
      <trkpt lat="44.773218" lon="5.401464">
        <ele>421.224188</ele>

      </trkpt>
      <trkpt lat="44.773260" lon="5.401494">
        <ele>421.383840</ele>

      </trkpt>
      <trkpt lat="44.773313" lon="5.401531">
        <ele>421.584382</ele>

      </trkpt>
      <trkpt lat="44.773411" lon="5.401640">
        <ele>422.007715</ele>

      </trkpt>
      <trkpt lat="44.773419" lon="5.401649">
        <ele>422.042425</ele>

      </trkpt>
      <trkpt lat="44.773479" lon="5.401747">
        <ele>422.353889</ele>

      </trkpt>
      <trkpt lat="44.773503" lon="5.401814">
        <ele>422.534508</ele>

      </trkpt>
      <trkpt lat="44.773528" lon="5.401855">
        <ele>422.664589</ele>

      </trkpt>
      <trkpt lat="44.773561" lon="5.401908">
        <ele>422.834260</ele>

      </trkpt>
      <trkpt lat="44.773595" lon="5.401953">
        <ele>422.992427</ele>

      </trkpt>
      <trkpt lat="44.773675" lon="5.402057">
        <ele>423.361499</ele>

      </trkpt>
      <trkpt lat="44.773754" lon="5.402157">
        <ele>423.721581</ele>

      </trkpt>
      <trkpt lat="44.773823" lon="5.402273">
        <ele>424.085816</ele>

      </trkpt>
      <trkpt lat="44.773854" lon="5.402342">
        <ele>424.282345</ele>

      </trkpt>
      <trkpt lat="44.773879" lon="5.402412">
        <ele>424.470936</ele>

      </trkpt>
      <trkpt lat="44.773908" lon="5.402536">
        <ele>424.785150</ele>

      </trkpt>
      <trkpt lat="44.773908" lon="5.402654">
        <ele>425.069146</ele>

      </trkpt>
      <trkpt lat="44.773955" lon="5.402771">
        <ele>425.392694</ele>

      </trkpt>
      <trkpt lat="44.773993" lon="5.402848">
        <ele>425.618394</ele>

      </trkpt>
      <trkpt lat="44.774019" lon="5.402904">
        <ele>425.779437</ele>

      </trkpt>
      <trkpt lat="44.774061" lon="5.403006">
        <ele>426.038325</ele>

      </trkpt>
      <trkpt lat="44.774089" lon="5.403103">
        <ele>426.236081</ele>

      </trkpt>
      <trkpt lat="44.774137" lon="5.403255">
        <ele>426.550262</ele>

      </trkpt>
      <trkpt lat="44.774193" lon="5.403421">
        <ele>426.897360</ele>

      </trkpt>
      <trkpt lat="44.774242" lon="5.403483">
        <ele>427.072583</ele>

      </trkpt>
      <trkpt lat="44.774254" lon="5.403502">
        <ele>427.120611</ele>

      </trkpt>
      <trkpt lat="44.774282" lon="5.403532">
        <ele>427.214199</ele>

      </trkpt>
      <trkpt lat="44.774324" lon="5.403647">
        <ele>427.458439</ele>

      </trkpt>
      <trkpt lat="44.774365" lon="5.403761">
        <ele>427.699787</ele>

      </trkpt>
      <trkpt lat="44.774399" lon="5.403824">
        <ele>427.849244</ele>

      </trkpt>
      <trkpt lat="44.774420" lon="5.403861">
        <ele>427.938708</ele>

      </trkpt>
      <trkpt lat="44.774521" lon="5.403993">
        <ele>428.305234</ele>

      </trkpt>
      <trkpt lat="44.774595" lon="5.404083">
        <ele>428.565322</ele>

      </trkpt>
      <trkpt lat="44.774659" lon="5.404165">
        <ele>428.795476</ele>

      </trkpt>
      <trkpt lat="44.774687" lon="5.404200">
        <ele>428.895064</ele>

      </trkpt>
      <trkpt lat="44.774731" lon="5.404257">
        <ele>429.054092</ele>

      </trkpt>
      <trkpt lat="44.774784" lon="5.404369">
        <ele>429.308295</ele>

      </trkpt>
      <trkpt lat="44.774841" lon="5.404437">
        <ele>429.507007</ele>

      </trkpt>
      <trkpt lat="44.774883" lon="5.404504">
        <ele>429.675811</ele>

      </trkpt>
      <trkpt lat="44.774908" lon="5.404532">
        <ele>429.760779</ele>

      </trkpt>
      <trkpt lat="44.774996" lon="5.404654">
        <ele>430.089249</ele>

      </trkpt>
      <trkpt lat="44.775073" lon="5.404777">
        <ele>430.398959</ele>

      </trkpt>
      <trkpt lat="44.775106" lon="5.404824">
        <ele>430.523802</ele>

      </trkpt>
      <trkpt lat="44.775120" lon="5.404859">
        <ele>430.599671</ele>

      </trkpt>
      <trkpt lat="44.775136" lon="5.404890">
        <ele>430.672054</ele>

      </trkpt>
      <trkpt lat="44.775166" lon="5.404952">
        <ele>430.625072</ele>

      </trkpt>
      <trkpt lat="44.775179" lon="5.404976">
        <ele>430.549581</ele>

      </trkpt>
      <trkpt lat="44.775215" lon="5.405094">
        <ele>430.228409</ele>

      </trkpt>
      <trkpt lat="44.775210" lon="5.405086">
        <ele>430.201755</ele>

      </trkpt>
      <trkpt lat="44.775194" lon="5.405075">
        <ele>430.139039</ele>

      </trkpt>
      <trkpt lat="44.775194" lon="5.405077">
        <ele>430.134037</ele>

      </trkpt>
      <trkpt lat="44.775184" lon="5.405069">
        <ele>430.093527</ele>

      </trkpt>
      <trkpt lat="44.775183" lon="5.405070">
        <ele>430.089207</ele>

      </trkpt>
      <trkpt lat="44.775192" lon="5.405102">
        <ele>430.003135</ele>

      </trkpt>
      <trkpt lat="44.775200" lon="5.405133">
        <ele>429.920652</ele>

      </trkpt>
      <trkpt lat="44.775200" lon="5.405149">
        <ele>429.880642</ele>

      </trkpt>
      <trkpt lat="44.775200" lon="5.405162">
        <ele>429.848133</ele>

      </trkpt>
      <trkpt lat="44.775207" lon="5.405197">
        <ele>429.757204</ele>

      </trkpt>
      <trkpt lat="44.775223" lon="5.405258">
        <ele>429.594585</ele>

      </trkpt>
      <trkpt lat="44.775235" lon="5.405296">
        <ele>429.490583</ele>

      </trkpt>
      <trkpt lat="44.775241" lon="5.405313">
        <ele>429.443108</ele>

      </trkpt>
      <trkpt lat="44.775273" lon="5.405372">
        <ele>429.257436</ele>

      </trkpt>
      <trkpt lat="44.775290" lon="5.405421">
        <ele>429.121054</ele>

      </trkpt>
      <trkpt lat="44.775301" lon="5.405466">
        <ele>429.002041</ele>

      </trkpt>
      <trkpt lat="44.775311" lon="5.405537">
        <ele>428.821035</ele>

      </trkpt>
      <trkpt lat="44.775313" lon="5.405580">
        <ele>428.713277</ele>

      </trkpt>
      <trkpt lat="44.775329" lon="5.405679">
        <ele>428.459380</ele>

      </trkpt>
      <trkpt lat="44.775337" lon="5.405714">
        <ele>428.367433</ele>

      </trkpt>
      <trkpt lat="44.775354" lon="5.405761">
        <ele>428.235526</ele>

      </trkpt>
      <trkpt lat="44.775364" lon="5.405845">
        <ele>428.022540</ele>

      </trkpt>
      <trkpt lat="44.775287" lon="5.405947">
        <ele>427.650209</ele>

      </trkpt>
      <trkpt lat="44.775251" lon="5.405978">
        <ele>427.501577</ele>

      </trkpt>
      <trkpt lat="44.775208" lon="5.406020">
        <ele>427.317254</ele>

      </trkpt>
      <trkpt lat="44.775181" lon="5.406050">
        <ele>427.196118</ele>

      </trkpt>
      <trkpt lat="44.775107" lon="5.406109">
        <ele>426.896587</ele>

      </trkpt>
      <trkpt lat="44.775087" lon="5.406123">
        <ele>426.817915</ele>

      </trkpt>
      <trkpt lat="44.775040" lon="5.406167">
        <ele>426.619125</ele>

      </trkpt>
      <trkpt lat="44.775021" lon="5.406196">
        <ele>426.520440</ele>

      </trkpt>
      <trkpt lat="44.774971" lon="5.406257">
        <ele>426.287437</ele>

      </trkpt>
      <trkpt lat="44.774931" lon="5.406288">
        <ele>426.126615</ele>

      </trkpt>
      <trkpt lat="44.774903" lon="5.406280">
        <ele>426.025972</ele>

      </trkpt>
      <trkpt lat="44.774840" lon="5.406254">
        <ele>425.794718</ele>

      </trkpt>
      <trkpt lat="44.774777" lon="5.406249">
        <ele>425.572440</ele>

      </trkpt>
      <trkpt lat="44.774671" lon="5.406275">
        <ele>425.193422</ele>

      </trkpt>
      <trkpt lat="44.774669" lon="5.406357">
        <ele>424.988247</ele>

      </trkpt>
      <trkpt lat="44.774652" lon="5.406431">
        <ele>424.793750</ele>

      </trkpt>
      <trkpt lat="44.774650" lon="5.406458">
        <ele>424.725865</ele>

      </trkpt>
      <trkpt lat="44.774577" lon="5.406651">
        <ele>424.424689</ele>

      </trkpt>
      <trkpt lat="44.774553" lon="5.406648">
        <ele>424.435646</ele>

      </trkpt>
      <trkpt lat="44.774538" lon="5.406630">
        <ele>424.444606</ele>

      </trkpt>
      <trkpt lat="44.774527" lon="5.406618">
        <ele>424.450933</ele>

      </trkpt>
      <trkpt lat="44.774497" lon="5.406575">
        <ele>424.470396</ele>

      </trkpt>
      <trkpt lat="44.774464" lon="5.406482">
        <ele>424.503959</ele>

      </trkpt>
      <trkpt lat="44.774432" lon="5.406360">
        <ele>424.545944</ele>

      </trkpt>
      <trkpt lat="44.774429" lon="5.406341">
        <ele>424.552228</ele>

      </trkpt>
      <trkpt lat="44.774417" lon="5.406274">
        <ele>424.574534</ele>

      </trkpt>
      <trkpt lat="44.774407" lon="5.406227">
        <ele>424.590373</ele>

      </trkpt>
      <trkpt lat="44.774380" lon="5.406138">
        <ele>424.621617</ele>

      </trkpt>
      <trkpt lat="44.774373" lon="5.406115">
        <ele>424.629695</ele>

      </trkpt>
      <trkpt lat="44.774341" lon="5.405978">
        <ele>424.676253</ele>

      </trkpt>
      <trkpt lat="44.774338" lon="5.405961">
        <ele>424.681908</ele>

      </trkpt>
      <trkpt lat="44.774330" lon="5.405901">
        <ele>424.701615</ele>

      </trkpt>
      <trkpt lat="44.774313" lon="5.405833">
        <ele>424.724888</ele>

      </trkpt>
      <trkpt lat="44.774307" lon="5.405811">
        <ele>424.732496</ele>

      </trkpt>
      <trkpt lat="44.774294" lon="5.405761">
        <ele>424.749685</ele>

      </trkpt>
      <trkpt lat="44.774282" lon="5.405703">
        <ele>424.769188</ele>

      </trkpt>
      <trkpt lat="44.774250" lon="5.405620">
        <ele>424.799678</ele>

      </trkpt>
      <trkpt lat="44.774215" lon="5.405620">
        <ele>424.815594</ele>

      </trkpt>
      <trkpt lat="44.774175" lon="5.405645">
        <ele>424.835493</ele>

      </trkpt>
      <trkpt lat="44.774180" lon="5.405653">
        <ele>424.838934</ele>

      </trkpt>
      <trkpt lat="44.774182" lon="5.405654">
        <ele>424.839899</ele>

      </trkpt>
      <trkpt lat="44.774158" lon="5.405643">
        <ele>424.851376</ele>

      </trkpt>
      <trkpt lat="44.774168" lon="5.405647">
        <ele>424.856103</ele>

      </trkpt>
      <trkpt lat="44.774167" lon="5.405633">
        <ele>424.860645</ele>

      </trkpt>
      <trkpt lat="44.774158" lon="5.405631">
        <ele>424.864789</ele>

      </trkpt>
      <trkpt lat="44.774159" lon="5.405629">
        <ele>424.865578</ele>

      </trkpt>
      <trkpt lat="44.774168" lon="5.405600">
        <ele>424.875795</ele>

      </trkpt>
      <trkpt lat="44.774181" lon="5.405588">
        <ele>424.882863</ele>

      </trkpt>
      <trkpt lat="44.774193" lon="5.405579">
        <ele>424.889045</ele>

      </trkpt>
      <trkpt lat="44.774190" lon="5.405585">
        <ele>424.891414</ele>

      </trkpt>
      <trkpt lat="44.774179" lon="5.405593">
        <ele>424.897044</ele>

      </trkpt>
      <trkpt lat="44.774162" lon="5.405598">
        <ele>424.904941</ele>

      </trkpt>
      <trkpt lat="44.774152" lon="5.405612">
        <ele>424.911352</ele>

      </trkpt>
      <trkpt lat="44.774178" lon="5.405635">
        <ele>424.925314</ele>

      </trkpt>
      <trkpt lat="44.774189" lon="5.405643">
        <ele>424.930943</ele>

      </trkpt>
      <trkpt lat="44.774192" lon="5.405656">
        <ele>424.935356</ele>

      </trkpt>
      <trkpt lat="44.774190" lon="5.405655">
        <ele>424.936321</ele>

      </trkpt>
      <trkpt lat="44.774187" lon="5.405653">
        <ele>424.937830</ele>

      </trkpt>
      <trkpt lat="44.774185" lon="5.405650">
        <ele>424.939159</ele>

      </trkpt>
      <trkpt lat="44.774157" lon="5.405646">
        <ele>424.951957</ele>

      </trkpt>
      <trkpt lat="44.774155" lon="5.405650">
        <ele>424.953536</ele>

      </trkpt>
      <trkpt lat="44.774154" lon="5.405678">
        <ele>424.962586</ele>

      </trkpt>
      <trkpt lat="44.774147" lon="5.405675">
        <ele>424.965914</ele>

      </trkpt>
      <trkpt lat="44.774144" lon="5.405693">
        <ele>424.971882</ele>

      </trkpt>
      <trkpt lat="44.774147" lon="5.405697">
        <ele>424.973761</ele>

      </trkpt>
      <trkpt lat="44.774145" lon="5.405703">
        <ele>424.975900</ele>

      </trkpt>
      <trkpt lat="44.774145" lon="5.405706">
        <ele>424.976869</ele>

      </trkpt>
      <trkpt lat="44.774150" lon="5.405688">
        <ele>424.983109</ele>

      </trkpt>
      <trkpt lat="44.774148" lon="5.405678">
        <ele>424.986462</ele>

      </trkpt>
      <trkpt lat="44.774144" lon="5.405670">
        <ele>424.989621</ele>

      </trkpt>
      <trkpt lat="44.774142" lon="5.405641">
        <ele>424.999027</ele>

      </trkpt>
      <trkpt lat="44.774154" lon="5.405626">
        <ele>425.006322</ele>

      </trkpt>
      <trkpt lat="44.774143" lon="5.405630">
        <ele>425.011489</ele>

      </trkpt>
      <trkpt lat="44.774147" lon="5.405638">
        <ele>425.014647</ele>

      </trkpt>
      <trkpt lat="44.774148" lon="5.405642">
        <ele>425.016016</ele>

      </trkpt>
      <trkpt lat="44.774146" lon="5.405645">
        <ele>425.017345</ele>

      </trkpt>
      <trkpt lat="44.774133" lon="5.405647">
        <ele>425.023292</ele>

      </trkpt>
      <trkpt lat="44.774126" lon="5.405609">
        <ele>425.035965</ele>

      </trkpt>
      <trkpt lat="44.774136" lon="5.405593">
        <ele>425.042846</ele>

      </trkpt>
      <trkpt lat="44.774137" lon="5.405596">
        <ele>425.043916</ele>

      </trkpt>
      <trkpt lat="44.774136" lon="5.405595">
        <ele>425.044474</ele>

      </trkpt>
      <trkpt lat="44.774137" lon="5.405595">
        <ele>425.044929</ele>

      </trkpt>
      <trkpt lat="44.774148" lon="5.405586">
        <ele>425.050713</ele>

      </trkpt>
      <trkpt lat="44.774159" lon="5.405566">
        <ele>425.058881</ele>

      </trkpt>
      <trkpt lat="44.774159" lon="5.405558">
        <ele>425.061463</ele>

      </trkpt>
      <trkpt lat="44.774176" lon="5.405578">
        <ele>425.071535</ele>

      </trkpt>
      <trkpt lat="44.774177" lon="5.405590">
        <ele>425.075436</ele>

      </trkpt>
      <trkpt lat="44.774159" lon="5.405665">
        <ele>425.100993</ele>

      </trkpt>
      <trkpt lat="44.774160" lon="5.405667">
        <ele>425.101783</ele>

      </trkpt>
      <trkpt lat="44.774189" lon="5.405674">
        <ele>425.115162</ele>

      </trkpt>
      <trkpt lat="44.774180" lon="5.405677">
        <ele>425.119368</ele>

      </trkpt>
      <trkpt lat="44.774173" lon="5.405681">
        <ele>425.122803</ele>

      </trkpt>
      <trkpt lat="44.774174" lon="5.405689">
        <ele>425.125425</ele>

      </trkpt>
      <trkpt lat="44.774166" lon="5.405702">
        <ele>425.130979</ele>

      </trkpt>
      <trkpt lat="44.774169" lon="5.405673">
        <ele>425.140440</ele>

      </trkpt>
      <trkpt lat="44.774172" lon="5.405668">
        <ele>425.142553</ele>

      </trkpt>
      <trkpt lat="44.774189" lon="5.405686">
        <ele>425.152224</ele>

      </trkpt>
      <trkpt lat="44.774187" lon="5.405679">
        <ele>425.154660</ele>

      </trkpt>
      <trkpt lat="44.774187" lon="5.405683">
        <ele>425.155951</ele>

      </trkpt>
      <trkpt lat="44.774192" lon="5.405681">
        <ele>425.158315</ele>

      </trkpt>
      <trkpt lat="44.774189" lon="5.405690">
        <ele>425.161524</ele>

      </trkpt>
      <trkpt lat="44.774212" lon="5.405726">
        <ele>425.177159</ele>

      </trkpt>
      <trkpt lat="44.774225" lon="5.405729">
        <ele>425.183150</ele>

      </trkpt>
      <trkpt lat="44.774198" lon="5.405722">
        <ele>425.195634</ele>

      </trkpt>
      <trkpt lat="44.774190" lon="5.405692">
        <ele>425.205979</ele>

      </trkpt>
      <trkpt lat="44.774185" lon="5.405655">
        <ele>425.255588</ele>

      </trkpt>
      <trkpt lat="44.774181" lon="5.405642">
        <ele>425.307439</ele>

      </trkpt>
      <trkpt lat="44.774178" lon="5.405650">
        <ele>425.340550</ele>

      </trkpt>
      <trkpt lat="44.774182" lon="5.405688">
        <ele>425.481134</ele>

      </trkpt>
      <trkpt lat="44.774181" lon="5.405692">
        <ele>425.496653</ele>

      </trkpt>
      <trkpt lat="44.774173" lon="5.405705">
        <ele>425.559615</ele>

      </trkpt>
      <trkpt lat="44.774173" lon="5.405710">
        <ele>425.577912</ele>

      </trkpt>
      <trkpt lat="44.774173" lon="5.405716">
        <ele>425.599870</ele>

      </trkpt>
      <trkpt lat="44.774171" lon="5.405726">
        <ele>425.637890</ele>

      </trkpt>
      <trkpt lat="44.774168" lon="5.405726">
        <ele>425.653356</ele>

      </trkpt>
      <trkpt lat="44.774164" lon="5.405721">
        <ele>425.680924</ele>

      </trkpt>
      <trkpt lat="44.774198" lon="5.405709">
        <ele>425.861616</ele>

      </trkpt>
      <trkpt lat="44.774277" lon="5.405636">
        <ele>426.348673</ele>

      </trkpt>
      <trkpt lat="44.774296" lon="5.405673">
        <ele>426.515790</ele>

      </trkpt>
      <trkpt lat="44.774298" lon="5.405705">
        <ele>426.633349</ele>

      </trkpt>
      <trkpt lat="44.774302" lon="5.405759">
        <ele>426.832038</ele>

      </trkpt>
      <trkpt lat="44.774296" lon="5.405842">
        <ele>427.137352</ele>

      </trkpt>
      <trkpt lat="44.774298" lon="5.405897">
        <ele>427.338892</ele>

      </trkpt>
      <trkpt lat="44.774311" lon="5.406023">
        <ele>427.804841</ele>

      </trkpt>
      <trkpt lat="44.774346" lon="5.406142">
        <ele>428.276226</ele>

      </trkpt>
      <trkpt lat="44.774351" lon="5.406157">
        <ele>428.336869</ele>

      </trkpt>
      <trkpt lat="44.774378" lon="5.406270">
        <ele>428.773195</ele>

      </trkpt>
      <trkpt lat="44.774385" lon="5.406335">
        <ele>429.013788</ele>

      </trkpt>
      <trkpt lat="44.774389" lon="5.406394">
        <ele>429.230684</ele>

      </trkpt>
      <trkpt lat="44.774427" lon="5.406537">
        <ele>429.789463</ele>

      </trkpt>
      <trkpt lat="44.774491" lon="5.406618">
        <ele>430.232994</ele>

      </trkpt>
      <trkpt lat="44.774515" lon="5.406711">
        <ele>430.595123</ele>

      </trkpt>
      <trkpt lat="44.774494" lon="5.406757">
        <ele>430.795267</ele>

      </trkpt>
      <trkpt lat="44.774473" lon="5.406797">
        <ele>430.977331</ele>

      </trkpt>
      <trkpt lat="44.774467" lon="5.406812">
        <ele>431.040339</ele>

      </trkpt>
      <trkpt lat="44.774461" lon="5.406832">
        <ele>431.119798</ele>

      </trkpt>
      <trkpt lat="44.774403" lon="5.406954">
        <ele>431.657134</ele>

      </trkpt>
      <trkpt lat="44.774393" lon="5.406980">
        <ele>431.765350</ele>

      </trkpt>
      <trkpt lat="44.774397" lon="5.407087">
        <ele>432.157465</ele>

      </trkpt>
      <trkpt lat="44.774389" lon="5.407213">
        <ele>432.620409</ele>

      </trkpt>
      <trkpt lat="44.774385" lon="5.407237">
        <ele>432.710627</ele>

      </trkpt>
      <trkpt lat="44.774366" lon="5.407318">
        <ele>433.022814</ele>

      </trkpt>
      <trkpt lat="44.774340" lon="5.407371">
        <ele>433.258577</ele>

      </trkpt>
      <trkpt lat="44.774275" lon="5.407520">
        <ele>433.898580</ele>

      </trkpt>
      <trkpt lat="44.774262" lon="5.407562">
        <ele>434.066257</ele>

      </trkpt>
      <trkpt lat="44.774252" lon="5.407712">
        <ele>434.673407</ele>

      </trkpt>
      <trkpt lat="44.774275" lon="5.407842">
        <ele>435.372784</ele>

      </trkpt>
      <trkpt lat="44.774275" lon="5.407849">
        <ele>435.409325</ele>

      </trkpt>
      <trkpt lat="44.774263" lon="5.407880">
        <ele>435.593645</ele>

      </trkpt>
      <trkpt lat="44.774244" lon="5.407932">
        <ele>435.898939</ele>

      </trkpt>
      <trkpt lat="44.774217" lon="5.408015">
        <ele>436.375536</ele>

      </trkpt>
      <trkpt lat="44.774208" lon="5.408044">
        <ele>436.540754</ele>

      </trkpt>
      <trkpt lat="44.774202" lon="5.408048">
        <ele>436.589567</ele>

      </trkpt>
      <trkpt lat="44.774194" lon="5.408052">
        <ele>436.651990</ele>

      </trkpt>
      <trkpt lat="44.774185" lon="5.408098">
        <ele>436.901071</ele>

      </trkpt>
      <trkpt lat="44.774181" lon="5.408111">
        <ele>436.975033</ele>

      </trkpt>
      <trkpt lat="44.774191" lon="5.408210">
        <ele>437.497033</ele>

      </trkpt>
      <trkpt lat="44.774187" lon="5.408236">
        <ele>437.635908</ele>

      </trkpt>
      <trkpt lat="44.774185" lon="5.408242">
        <ele>437.670510</ele>

      </trkpt>
      <trkpt lat="44.774185" lon="5.408246">
        <ele>437.691391</ele>

      </trkpt>
      <trkpt lat="44.774196" lon="5.408268">
        <ele>437.831861</ele>

      </trkpt>
      <trkpt lat="44.774195" lon="5.408268">
        <ele>437.839214</ele>

      </trkpt>
      <trkpt lat="44.774179" lon="5.408314">
        <ele>438.106616</ele>

      </trkpt>
      <trkpt lat="44.774175" lon="5.408411">
        <ele>438.613825</ele>

      </trkpt>
      <trkpt lat="44.774178" lon="5.408432">
        <ele>438.725646</ele>

      </trkpt>
      <trkpt lat="44.774183" lon="5.408497">
        <ele>439.066942</ele>

      </trkpt>
      <trkpt lat="44.774185" lon="5.408568">
        <ele>439.437864</ele>

      </trkpt>
      <trkpt lat="44.774202" lon="5.408644">
        <ele>439.853825</ele>

      </trkpt>
      <trkpt lat="44.774216" lon="5.408695">
        <ele>440.139264</ele>

      </trkpt>
      <trkpt lat="44.774241" lon="5.408784">
        <ele>440.638907</ele>

      </trkpt>
      <trkpt lat="44.774256" lon="5.408815">
        <ele>440.834748</ele>

      </trkpt>
      <trkpt lat="44.774287" lon="5.408837">
        <ele>441.090000</ele>

      </trkpt>
      <trkpt lat="44.774313" lon="5.408877">
        <ele>441.373115</ele>

      </trkpt>
      <trkpt lat="44.774322" lon="5.408890">
        <ele>441.467905</ele>

      </trkpt>
      <trkpt lat="44.774341" lon="5.408924">
        <ele>441.693784</ele>

      </trkpt>
      <trkpt lat="44.774348" lon="5.408963">
        <ele>441.903776</ele>

      </trkpt>
      <trkpt lat="44.774363" lon="5.408980">
        <ele>442.045345</ele>

      </trkpt>
      <trkpt lat="44.774369" lon="5.408985">
        <ele>442.096608</ele>

      </trkpt>
      <trkpt lat="44.774377" lon="5.408992">
        <ele>442.165861</ele>

      </trkpt>
      <trkpt lat="44.774400" lon="5.409029">
        <ele>442.422590</ele>

      </trkpt>
      <trkpt lat="44.774407" lon="5.409046">
        <ele>442.525181</ele>

      </trkpt>
      <trkpt lat="44.774428" lon="5.409091">
        <ele>442.806299</ele>

      </trkpt>
      <trkpt lat="44.774439" lon="5.409118">
        <ele>442.968804</ele>

      </trkpt>
      <trkpt lat="44.774449" lon="5.409180">
        <ele>443.300701</ele>

      </trkpt>
      <trkpt lat="44.774456" lon="5.409252">
        <ele>443.680058</ele>

      </trkpt>
      <trkpt lat="44.774457" lon="5.409308">
        <ele>443.972478</ele>

      </trkpt>
      <trkpt lat="44.774466" lon="5.409380">
        <ele>444.354109</ele>

      </trkpt>
      <trkpt lat="44.774493" lon="5.409385">
        <ele>444.554362</ele>

      </trkpt>
      <trkpt lat="44.774486" lon="5.409377">
        <ele>444.620646</ele>

      </trkpt>
      <trkpt lat="44.774474" lon="5.409420">
        <ele>444.861833</ele>

      </trkpt>
      <trkpt lat="44.774469" lon="5.409499">
        <ele>445.275859</ele>

      </trkpt>
      <trkpt lat="44.774422" lon="5.409626">
        <ele>446.023495</ele>

      </trkpt>
      <trkpt lat="44.774400" lon="5.409693">
        <ele>446.408847</ele>

      </trkpt>
      <trkpt lat="44.774365" lon="5.409765">
        <ele>446.864372</ele>

      </trkpt>
      <trkpt lat="44.774353" lon="5.409794">
        <ele>447.039597</ele>

      </trkpt>
      <trkpt lat="44.774305" lon="5.409910">
        <ele>447.704835</ele>

      </trkpt>
      <trkpt lat="44.774297" lon="5.409949">
        <ele>447.641410</ele>

      </trkpt>
      <trkpt lat="44.774276" lon="5.410045">
        <ele>447.484461</ele>

      </trkpt>
      <trkpt lat="44.774263" lon="5.410190">
        <ele>447.256116</ele>

      </trkpt>
      <trkpt lat="44.774244" lon="5.410329">
        <ele>447.034955</ele>

      </trkpt>
      <trkpt lat="44.774222" lon="5.410459">
        <ele>446.826153</ele>

      </trkpt>
      <trkpt lat="44.774156" lon="5.410610">
        <ele>446.549100</ele>

      </trkpt>
      <trkpt lat="44.774123" lon="5.410748">
        <ele>446.321586</ele>

      </trkpt>
      <trkpt lat="44.774066" lon="5.410887">
        <ele>446.070784</ele>

      </trkpt>
      <trkpt lat="44.774046" lon="5.410971">
        <ele>445.932358</ele>

      </trkpt>
      <trkpt lat="44.774038" lon="5.411025">
        <ele>445.846171</ele>

      </trkpt>
      <trkpt lat="44.774004" lon="5.411173">
        <ele>445.603130</ele>

      </trkpt>
      <trkpt lat="44.773977" lon="5.411327">
        <ele>445.355293</ele>

      </trkpt>
      <trkpt lat="44.773981" lon="5.411373">
        <ele>445.282885</ele>

      </trkpt>
      <trkpt lat="44.773995" lon="5.411441">
        <ele>445.172265</ele>

      </trkpt>
      <trkpt lat="44.774016" lon="5.411579">
        <ele>444.951756</ele>

      </trkpt>
      <trkpt lat="44.774027" lon="5.411655">
        <ele>444.830572</ele>

      </trkpt>
      <trkpt lat="44.774027" lon="5.411672">
        <ele>444.804011</ele>

      </trkpt>
      <trkpt lat="44.774027" lon="5.411685">
        <ele>444.783700</ele>

      </trkpt>
      <trkpt lat="44.774029" lon="5.411739">
        <ele>444.699216</ele>

      </trkpt>
      <trkpt lat="44.774034" lon="5.411822">
        <ele>444.569072</ele>

      </trkpt>
      <trkpt lat="44.774035" lon="5.411867">
        <ele>444.498730</ele>

      </trkpt>
      <trkpt lat="44.774017" lon="5.411985">
        <ele>444.310159</ele>

      </trkpt>
      <trkpt lat="44.774013" lon="5.412106">
        <ele>444.120905</ele>

      </trkpt>
      <trkpt lat="44.774016" lon="5.412189">
        <ele>443.991058</ele>

      </trkpt>
      <trkpt lat="44.774013" lon="5.412234">
        <ele>443.920441</ele>

      </trkpt>
      <trkpt lat="44.774012" lon="5.412242">
        <ele>443.907750</ele>

      </trkpt>
      <trkpt lat="44.774000" lon="5.412279">
        <ele>443.844194</ele>

      </trkpt>
      <trkpt lat="44.773990" lon="5.412306">
        <ele>443.796613</ele>

      </trkpt>
      <trkpt lat="44.773984" lon="5.412321">
        <ele>443.769713</ele>

      </trkpt>
      <trkpt lat="44.773970" lon="5.412353">
        <ele>443.766829</ele>

      </trkpt>
      <trkpt lat="44.773929" lon="5.412420">
        <ele>443.806267</ele>

      </trkpt>
      <trkpt lat="44.773890" lon="5.412455">
        <ele>443.835310</ele>

      </trkpt>
      <trkpt lat="44.773849" lon="5.412485">
        <ele>443.864327</ele>

      </trkpt>
      <trkpt lat="44.773821" lon="5.412519">
        <ele>443.887544</ele>

      </trkpt>
      <trkpt lat="44.773740" lon="5.412584">
        <ele>443.946092</ele>

      </trkpt>
      <trkpt lat="44.773715" lon="5.412609">
        <ele>443.965348</ele>

      </trkpt>
      <trkpt lat="44.773677" lon="5.412643">
        <ele>443.993621</ele>

      </trkpt>
      <trkpt lat="44.773668" lon="5.412652">
        <ele>444.000553</ele>

      </trkpt>
      <trkpt lat="44.773614" lon="5.412701">
        <ele>444.040896</ele>

      </trkpt>
      <trkpt lat="44.773595" lon="5.412736">
        <ele>444.060540</ele>

      </trkpt>
      <trkpt lat="44.773588" lon="5.412762">
        <ele>444.072938</ele>

      </trkpt>
      <trkpt lat="44.773593" lon="5.412825">
        <ele>444.101202</ele>

      </trkpt>
      <trkpt lat="44.773598" lon="5.412871">
        <ele>444.121950</ele>

      </trkpt>
      <trkpt lat="44.773601" lon="5.412987">
        <ele>444.173704</ele>

      </trkpt>
      <trkpt lat="44.773603" lon="5.413007">
        <ele>444.182709</ele>

      </trkpt>
      <trkpt lat="44.773641" lon="5.413137">
        <ele>444.245391</ele>

      </trkpt>
      <trkpt lat="44.773694" lon="5.413241">
        <ele>444.302471</ele>

      </trkpt>
      <trkpt lat="44.773766" lon="5.413311">
        <ele>444.357415</ele>

      </trkpt>
      <trkpt lat="44.773851" lon="5.413391">
        <ele>444.421619</ele>

      </trkpt>
      <trkpt lat="44.773945" lon="5.413465">
        <ele>444.489250</ele>

      </trkpt>
      <trkpt lat="44.774006" lon="5.413561">
        <ele>444.546693</ele>

      </trkpt>
      <trkpt lat="44.774025" lon="5.413721">
        <ele>444.619021</ele>

      </trkpt>
      <trkpt lat="44.774026" lon="5.413736">
        <ele>444.625738</ele>

      </trkpt>
      <trkpt lat="44.774022" lon="5.413806">
        <ele>444.657048</ele>

      </trkpt>
      <trkpt lat="44.774021" lon="5.413830">
        <ele>444.667767</ele>

      </trkpt>
      <trkpt lat="44.774023" lon="5.413842">
        <ele>444.673263</ele>

      </trkpt>
      <trkpt lat="44.774015" lon="5.413945">
        <ele>444.719459</ele>

      </trkpt>
      <trkpt lat="44.773987" lon="5.414095">
        <ele>444.788611</ele>

      </trkpt>
      <trkpt lat="44.773986" lon="5.414240">
        <ele>444.853262</ele>

      </trkpt>
      <trkpt lat="44.774000" lon="5.414374">
        <ele>445.066636</ele>

      </trkpt>
      <trkpt lat="44.774027" lon="5.414479">
        <ele>445.374023</ele>

      </trkpt>
      <trkpt lat="44.774044" lon="5.414532">
        <ele>445.534105</ele>

      </trkpt>
      <trkpt lat="44.774074" lon="5.414597">
        <ele>445.747505</ele>

      </trkpt>
      <trkpt lat="44.774096" lon="5.414649">
        <ele>445.914125</ele>

      </trkpt>
      <trkpt lat="44.774124" lon="5.414713">
        <ele>446.121051</ele>

      </trkpt>
      <trkpt lat="44.774136" lon="5.414754">
        <ele>446.243118</ele>

      </trkpt>
      <trkpt lat="44.774136" lon="5.414799">
        <ele>446.366980</ele>

      </trkpt>
      <trkpt lat="44.774114" lon="5.414912">
        <ele>446.689495</ele>

      </trkpt>
      <trkpt lat="44.774106" lon="5.414955">
        <ele>446.811849</ele>

      </trkpt>
      <trkpt lat="44.774092" lon="5.415024">
        <ele>447.009375</ele>

      </trkpt>
      <trkpt lat="44.774083" lon="5.415056">
        <ele>447.104116</ele>

      </trkpt>
      <trkpt lat="44.774076" lon="5.415071">
        <ele>447.153525</ele>

      </trkpt>
      <trkpt lat="44.774028" lon="5.415209">
        <ele>447.576512</ele>

      </trkpt>
      <trkpt lat="44.774011" lon="5.415313">
        <ele>447.870262</ele>

      </trkpt>
      <trkpt lat="44.774013" lon="5.415346">
        <ele>447.961424</ele>

      </trkpt>
      <trkpt lat="44.774009" lon="5.415457">
        <ele>448.267343</ele>

      </trkpt>
      <trkpt lat="44.773960" lon="5.415595">
        <ele>448.692051</ele>

      </trkpt>
      <trkpt lat="44.773936" lon="5.415657">
        <ele>448.886428</ele>

      </trkpt>
      <trkpt lat="44.773911" lon="5.415704">
        <ele>449.048082</ele>

      </trkpt>
      <trkpt lat="44.773890" lon="5.415738">
        <ele>449.172130</ele>

      </trkpt>
      <trkpt lat="44.773856" lon="5.415801">
        <ele>449.389958</ele>

      </trkpt>
      <trkpt lat="44.773831" lon="5.415935">
        <ele>449.771317</ele>

      </trkpt>
      <trkpt lat="44.773824" lon="5.416033">
        <ele>450.042423</ele>

      </trkpt>
      <trkpt lat="44.773819" lon="5.416082">
        <ele>450.178682</ele>

      </trkpt>
      <trkpt lat="44.773797" lon="5.416181">
        <ele>450.464218</ele>

      </trkpt>
      <trkpt lat="44.773773" lon="5.416296">
        <ele>450.794150</ele>

      </trkpt>
      <trkpt lat="44.773770" lon="5.416430">
        <ele>451.163168</ele>

      </trkpt>
      <trkpt lat="44.773756" lon="5.416570">
        <ele>451.552322</ele>

      </trkpt>
      <trkpt lat="44.773698" lon="5.416678">
        <ele>451.934796</ele>

      </trkpt>
      <trkpt lat="44.773676" lon="5.416735">
        <ele>452.139276</ele>

      </trkpt>
      <trkpt lat="44.773644" lon="5.416788">
        <ele>452.358560</ele>

      </trkpt>
      <trkpt lat="44.773610" lon="5.416825">
        <ele>452.549305</ele>

      </trkpt>
      <trkpt lat="44.773604" lon="5.416835">
        <ele>452.590571</ele>

      </trkpt>
      <trkpt lat="44.773570" lon="5.416867">
        <ele>452.772110</ele>

      </trkpt>
      <trkpt lat="44.773557" lon="5.416966">
        <ele>453.089420</ele>

      </trkpt>
      <trkpt lat="44.773542" lon="5.417126">
        <ele>453.598067</ele>

      </trkpt>
      <trkpt lat="44.773556" lon="5.417249">
        <ele>453.990675</ele>

      </trkpt>
      <trkpt lat="44.773554" lon="5.417282">
        <ele>454.095059</ele>

      </trkpt>
      <trkpt lat="44.773553" lon="5.417301">
        <ele>454.155105</ele>

      </trkpt>
      <trkpt lat="44.773553" lon="5.417320">
        <ele>454.214987</ele>

      </trkpt>
      <trkpt lat="44.773548" lon="5.417471">
        <ele>454.691408</ele>

      </trkpt>
      <trkpt lat="44.773567" lon="5.417613">
        <ele>455.146827</ele>

      </trkpt>
      <trkpt lat="44.773616" lon="5.417750">
        <ele>455.630313</ele>

      </trkpt>
      <trkpt lat="44.773638" lon="5.417872">
        <ele>456.027028</ele>

      </trkpt>
      <trkpt lat="44.773646" lon="5.417900">
        <ele>456.122155</ele>

      </trkpt>
      <trkpt lat="44.773709" lon="5.418055">
        <ele>456.685068</ele>

      </trkpt>
      <trkpt lat="44.773709" lon="5.418110">
        <ele>456.858410</ele>

      </trkpt>
      <trkpt lat="44.773701" lon="5.418166">
        <ele>457.038442</ele>

      </trkpt>
      <trkpt lat="44.773674" lon="5.418304">
        <ele>457.489589</ele>

      </trkpt>
      <trkpt lat="44.773671" lon="5.418383">
        <ele>457.738928</ele>

      </trkpt>
      <trkpt lat="44.773667" lon="5.418419">
        <ele>457.853769</ele>

      </trkpt>
      <trkpt lat="44.773665" lon="5.418433">
        <ele>457.898777</ele>

      </trkpt>
      <trkpt lat="44.773636" lon="5.418561">
        <ele>458.322239</ele>

      </trkpt>
      <trkpt lat="44.773601" lon="5.418666">
        <ele>458.687830</ele>

      </trkpt>
      <trkpt lat="44.773600" lon="5.418687">
        <ele>458.754164</ele>

      </trkpt>
      <trkpt lat="44.773598" lon="5.418777">
        <ele>459.037954</ele>

      </trkpt>
      <trkpt lat="44.773587" lon="5.418908">
        <ele>459.453702</ele>

      </trkpt>
      <trkpt lat="44.773588" lon="5.418921">
        <ele>459.494914</ele>

      </trkpt>
      <trkpt lat="44.773579" lon="5.419052">
        <ele>459.948604</ele>

      </trkpt>
      <trkpt lat="44.773561" lon="5.419141">
        <ele>460.411194</ele>

      </trkpt>
      <trkpt lat="44.773552" lon="5.419203">
        <ele>460.727528</ele>

      </trkpt>
      <trkpt lat="44.773516" lon="5.419348">
        <ele>461.495395</ele>

      </trkpt>
      <trkpt lat="44.773491" lon="5.419414">
        <ele>461.869339</ele>

      </trkpt>
      <trkpt lat="44.773481" lon="5.419480">
        <ele>462.206686</ele>

      </trkpt>
      <trkpt lat="44.773481" lon="5.419495">
        <ele>462.281667</ele>

      </trkpt>
      <trkpt lat="44.773503" lon="5.419612">
        <ele>462.886688</ele>

      </trkpt>
      <trkpt lat="44.773554" lon="5.419705">
        <ele>463.474124</ele>

      </trkpt>
      <trkpt lat="44.773575" lon="5.419730">
        <ele>463.667729</ele>

      </trkpt>
      <trkpt lat="44.773645" lon="5.419803">
        <ele>464.281010</ele>

      </trkpt>
      <trkpt lat="44.773684" lon="5.419844">
        <ele>464.623674</ele>

      </trkpt>
      <trkpt lat="44.773714" lon="5.419892">
        <ele>464.943354</ele>

      </trkpt>
      <trkpt lat="44.773722" lon="5.419902">
        <ele>465.018667</ele>

      </trkpt>
      <trkpt lat="44.773809" lon="5.419994">
        <ele>465.784684</ele>

      </trkpt>
      <trkpt lat="44.773832" lon="5.420006">
        <ele>465.957391</ele>

      </trkpt>
      <trkpt lat="44.773874" lon="5.420044">
        <ele>466.308881</ele>

      </trkpt>
      <trkpt lat="44.773882" lon="5.420058">
        <ele>466.398718</ele>

      </trkpt>
      <trkpt lat="44.773965" lon="5.420170">
        <ele>467.208047</ele>

      </trkpt>
      <trkpt lat="44.774058" lon="5.420312">
        <ele>468.173799</ele>

      </trkpt>
      <trkpt lat="44.774069" lon="5.420330">
        <ele>468.292523</ele>

      </trkpt>
      <trkpt lat="44.774082" lon="5.420358">
        <ele>468.459763</ele>

      </trkpt>
      <trkpt lat="44.774089" lon="5.420371">
        <ele>468.541325</ele>

      </trkpt>
      <trkpt lat="44.774105" lon="5.420414">
        <ele>468.784006</ele>

      </trkpt>
      <trkpt lat="44.774134" lon="5.420527">
        <ele>469.384635</ele>

      </trkpt>
      <trkpt lat="44.774137" lon="5.420537">
        <ele>469.438903</ele>

      </trkpt>
      <trkpt lat="44.774175" lon="5.420634">
        <ele>469.992706</ele>

      </trkpt>
      <trkpt lat="44.774182" lon="5.420657">
        <ele>470.117796</ele>

      </trkpt>
      <trkpt lat="44.774185" lon="5.420669">
        <ele>470.181392</ele>

      </trkpt>
      <trkpt lat="44.774191" lon="5.420667">
        <ele>470.224807</ele>

      </trkpt>
      <trkpt lat="44.774204" lon="5.420671">
        <ele>470.318505</ele>

      </trkpt>
      <trkpt lat="44.774292" lon="5.420745">
        <ele>471.040167</ele>

      </trkpt>
      <trkpt lat="44.774301" lon="5.420752">
        <ele>471.112559</ele>

      </trkpt>
      <trkpt lat="44.774390" lon="5.420851">
        <ele>471.911082</ele>

      </trkpt>
      <trkpt lat="44.774451" lon="5.420913">
        <ele>472.440748</ele>

      </trkpt>
      <trkpt lat="44.774479" lon="5.420951">
        <ele>472.701465</ele>

      </trkpt>
      <trkpt lat="44.774513" lon="5.421014">
        <ele>473.071977</ele>

      </trkpt>
      <trkpt lat="44.774542" lon="5.421121">
        <ele>473.608199</ele>

      </trkpt>
      <trkpt lat="44.774547" lon="5.421143">
        <ele>473.716349</ele>

      </trkpt>
      <trkpt lat="44.774574" lon="5.421247">
        <ele>474.234795</ele>

      </trkpt>
      <trkpt lat="44.774588" lon="5.421324">
        <ele>474.606930</ele>

      </trkpt>
      <trkpt lat="44.774576" lon="5.421457">
        <ele>475.234618</ele>

      </trkpt>
      <trkpt lat="44.774554" lon="5.421596">
        <ele>475.901366</ele>

      </trkpt>
      <trkpt lat="44.774550" lon="5.421621">
        <ele>476.021348</ele>

      </trkpt>
      <trkpt lat="44.774563" lon="5.421798">
        <ele>476.854449</ele>

      </trkpt>
      <trkpt lat="44.774586" lon="5.421924">
        <ele>477.463546</ele>

      </trkpt>
      <trkpt lat="44.774620" lon="5.422034">
        <ele>478.025243</ele>

      </trkpt>
      <trkpt lat="44.774653" lon="5.422162">
        <ele>478.662810</ele>

      </trkpt>
      <trkpt lat="44.774675" lon="5.422283">
        <ele>479.247592</ele>

      </trkpt>
      <trkpt lat="44.774677" lon="5.422301">
        <ele>479.332890</ele>

      </trkpt>
      <trkpt lat="44.774700" lon="5.422393">
        <ele>479.789544</ele>

      </trkpt>
      <trkpt lat="44.774708" lon="5.422434">
        <ele>479.988617</ele>

      </trkpt>
      <trkpt lat="44.774729" lon="5.422507">
        <ele>480.357383</ele>

      </trkpt>
      <trkpt lat="44.774730" lon="5.422516">
        <ele>480.400032</ele>

      </trkpt>
      <trkpt lat="44.774742" lon="5.422575">
        <ele>480.687371</ele>

      </trkpt>
      <trkpt lat="44.774759" lon="5.422652">
        <ele>481.064901</ele>

      </trkpt>
      <trkpt lat="44.774778" lon="5.422701">
        <ele>481.326301</ele>

      </trkpt>
      <trkpt lat="44.774809" lon="5.422781">
        <ele>481.753011</ele>

      </trkpt>
      <trkpt lat="44.774827" lon="5.422866">
        <ele>482.168291</ele>

      </trkpt>
      <trkpt lat="44.774851" lon="5.422933">
        <ele>482.519643</ele>

      </trkpt>
      <trkpt lat="44.774852" lon="5.422947">
        <ele>482.585519</ele>

      </trkpt>
      <trkpt lat="44.774865" lon="5.423007">
        <ele>482.879218</ele>

      </trkpt>
      <trkpt lat="44.774868" lon="5.423017">
        <ele>482.930045</ele>

      </trkpt>
      <trkpt lat="44.774871" lon="5.423062">
        <ele>483.141652</ele>

      </trkpt>
      <trkpt lat="44.774870" lon="5.423099">
        <ele>483.315003</ele>

      </trkpt>
      <trkpt lat="44.774861" lon="5.423147">
        <ele>483.547435</ele>

      </trkpt>
      <trkpt lat="44.774866" lon="5.423154">
        <ele>483.593926</ele>

      </trkpt>
      <trkpt lat="44.774863" lon="5.423201">
        <ele>483.814857</ele>

      </trkpt>
      <trkpt lat="44.774870" lon="5.423240">
        <ele>484.003192</ele>

      </trkpt>
      <trkpt lat="44.774889" lon="5.423305">
        <ele>484.332297</ele>

      </trkpt>
      <trkpt lat="44.774933" lon="5.423359">
        <ele>484.920928</ele>

      </trkpt>
      <trkpt lat="44.774965" lon="5.423410">
        <ele>485.427094</ele>

      </trkpt>
      <trkpt lat="44.774993" lon="5.423476">
        <ele>485.998861</ele>

      </trkpt>
      <trkpt lat="44.775012" lon="5.423540">
        <ele>486.514730</ele>

      </trkpt>
      <trkpt lat="44.775014" lon="5.423556">
        <ele>486.635542</ele>

      </trkpt>
      <trkpt lat="44.775032" lon="5.423620">
        <ele>487.147460</ele>

      </trkpt>
      <trkpt lat="44.775039" lon="5.423642">
        <ele>487.326742</ele>

      </trkpt>
      <trkpt lat="44.775065" lon="5.423683">
        <ele>487.735570</ele>

      </trkpt>
      <trkpt lat="44.775126" lon="5.423726">
        <ele>488.450117</ele>

      </trkpt>
      <trkpt lat="44.775166" lon="5.423729">
        <ele>488.869732</ele>

      </trkpt>
      <trkpt lat="44.775191" lon="5.423733">
        <ele>489.133304</ele>

      </trkpt>
      <trkpt lat="44.775247" lon="5.423741">
        <ele>489.722943</ele>

      </trkpt>
      <trkpt lat="44.775258" lon="5.423748">
        <ele>489.849385</ele>

      </trkpt>
      <trkpt lat="44.775294" lon="5.423778">
        <ele>490.287549</ele>

      </trkpt>
      <trkpt lat="44.775288" lon="5.423839">
        <ele>490.745498</ele>

      </trkpt>
      <trkpt lat="44.775297" lon="5.423877">
        <ele>491.043391</ele>

      </trkpt>
      <trkpt lat="44.775309" lon="5.423921">
        <ele>491.393905</ele>

      </trkpt>
      <trkpt lat="44.775307" lon="5.424024">
        <ele>492.160132</ele>

      </trkpt>
      <trkpt lat="44.775331" lon="5.424065">
        <ele>492.555310</ele>

      </trkpt>
      <trkpt lat="44.775322" lon="5.424074">
        <ele>492.670929</ele>

      </trkpt>
      <trkpt lat="44.775312" lon="5.424098">
        <ele>492.877873</ele>

      </trkpt>
      <trkpt lat="44.775299" lon="5.424146">
        <ele>493.259912</ele>

      </trkpt>
      <trkpt lat="44.775293" lon="5.424158">
        <ele>493.369061</ele>

      </trkpt>
      <trkpt lat="44.775318" lon="5.424267">
        <ele>494.220876</ele>

      </trkpt>
      <trkpt lat="44.775323" lon="5.424288">
        <ele>494.385589</ele>

      </trkpt>
      <trkpt lat="44.775360" lon="5.424372">
        <ele>495.120719</ele>

      </trkpt>
      <trkpt lat="44.775376" lon="5.424483">
        <ele>495.962994</ele>

      </trkpt>
      <trkpt lat="44.775373" lon="5.424515">
        <ele>496.203022</ele>

      </trkpt>
      <trkpt lat="44.775371" lon="5.424629">
        <ele>497.051019</ele>

      </trkpt>
      <trkpt lat="44.775371" lon="5.424654">
        <ele>497.236927</ele>

      </trkpt>
      <trkpt lat="44.775368" lon="5.424749">
        <ele>497.944074</ele>

      </trkpt>
      <trkpt lat="44.775370" lon="5.424782">
        <ele>498.190365</ele>

      </trkpt>
      <trkpt lat="44.775372" lon="5.424862">
        <ele>498.785638</ele>

      </trkpt>
      <trkpt lat="44.775377" lon="5.424877">
        <ele>498.908867</ele>

      </trkpt>
      <trkpt lat="44.775390" lon="5.424982">
        <ele>499.701466</ele>

      </trkpt>
      <trkpt lat="44.775397" lon="5.425087">
        <ele>500.485713</ele>

      </trkpt>
      <trkpt lat="44.775402" lon="5.425115">
        <ele>500.700416</ele>

      </trkpt>
      <trkpt lat="44.775409" lon="5.425193">
        <ele>501.285064</ele>

      </trkpt>
      <trkpt lat="44.775417" lon="5.425259">
        <ele>501.782963</ele>

      </trkpt>
      <trkpt lat="44.775432" lon="5.425298">
        <ele>502.112811</ele>

      </trkpt>
      <trkpt lat="44.775477" lon="5.425385">
        <ele>502.913293</ele>

      </trkpt>
      <trkpt lat="44.775481" lon="5.425410">
        <ele>503.103864</ele>

      </trkpt>
      <trkpt lat="44.775493" lon="5.425472">
        <ele>503.262219</ele>

      </trkpt>
      <trkpt lat="44.775493" lon="5.425547">
        <ele>503.337202</ele>

      </trkpt>
      <trkpt lat="44.775495" lon="5.425603">
        <ele>503.393259</ele>

      </trkpt>
      <trkpt lat="44.775497" lon="5.425652">
        <ele>503.442328</ele>

      </trkpt>
      <trkpt lat="44.775489" lon="5.425782">
        <ele>503.572784</ele>

      </trkpt>
      <trkpt lat="44.775486" lon="5.425781">
        <ele>503.577126</ele>

      </trkpt>
      <trkpt lat="44.775494" lon="5.425754">
        <ele>503.606377</ele>

      </trkpt>
      <trkpt lat="44.775497" lon="5.425739">
        <ele>503.621957</ele>

      </trkpt>
      <trkpt lat="44.775513" lon="5.425730">
        <ele>503.646221</ele>

      </trkpt>
      <trkpt lat="44.775516" lon="5.425723">
        <ele>503.654396</ele>

      </trkpt>
      <trkpt lat="44.775520" lon="5.425724">
        <ele>503.660117</ele>

      </trkpt>
      <trkpt lat="44.775510" lon="5.425723">
        <ele>503.674236</ele>

      </trkpt>
      <trkpt lat="44.775507" lon="5.425724">
        <ele>503.678578</ele>

      </trkpt>
      <trkpt lat="44.775456" lon="5.425744">
        <ele>503.753136</ele>

      </trkpt>
      <trkpt lat="44.775449" lon="5.425768">
        <ele>503.779077</ele>

      </trkpt>
      <trkpt lat="44.775463" lon="5.425776">
        <ele>503.800354</ele>

      </trkpt>
      <trkpt lat="44.775444" lon="5.425765">
        <ele>503.829285</ele>

      </trkpt>
      <trkpt lat="44.775475" lon="5.425748">
        <ele>503.876136</ele>

      </trkpt>
      <trkpt lat="44.775491" lon="5.425738">
        <ele>503.900788</ele>

      </trkpt>
      <trkpt lat="44.775498" lon="5.425733">
        <ele>503.911841</ele>

      </trkpt>
      <trkpt lat="44.775501" lon="5.425731">
        <ele>503.916516</ele>

      </trkpt>
      <trkpt lat="44.775502" lon="5.425729">
        <ele>503.918961</ele>

      </trkpt>
      <trkpt lat="44.775499" lon="5.425731">
        <ele>503.923636</ele>

      </trkpt>
      <trkpt lat="44.775520" lon="5.425723">
        <ele>503.954274</ele>

      </trkpt>
      <trkpt lat="44.775499" lon="5.425746">
        <ele>503.991737</ele>

      </trkpt>
      <trkpt lat="44.775485" lon="5.425754">
        <ele>504.013014</ele>

      </trkpt>
      <trkpt lat="44.775498" lon="5.425754">
        <ele>504.031323</ele>

      </trkpt>
      <trkpt lat="44.775489" lon="5.425755">
        <ele>504.044038</ele>

      </trkpt>
      <trkpt lat="44.775488" lon="5.425740">
        <ele>504.059100</ele>

      </trkpt>
      <trkpt lat="44.775499" lon="5.425737">
        <ele>504.074880</ele>

      </trkpt>
      <trkpt lat="44.775500" lon="5.425741">
        <ele>504.079120</ele>

      </trkpt>
      <trkpt lat="44.775499" lon="5.425738">
        <ele>504.082433</ele>

      </trkpt>
      <trkpt lat="44.775493" lon="5.425745">
        <ele>504.093405</ele>

      </trkpt>
      <trkpt lat="44.775488" lon="5.425747">
        <ele>504.100725</ele>

      </trkpt>
      <trkpt lat="44.775476" lon="5.425744">
        <ele>504.117890</ele>

      </trkpt>
      <trkpt lat="44.775492" lon="5.425739">
        <ele>504.140971</ele>

      </trkpt>
      <trkpt lat="44.775492" lon="5.425757">
        <ele>504.158967</ele>

      </trkpt>
      <trkpt lat="44.775492" lon="5.425757">
        <ele>504.158967</ele>

      </trkpt>
      <trkpt lat="44.775489" lon="5.425760">
        <ele>504.164148</ele>

      </trkpt>
      <trkpt lat="44.775487" lon="5.425767">
        <ele>504.171692</ele>

      </trkpt>
      <trkpt lat="44.775459" lon="5.425747">
        <ele>504.215906</ele>

      </trkpt>
      <trkpt lat="44.775447" lon="5.425793">
        <ele>504.264902</ele>

      </trkpt>
      <trkpt lat="44.775487" lon="5.425805">
        <ele>504.322500</ele>

      </trkpt>
      <trkpt lat="44.775482" lon="5.425808">
        <ele>504.330154</ele>

      </trkpt>
      <trkpt lat="44.775478" lon="5.425809">
        <ele>504.335876</ele>

      </trkpt>
      <trkpt lat="44.775478" lon="5.425803">
        <ele>504.341874</ele>

      </trkpt>
      <trkpt lat="44.775485" lon="5.425794">
        <ele>504.355222</ele>

      </trkpt>
      <trkpt lat="44.775498" lon="5.425746">
        <ele>504.406584</ele>

      </trkpt>
      <trkpt lat="44.775502" lon="5.425737">
        <ele>504.417200</ele>

      </trkpt>
      <trkpt lat="44.775506" lon="5.425742">
        <ele>504.424732</ele>

      </trkpt>
      <trkpt lat="44.775520" lon="5.425783">
        <ele>504.470217</ele>

      </trkpt>
      <trkpt lat="44.775500" lon="5.425761">
        <ele>504.505955</ele>

      </trkpt>
      <trkpt lat="44.775492" lon="5.425741">
        <ele>504.528906</ele>

      </trkpt>
      <trkpt lat="44.775478" lon="5.425729">
        <ele>504.551986</ele>

      </trkpt>
      <trkpt lat="44.775462" lon="5.425768">
        <ele>504.597020</ele>

      </trkpt>
      <trkpt lat="44.775483" lon="5.425740">
        <ele>504.637743</ele>

      </trkpt>
      <trkpt lat="44.775486" lon="5.425743">
        <ele>504.642924</ele>

      </trkpt>
      <trkpt lat="44.775491" lon="5.425739">
        <ele>504.651022</ele>

      </trkpt>
      <trkpt lat="44.775496" lon="5.425733">
        <ele>504.660273</ele>

      </trkpt>
      <trkpt lat="44.775506" lon="5.425720">
        <ele>504.679437</ele>

      </trkpt>
      <trkpt lat="44.775521" lon="5.425729">
        <ele>504.702399</ele>

      </trkpt>
      <trkpt lat="44.775511" lon="5.425727">
        <ele>504.716624</ele>

      </trkpt>
      <trkpt lat="44.775514" lon="5.425725">
        <ele>504.721298</ele>

      </trkpt>
      <trkpt lat="44.775512" lon="5.425719">
        <ele>504.727925</ele>

      </trkpt>
      <trkpt lat="44.775507" lon="5.425715">
        <ele>504.736023</ele>

      </trkpt>
      <trkpt lat="44.775463" lon="5.425740">
        <ele>504.802842</ele>

      </trkpt>
      <trkpt lat="44.775514" lon="5.425739">
        <ele>504.874676</ele>

      </trkpt>
      <trkpt lat="44.775533" lon="5.425708">
        <ele>504.915622</ele>

      </trkpt>
      <trkpt lat="44.775497" lon="5.425714">
        <ele>504.966677</ele>

      </trkpt>
      <trkpt lat="44.775490" lon="5.425735">
        <ele>504.989871</ele>

      </trkpt>
      <trkpt lat="44.775495" lon="5.425742">
        <ele>504.999799</ele>

      </trkpt>
      <trkpt lat="44.775533" lon="5.425732">
        <ele>505.054243</ele>

      </trkpt>
      <trkpt lat="44.775527" lon="5.425728">
        <ele>505.063591</ele>

      </trkpt>
      <trkpt lat="44.775500" lon="5.425723">
        <ele>505.101945</ele>

      </trkpt>
      <trkpt lat="44.775495" lon="5.425719">
        <ele>505.110043</ele>

      </trkpt>
      <trkpt lat="44.775470" lon="5.425705">
        <ele>505.147932</ele>

      </trkpt>
      <trkpt lat="44.775499" lon="5.425724">
        <ele>505.192976</ele>

      </trkpt>
      <trkpt lat="44.775495" lon="5.425725">
        <ele>505.198697</ele>

      </trkpt>
      <trkpt lat="44.775469" lon="5.425741">
        <ele>505.238656</ele>

      </trkpt>
      <trkpt lat="44.775471" lon="5.425743">
        <ele>505.242110</ele>

      </trkpt>
      <trkpt lat="44.775486" lon="5.425732">
        <ele>505.265927</ele>

      </trkpt>
      <trkpt lat="44.775491" lon="5.425728">
        <ele>505.274025</ele>

      </trkpt>
      <trkpt lat="44.775502" lon="5.425725">
        <ele>505.289805</ele>

      </trkpt>
      <trkpt lat="44.775533" lon="5.425718">
        <ele>505.334022</ele>

      </trkpt>
      <trkpt lat="44.775527" lon="5.425712">
        <ele>505.344384</ele>

      </trkpt>
      <trkpt lat="44.775501" lon="5.425753">
        <ele>505.399348</ele>

      </trkpt>
      <trkpt lat="44.775482" lon="5.425744">
        <ele>505.427580</ele>

      </trkpt>
      <trkpt lat="44.775473" lon="5.425755">
        <ele>505.444361</ele>

      </trkpt>
      <trkpt lat="44.775482" lon="5.425774">
        <ele>505.467197</ele>

      </trkpt>
      <trkpt lat="44.775482" lon="5.425777">
        <ele>505.470196</ele>

      </trkpt>
      <trkpt lat="44.775490" lon="5.425791">
        <ele>505.488164</ele>

      </trkpt>
      <trkpt lat="44.775489" lon="5.425785">
        <ele>505.494326</ele>

      </trkpt>
      <trkpt lat="44.775489" lon="5.425784">
        <ele>505.495326</ele>

      </trkpt>
      <trkpt lat="44.775489" lon="5.425781">
        <ele>505.498325</ele>

      </trkpt>
      <trkpt lat="44.775485" lon="5.425772">
        <ele>505.508941</ele>

      </trkpt>
      <trkpt lat="44.775489" lon="5.425766">
        <ele>505.517170</ele>

      </trkpt>
      <trkpt lat="44.775490" lon="5.425765">
        <ele>505.518897</ele>

      </trkpt>
      <trkpt lat="44.775506" lon="5.425752">
        <ele>505.544910</ele>

      </trkpt>
      <trkpt lat="44.775507" lon="5.425751">
        <ele>505.546638</ele>

      </trkpt>
      <trkpt lat="44.775499" lon="5.425753">
        <ele>505.558081</ele>

      </trkpt>
      <trkpt lat="44.775483" lon="5.425758">
        <ele>505.581162</ele>

      </trkpt>
      <trkpt lat="44.775475" lon="5.425758">
        <ele>505.592429</ele>

      </trkpt>
      <trkpt lat="44.775468" lon="5.425758">
        <ele>505.602288</ele>

      </trkpt>
      <trkpt lat="44.775487" lon="5.425770">
        <ele>505.631613</ele>

      </trkpt>
      <trkpt lat="44.775489" lon="5.425767">
        <ele>505.635728</ele>

      </trkpt>
      <trkpt lat="44.775497" lon="5.425751">
        <ele>505.655293</ele>

      </trkpt>
      <trkpt lat="44.775493" lon="5.425736">
        <ele>505.671313</ele>

      </trkpt>
      <trkpt lat="44.775508" lon="5.425688">
        <ele>505.723746</ele>

      </trkpt>
      <trkpt lat="44.775511" lon="5.425693">
        <ele>505.730291</ele>

      </trkpt>
      <trkpt lat="44.775499" lon="5.425717">
        <ele>505.749223</ele>

      </trkpt>
      <trkpt lat="44.775496" lon="5.425729">
        <ele>505.752412</ele>

      </trkpt>
      <trkpt lat="44.775490" lon="5.425723">
        <ele>505.755009</ele>

      </trkpt>
      <trkpt lat="44.775490" lon="5.425725">
        <ele>505.755510</ele>

      </trkpt>
      <trkpt lat="44.775496" lon="5.425737">
        <ele>505.759189</ele>

      </trkpt>
      <trkpt lat="44.775505" lon="5.425767">
        <ele>505.767351</ele>

      </trkpt>
      <trkpt lat="44.775504" lon="5.425766">
        <ele>505.767784</ele>

      </trkpt>
      <trkpt lat="44.775481" lon="5.425713">
        <ele>505.783351</ele>

      </trkpt>
      <trkpt lat="44.775487" lon="5.425690">
        <ele>505.789492</ele>

      </trkpt>
      <trkpt lat="44.775491" lon="5.425678">
        <ele>505.792814</ele>

      </trkpt>
      <trkpt lat="44.775493" lon="5.425675">
        <ele>505.793846</ele>

      </trkpt>
      <trkpt lat="44.775489" lon="5.425683">
        <ele>505.796298</ele>

      </trkpt>
      <trkpt lat="44.775497" lon="5.425728">
        <ele>505.807923</ele>

      </trkpt>
      <trkpt lat="44.775479" lon="5.425731">
        <ele>505.814322</ele>

      </trkpt>
      <trkpt lat="44.775498" lon="5.425724">
        <ele>505.821256</ele>

      </trkpt>
      <trkpt lat="44.775498" lon="5.425721">
        <ele>505.822007</ele>

      </trkpt>
      <trkpt lat="44.775519" lon="5.425727">
        <ele>505.829572</ele>

      </trkpt>
      <trkpt lat="44.775522" lon="5.425804">
        <ele>505.848898</ele>

      </trkpt>
      <trkpt lat="44.775518" lon="5.425812">
        <ele>505.851350</ele>

      </trkpt>
      <trkpt lat="44.775514" lon="5.425815">
        <ele>505.852950</ele>

      </trkpt>
      <trkpt lat="44.775504" lon="5.425776">
        <ele>505.863341</ele>

      </trkpt>
      <trkpt lat="44.775510" lon="5.425725">
        <ele>505.876297</ele>

      </trkpt>
      <trkpt lat="44.775517" lon="5.425723">
        <ele>505.878818</ele>

      </trkpt>
      <trkpt lat="44.775538" lon="5.425710">
        <ele>505.886916</ele>

      </trkpt>
      <trkpt lat="44.775538" lon="5.425712">
        <ele>505.887417</ele>

      </trkpt>
      <trkpt lat="44.775535" lon="5.425715">
        <ele>505.888716</ele>

      </trkpt>
      <trkpt lat="44.775533" lon="5.425715">
        <ele>505.889422</ele>

      </trkpt>
      <trkpt lat="44.775520" lon="5.425734">
        <ele>505.896035</ele>

      </trkpt>
      <trkpt lat="44.775518" lon="5.425739">
        <ele>505.897474</ele>

      </trkpt>
      <trkpt lat="44.775494" lon="5.425759">
        <ele>505.907318</ele>

      </trkpt>
      <trkpt lat="44.775485" lon="5.425777">
        <ele>505.912835</ele>

      </trkpt>
      <trkpt lat="44.775483" lon="5.425772">
        <ele>505.914274</ele>

      </trkpt>
      <trkpt lat="44.775489" lon="5.425754">
        <ele>505.919257</ele>

      </trkpt>
      <trkpt lat="44.775500" lon="5.425744">
        <ele>505.923879</ele>

      </trkpt>
      <trkpt lat="44.775499" lon="5.425766">
        <ele>505.929404</ele>

      </trkpt>
      <trkpt lat="44.775468" lon="5.425747">
        <ele>505.941339</ele>

      </trkpt>
      <trkpt lat="44.775467" lon="5.425764">
        <ele>505.945613</ele>

      </trkpt>
      <trkpt lat="44.775468" lon="5.425773">
        <ele>505.947896</ele>

      </trkpt>
      <trkpt lat="44.775465" lon="5.425749">
        <ele>505.954003</ele>

      </trkpt>
      <trkpt lat="44.775462" lon="5.425747">
        <ele>505.955175</ele>

      </trkpt>
      <trkpt lat="44.775509" lon="5.425716">
        <ele>505.973496</ele>

      </trkpt>
      <trkpt lat="44.775520" lon="5.425720">
        <ele>505.977507</ele>

      </trkpt>
      <trkpt lat="44.775521" lon="5.425712">
        <ele>505.979543</ele>

      </trkpt>
      <trkpt lat="44.775541" lon="5.425701">
        <ele>505.987122</ele>

      </trkpt>
      <trkpt lat="44.775531" lon="5.425717">
        <ele>505.992465</ele>

      </trkpt>
      <trkpt lat="44.775528" lon="5.425721">
        <ele>505.993923</ele>

      </trkpt>
      <trkpt lat="44.775512" lon="5.425746">
        <ele>506.002358</ele>

      </trkpt>
      <trkpt lat="44.775485" lon="5.425730">
        <ele>506.012699</ele>

      </trkpt>
      <trkpt lat="44.775490" lon="5.425761">
        <ele>506.020666</ele>

      </trkpt>
      <trkpt lat="44.775487" lon="5.425788">
        <ele>506.027515</ele>

      </trkpt>
      <trkpt lat="44.775469" lon="5.425761">
        <ele>506.036797</ele>

      </trkpt>
      <trkpt lat="44.775463" lon="5.425764">
        <ele>506.039045</ele>

      </trkpt>
      <trkpt lat="44.775440" lon="5.425770">
        <ele>506.047303</ele>

      </trkpt>
      <trkpt lat="44.775448" lon="5.425695">
        <ele>506.066309</ele>

      </trkpt>
      <trkpt lat="44.775449" lon="5.425680">
        <ele>506.070085</ele>

      </trkpt>
      <trkpt lat="44.775446" lon="5.425706">
        <ele>506.076686</ele>

      </trkpt>
      <trkpt lat="44.775456" lon="5.425711">
        <ele>506.080432</ele>

      </trkpt>
      <trkpt lat="44.775475" lon="5.425700">
        <ele>506.087684</ele>

      </trkpt>
      <trkpt lat="44.775480" lon="5.425701">
        <ele>506.089467</ele>

      </trkpt>
      <trkpt lat="44.775485" lon="5.425683">
        <ele>506.094311</ele>

      </trkpt>
      <trkpt lat="44.775502" lon="5.425735">
        <ele>506.108658</ele>

      </trkpt>
      <trkpt lat="44.775498" lon="5.425699">
        <ele>506.117790</ele>

      </trkpt>
      <trkpt lat="44.775498" lon="5.425700">
        <ele>506.118040</ele>

      </trkpt>
      <trkpt lat="44.775497" lon="5.425703">
        <ele>506.118871</ele>

      </trkpt>
      <trkpt lat="44.775508" lon="5.425705">
        <ele>506.122787</ele>

      </trkpt>
      <trkpt lat="44.775518" lon="5.425685">
        <ele>506.128917</ele>

      </trkpt>
      <trkpt lat="44.775517" lon="5.425695">
        <ele>506.131448</ele>

      </trkpt>
      <trkpt lat="44.775514" lon="5.425697">
        <ele>506.132620</ele>

      </trkpt>
      <trkpt lat="44.775515" lon="5.425698">
        <ele>506.133053</ele>

      </trkpt>
      <trkpt lat="44.775501" lon="5.425716">
        <ele>506.139744</ele>

      </trkpt>
      <trkpt lat="44.775498" lon="5.425708">
        <ele>506.142012</ele>

      </trkpt>
      <trkpt lat="44.775450" lon="5.425712">
        <ele>506.158987</ele>

      </trkpt>
      <trkpt lat="44.775456" lon="5.425721">
        <ele>506.162081</ele>

      </trkpt>
      <trkpt lat="44.775464" lon="5.425721">
        <ele>506.164905</ele>

      </trkpt>
      <trkpt lat="44.775486" lon="5.425735">
        <ele>506.173427</ele>

      </trkpt>
      <trkpt lat="44.775489" lon="5.425742">
        <ele>506.175477</ele>

      </trkpt>
      <trkpt lat="44.775493" lon="5.425755">
        <ele>506.179027</ele>

      </trkpt>
      <trkpt lat="44.775492" lon="5.425781">
        <ele>506.185553</ele>

      </trkpt>
      <trkpt lat="44.775504" lon="5.425791">
        <ele>506.190475</ele>

      </trkpt>
      <trkpt lat="44.775527" lon="5.425717">
        <ele>506.210719</ele>

      </trkpt>
      <trkpt lat="44.775526" lon="5.425697">
        <ele>506.215744</ele>

      </trkpt>
      <trkpt lat="44.775499" lon="5.425705">
        <ele>506.225484</ele>

      </trkpt>
      <trkpt lat="44.775501" lon="5.425721">
        <ele>506.229556</ele>

      </trkpt>
      <trkpt lat="44.775524" lon="5.425710">
        <ele>506.238131</ele>

      </trkpt>
      <trkpt lat="44.775514" lon="5.425736">
        <ele>506.245541</ele>

      </trkpt>
      <trkpt lat="44.775499" lon="5.425755">
        <ele>506.252663</ele>

      </trkpt>
      <trkpt lat="44.775487" lon="5.425777">
        <ele>506.259616</ele>

      </trkpt>
      <trkpt lat="44.775485" lon="5.425780">
        <ele>506.260647</ele>

      </trkpt>
      <trkpt lat="44.775482" lon="5.425777">
        <ele>506.261946</ele>

      </trkpt>
      <trkpt lat="44.775479" lon="5.425769">
        <ele>506.264213</ele>

      </trkpt>
      <trkpt lat="44.775480" lon="5.425767">
        <ele>506.264826</ele>

      </trkpt>
      <trkpt lat="44.775457" lon="5.425794">
        <ele>506.275396</ele>

      </trkpt>
      <trkpt lat="44.775452" lon="5.425796">
        <ele>506.277231</ele>

      </trkpt>
      <trkpt lat="44.775465" lon="5.425763">
        <ele>506.286689</ele>

      </trkpt>
      <trkpt lat="44.775468" lon="5.425758">
        <ele>506.288329</ele>

      </trkpt>
      <trkpt lat="44.775474" lon="5.425790">
        <ele>506.296624</ele>

      </trkpt>
      <trkpt lat="44.775469" lon="5.425792">
        <ele>506.298459</ele>

      </trkpt>
      <trkpt lat="44.775461" lon="5.425790">
        <ele>506.301327</ele>

      </trkpt>
      <trkpt lat="44.775460" lon="5.425788">
        <ele>506.301940</ele>

      </trkpt>
      <trkpt lat="44.775496" lon="5.425776">
        <ele>506.315000</ele>

      </trkpt>
      <trkpt lat="44.775505" lon="5.425774">
        <ele>506.318217</ele>

      </trkpt>
      <trkpt lat="44.775491" lon="5.425777">
        <ele>506.323216</ele>

      </trkpt>
      <trkpt lat="44.775489" lon="5.425780">
        <ele>506.324248</ele>

      </trkpt>
      <trkpt lat="44.775490" lon="5.425778">
        <ele>506.324861</ele>

      </trkpt>
      <trkpt lat="44.775490" lon="5.425776">
        <ele>506.325362</ele>

      </trkpt>
      <trkpt lat="44.775482" lon="5.425749">
        <ele>506.332694</ele>

      </trkpt>
      <trkpt lat="44.775486" lon="5.425735">
        <ele>506.336476</ele>

      </trkpt>
      <trkpt lat="44.775484" lon="5.425757">
        <ele>506.342034</ele>

      </trkpt>
      <trkpt lat="44.775483" lon="5.425758">
        <ele>506.342467</ele>

      </trkpt>
      <trkpt lat="44.775470" lon="5.425717">
        <ele>506.353721</ele>

      </trkpt>
      <trkpt lat="44.775485" lon="5.425719">
        <ele>506.359040</ele>

      </trkpt>
      <trkpt lat="44.775486" lon="5.425718">
        <ele>506.359473</ele>

      </trkpt>
      <trkpt lat="44.775487" lon="5.425719">
        <ele>506.359906</ele>

      </trkpt>
      <trkpt lat="44.775493" lon="5.425722">
        <ele>506.362153</ele>

      </trkpt>
      <trkpt lat="44.775495" lon="5.425725">
        <ele>506.363185</ele>

      </trkpt>
      <trkpt lat="44.775498" lon="5.425729">
        <ele>506.364643</ele>

      </trkpt>
      <trkpt lat="44.775505" lon="5.425743">
        <ele>506.368934</ele>

      </trkpt>
      <trkpt lat="44.775507" lon="5.425761">
        <ele>506.373500</ele>

      </trkpt>
      <trkpt lat="44.775495" lon="5.425776">
        <ele>506.379164</ele>

      </trkpt>
      <trkpt lat="44.775493" lon="5.425775">
        <ele>506.379913</ele>

      </trkpt>
      <trkpt lat="44.775493" lon="5.425769">
        <ele>506.383456</ele>

      </trkpt>
      <trkpt lat="44.775489" lon="5.425756">
        <ele>506.397322</ele>

      </trkpt>
      <trkpt lat="44.775477" lon="5.425726">
        <ele>506.431024</ele>

      </trkpt>
      <trkpt lat="44.775468" lon="5.425756">
        <ele>506.462899</ele>

      </trkpt>
      <trkpt lat="44.775470" lon="5.425764">
        <ele>506.471200</ele>

      </trkpt>
      <trkpt lat="44.775466" lon="5.425745">
        <ele>506.490596</ele>

      </trkpt>
      <trkpt lat="44.775459" lon="5.425726">
        <ele>506.511547</ele>

      </trkpt>
      <trkpt lat="44.775457" lon="5.425721">
        <ele>506.517164</ele>

      </trkpt>
      <trkpt lat="44.775456" lon="5.425711">
        <ele>506.527047</ele>

      </trkpt>
      <trkpt lat="44.775457" lon="5.425702">
        <ele>506.535963</ele>

      </trkpt>
      <trkpt lat="44.775450" lon="5.425659">
        <ele>506.579139</ele>

      </trkpt>
      <trkpt lat="44.775445" lon="5.425661">
        <ele>506.586306</ele>

      </trkpt>
      <trkpt lat="44.775454" lon="5.425687">
        <ele>506.614616</ele>

      </trkpt>
      <trkpt lat="44.775475" lon="5.425707">
        <ele>506.649565</ele>

      </trkpt>
      <trkpt lat="44.775497" lon="5.425733">
        <ele>506.689156</ele>

      </trkpt>
      <trkpt lat="44.775502" lon="5.425741">
        <ele>506.699588</ele>

      </trkpt>
      <trkpt lat="44.775499" lon="5.425757">
        <ele>506.715784</ele>

      </trkpt>
      <trkpt lat="44.775487" lon="5.425747">
        <ele>506.735007</ele>

      </trkpt>
      <trkpt lat="44.775481" lon="5.425732">
        <ele>506.751858</ele>

      </trkpt>
      <trkpt lat="44.775480" lon="5.425725">
        <ele>506.758846</ele>

      </trkpt>
      <trkpt lat="44.775482" lon="5.425718">
        <ele>506.766231</ele>

      </trkpt>
      <trkpt lat="44.775485" lon="5.425719">
        <ele>506.770481</ele>

      </trkpt>
      <trkpt lat="44.775488" lon="5.425720">
        <ele>506.774732</ele>

      </trkpt>
      <trkpt lat="44.775495" lon="5.425725">
        <ele>506.785552</ele>

      </trkpt>
      <trkpt lat="44.775498" lon="5.425724">
        <ele>506.789802</ele>

      </trkpt>
      <trkpt lat="44.775504" lon="5.425742">
        <ele>506.809265</ele>

      </trkpt>
      <trkpt lat="44.775501" lon="5.425738">
        <ele>506.814960</ele>

      </trkpt>
      <trkpt lat="44.775507" lon="5.425734">
        <ele>506.824111</ele>

      </trkpt>
      <trkpt lat="44.775504" lon="5.425736">
        <ele>506.828687</ele>

      </trkpt>
      <trkpt lat="44.775506" lon="5.425737">
        <ele>506.831613</ele>

      </trkpt>
      <trkpt lat="44.775501" lon="5.425730">
        <ele>506.841332</ele>

      </trkpt>
      <trkpt lat="44.775482" lon="5.425730">
        <ele>506.867527</ele>

      </trkpt>
      <trkpt lat="44.775493" lon="5.425782">
        <ele>506.920632</ele>

      </trkpt>
      <trkpt lat="44.775490" lon="5.425774">
        <ele>506.929486</ele>

      </trkpt>
      <trkpt lat="44.775488" lon="5.425752">
        <ele>506.951194</ele>

      </trkpt>
      <trkpt lat="44.775474" lon="5.425726">
        <ele>506.983132</ele>

      </trkpt>
      <trkpt lat="44.775471" lon="5.425732">
        <ele>506.990315</ele>

      </trkpt>
      <trkpt lat="44.775468" lon="5.425750">
        <ele>507.008411</ele>

      </trkpt>
      <trkpt lat="44.775470" lon="5.425756">
        <ele>507.014898</ele>

      </trkpt>
      <trkpt lat="44.775470" lon="5.425761">
        <ele>507.019792</ele>

      </trkpt>
      <trkpt lat="44.775477" lon="5.425774">
        <ele>507.035761</ele>

      </trkpt>
      <trkpt lat="44.775526" lon="5.425675">
        <ele>507.153879</ele>

      </trkpt>
      <trkpt lat="44.775534" lon="5.425660">
        <ele>507.172241</ele>

      </trkpt>
      <trkpt lat="44.775546" lon="5.425652">
        <ele>507.190544</ele>

      </trkpt>
      <trkpt lat="44.775546" lon="5.425684">
        <ele>507.221863</ele>

      </trkpt>
      <trkpt lat="44.775494" lon="5.425718">
        <ele>507.300901</ele>

      </trkpt>
      <trkpt lat="44.775478" lon="5.425727">
        <ele>507.324654</ele>

      </trkpt>
      <trkpt lat="44.775471" lon="5.425732">
        <ele>507.335475</ele>

      </trkpt>
      <trkpt lat="44.775442" lon="5.425766">
        <ele>507.387493</ele>

      </trkpt>
      <trkpt lat="44.775441" lon="5.425770">
        <ele>507.391643</ele>

      </trkpt>
      <trkpt lat="44.775438" lon="5.425778">
        <ele>507.400498</ele>

      </trkpt>
      <trkpt lat="44.775435" lon="5.425791">
        <ele>507.413877</ele>

      </trkpt>
      <trkpt lat="44.775430" lon="5.425837">
        <ele>507.459422</ele>

      </trkpt>
      <trkpt lat="44.775428" lon="5.425840">
        <ele>507.463450</ele>

      </trkpt>
      <trkpt lat="44.775416" lon="5.425841">
        <ele>507.480023</ele>

      </trkpt>
      <trkpt lat="44.775423" lon="5.425815">
        <ele>507.507238</ele>

      </trkpt>
      <trkpt lat="44.775416" lon="5.425812">
        <ele>507.517326</ele>

      </trkpt>
      <trkpt lat="44.775421" lon="5.425812">
        <ele>507.524219</ele>

      </trkpt>
      <trkpt lat="44.775421" lon="5.425809">
        <ele>507.527155</ele>

      </trkpt>
      <trkpt lat="44.775437" lon="5.425757">
        <ele>507.582623</ele>

      </trkpt>
      <trkpt lat="44.775458" lon="5.425720">
        <ele>507.628987</ele>

      </trkpt>
      <trkpt lat="44.775476" lon="5.425696">
        <ele>507.663157</ele>

      </trkpt>
      <trkpt lat="44.775477" lon="5.425687">
        <ele>507.672072</ele>

      </trkpt>
      <trkpt lat="44.775475" lon="5.425687">
        <ele>507.674830</ele>

      </trkpt>
      <trkpt lat="44.775491" lon="5.425726">
        <ele>507.718915</ele>

      </trkpt>
      <trkpt lat="44.775515" lon="5.425736">
        <ele>507.753421</ele>

      </trkpt>
      <trkpt lat="44.775519" lon="5.425715">
        <ele>507.774700</ele>

      </trkpt>
      <trkpt lat="44.775509" lon="5.425731">
        <ele>507.795564</ele>

      </trkpt>
      <trkpt lat="44.775508" lon="5.425748">
        <ele>507.812259</ele>

      </trkpt>
      <trkpt lat="44.775498" lon="5.425782">
        <ele>507.848278</ele>

      </trkpt>
      <trkpt lat="44.775506" lon="5.425751">
        <ele>507.880560</ele>

      </trkpt>
      <trkpt lat="44.775482" lon="5.425737">
        <ele>507.916374</ele>

      </trkpt>
      <trkpt lat="44.775476" lon="5.425734">
        <ele>507.925152</ele>

      </trkpt>
      <trkpt lat="44.775464" lon="5.425733">
        <ele>507.941725</ele>

      </trkpt>
      <trkpt lat="44.775463" lon="5.425769">
        <ele>507.976985</ele>

      </trkpt>
      <trkpt lat="44.775453" lon="5.425792">
        <ele>508.003382</ele>

      </trkpt>
      <trkpt lat="44.775438" lon="5.425788">
        <ele>508.024430</ele>

      </trkpt>
      <trkpt lat="44.775436" lon="5.425785">
        <ele>508.028458</ele>

      </trkpt>
      <trkpt lat="44.775434" lon="5.425781">
        <ele>508.033246</ele>

      </trkpt>
      <trkpt lat="44.775432" lon="5.425776">
        <ele>508.038863</ele>

      </trkpt>
      <trkpt lat="44.775461" lon="5.425719">
        <ele>508.107498</ele>

      </trkpt>
      <trkpt lat="44.775479" lon="5.425741">
        <ele>508.140353</ele>

      </trkpt>
      <trkpt lat="44.775472" lon="5.425746">
        <ele>508.151174</ele>

      </trkpt>
      <trkpt lat="44.775470" lon="5.425748">
        <ele>508.154555</ele>

      </trkpt>
      <trkpt lat="44.775445" lon="5.425815">
        <ele>508.228635</ele>

      </trkpt>
      <trkpt lat="44.775445" lon="5.425815">
        <ele>508.228635</ele>

      </trkpt>
      <trkpt lat="44.775464" lon="5.425771">
        <ele>508.279039</ele>

      </trkpt>
      <trkpt lat="44.775473" lon="5.425759">
        <ele>508.296124</ele>

      </trkpt>
      <trkpt lat="44.775474" lon="5.425758">
        <ele>508.297815</ele>

      </trkpt>
      <trkpt lat="44.775475" lon="5.425755">
        <ele>508.301059</ele>

      </trkpt>
      <trkpt lat="44.775477" lon="5.425752">
        <ele>508.305087</ele>

      </trkpt>
      <trkpt lat="44.775494" lon="5.425751">
        <ele>508.328545</ele>

      </trkpt>
      <trkpt lat="44.775498" lon="5.425779">
        <ele>508.356498</ele>

      </trkpt>
      <trkpt lat="44.775483" lon="5.425787">
        <ele>508.378611</ele>

      </trkpt>
      <trkpt lat="44.775441" lon="5.425798">
        <ele>508.437509</ele>

      </trkpt>
      <trkpt lat="44.775459" lon="5.425798">
        <ele>508.462326</ele>

      </trkpt>
      <trkpt lat="44.775482" lon="5.425763">
        <ele>508.509004</ele>

      </trkpt>
      <trkpt lat="44.775483" lon="5.425760">
        <ele>508.512248</ele>

      </trkpt>
      <trkpt lat="44.775477" lon="5.425762">
        <ele>508.520749</ele>

      </trkpt>
      <trkpt lat="44.775459" lon="5.425763">
        <ele>508.545585</ele>

      </trkpt>
      <trkpt lat="44.775460" lon="5.425750">
        <ele>508.558382</ele>

      </trkpt>
      <trkpt lat="44.775446" lon="5.425753">
        <ele>508.577906</ele>

      </trkpt>
      <trkpt lat="44.775466" lon="5.425720">
        <ele>508.620373</ele>

      </trkpt>
      <trkpt lat="44.775465" lon="5.425713">
        <ele>508.627361</ele>

      </trkpt>
      <trkpt lat="44.775463" lon="5.425707">
        <ele>508.633849</ele>

      </trkpt>
      <trkpt lat="44.775468" lon="5.425709">
        <ele>508.641015</ele>

      </trkpt>
      <trkpt lat="44.775472" lon="5.425711">
        <ele>508.646867</ele>

      </trkpt>
      <trkpt lat="44.775475" lon="5.425712">
        <ele>508.651117</ele>

      </trkpt>
      <trkpt lat="44.775510" lon="5.425711">
        <ele>508.699381</ele>

      </trkpt>
      <trkpt lat="44.775537" lon="5.425722">
        <ele>508.738132</ele>

      </trkpt>
      <trkpt lat="44.775527" lon="5.425733">
        <ele>508.755624</ele>

      </trkpt>
      <trkpt lat="44.775505" lon="5.425725">
        <ele>508.786950</ele>

      </trkpt>
      <trkpt lat="44.775494" lon="5.425733">
        <ele>508.804018</ele>

      </trkpt>
      <trkpt lat="44.775485" lon="5.425745">
        <ele>508.821103</ele>

      </trkpt>
      <trkpt lat="44.775493" lon="5.425745">
        <ele>508.832132</ele>

      </trkpt>
      <trkpt lat="44.775494" lon="5.425744">
        <ele>508.833823</ele>

      </trkpt>
      <trkpt lat="44.775480" lon="5.425731">
        <ele>508.856941</ele>

      </trkpt>
      <trkpt lat="44.775483" lon="5.425718">
        <ele>508.931188</ele>

      </trkpt>
      <trkpt lat="44.775524" lon="5.425669">
        <ele>509.465189</ele>

      </trkpt>
      <trkpt lat="44.775530" lon="5.425676">
        <ele>509.542562</ele>

      </trkpt>
      <trkpt lat="44.775529" lon="5.425682">
        <ele>509.586014</ele>

      </trkpt>
      <trkpt lat="44.775503" lon="5.425722">
        <ele>509.968388</ele>

      </trkpt>
      <trkpt lat="44.775500" lon="5.425731">
        <ele>510.038487</ele>

      </trkpt>
      <trkpt lat="44.775496" lon="5.425821">
        <ele>510.674252</ele>

      </trkpt>
      <trkpt lat="44.775504" lon="5.425777">
        <ele>510.994477</ele>

      </trkpt>
      <trkpt lat="44.775491" lon="5.425702">
        <ele>511.538781</ele>

      </trkpt>
      <trkpt lat="44.775490" lon="5.425693">
        <ele>511.603006</ele>

      </trkpt>
      <trkpt lat="44.775491" lon="5.425692">
        <ele>511.615186</ele>

      </trkpt>
      <trkpt lat="44.775497" lon="5.425720">
        <ele>511.821391</ele>

      </trkpt>
      <trkpt lat="44.775497" lon="5.425718">
        <ele>511.835491</ele>

      </trkpt>
      <trkpt lat="44.775501" lon="5.425706">
        <ele>511.928958</ele>

      </trkpt>
      <trkpt lat="44.775491" lon="5.425658">
        <ele>512.281643</ele>

      </trkpt>
      <trkpt lat="44.775489" lon="5.425672">
        <ele>512.382325</ele>

      </trkpt>
      <trkpt lat="44.775491" lon="5.425676">
        <ele>512.416819</ele>

      </trkpt>
      <trkpt lat="44.775509" lon="5.425689">
        <ele>512.617716</ele>

      </trkpt>
      <trkpt lat="44.775514" lon="5.425700">
        <ele>512.709805</ele>

      </trkpt>
      <trkpt lat="44.775523" lon="5.425733">
        <ele>512.959043</ele>

      </trkpt>
      <trkpt lat="44.775515" lon="5.425754">
        <ele>513.127071</ele>

      </trkpt>
      <trkpt lat="44.775507" lon="5.425775">
        <ele>513.295098</ele>

      </trkpt>
      <trkpt lat="44.775485" lon="5.425784">
        <ele>513.522623</ele>

      </trkpt>
      <trkpt lat="44.775478" lon="5.425764">
        <ele>513.679836</ele>

      </trkpt>
      <trkpt lat="44.775480" lon="5.425758">
        <ele>513.726569</ele>

      </trkpt>
      <trkpt lat="44.775475" lon="5.425727">
        <ele>513.950697</ele>

      </trkpt>
      <trkpt lat="44.775477" lon="5.425726">
        <ele>513.971775</ele>

      </trkpt>
      <trkpt lat="44.775498" lon="5.425739">
        <ele>514.199591</ele>

      </trkpt>
      <trkpt lat="44.775501" lon="5.425722">
        <ele>514.323093</ele>

      </trkpt>
      <trkpt lat="44.775485" lon="5.425740">
        <ele>514.526456</ele>

      </trkpt>
      <trkpt lat="44.775483" lon="5.425747">
        <ele>514.579655</ele>

      </trkpt>
      <trkpt lat="44.775508" lon="5.425704">
        <ele>514.971518</ele>

      </trkpt>
      <trkpt lat="44.775506" lon="5.425703">
        <ele>514.992595</ele>

      </trkpt>
      <trkpt lat="44.775480" lon="5.425711">
        <ele>515.256908</ele>

      </trkpt>
      <trkpt lat="44.775457" lon="5.425748">
        <ele>515.603647</ele>

      </trkpt>
      <trkpt lat="44.775461" lon="5.425745">
        <ele>515.648653</ele>

      </trkpt>
      <trkpt lat="44.775446" lon="5.425756">
        <ele>515.816607</ele>

      </trkpt>
      <trkpt lat="44.775446" lon="5.425756">
        <ele>515.816607</ele>

      </trkpt>
      <trkpt lat="44.775739" lon="5.426543">
        <ele>522.081939</ele>

      </trkpt>
      <trkpt lat="44.775792" lon="5.426538">
        <ele>522.609499</ele>

      </trkpt>
      <trkpt lat="44.775799" lon="5.426599">
        <ele>523.045146</ele>

      </trkpt>
      <trkpt lat="44.775811" lon="5.426667">
        <ele>523.539152</ele>

      </trkpt>
      <trkpt lat="44.775824" lon="5.426716">
        <ele>523.907952</ele>

      </trkpt>
      <trkpt lat="44.775838" lon="5.426757">
        <ele>524.228714</ele>

      </trkpt>
      <trkpt lat="44.775850" lon="5.426790">
        <ele>524.490120</ele>

      </trkpt>
      <trkpt lat="44.775876" lon="5.426856">
        <ele>525.022283</ele>

      </trkpt>
      <trkpt lat="44.775885" lon="5.426870">
        <ele>525.155445</ele>

      </trkpt>
      <trkpt lat="44.775907" lon="5.426898">
        <ele>525.449911</ele>

      </trkpt>
      <trkpt lat="44.775926" lon="5.426931">
        <ele>525.749474</ele>

      </trkpt>
      <trkpt lat="44.775962" lon="5.427026">
        <ele>526.508702</ele>

      </trkpt>
      <trkpt lat="44.775979" lon="5.427075">
        <ele>526.983879</ele>

      </trkpt>
      <trkpt lat="44.775993" lon="5.427103">
        <ele>527.354821</ele>

      </trkpt>
      <trkpt lat="44.776025" lon="5.427129">
        <ele>527.918455</ele>

      </trkpt>
      <trkpt lat="44.776048" lon="5.427136">
        <ele>528.277477</ele>

      </trkpt>
      <trkpt lat="44.776068" lon="5.427173">
        <ele>528.781176</ele>

      </trkpt>
      <trkpt lat="44.776080" lon="5.427194">
        <ele>529.073161</ele>

      </trkpt>
      <trkpt lat="44.776099" lon="5.427246">
        <ele>529.706596</ele>

      </trkpt>
      <trkpt lat="44.776107" lon="5.427268">
        <ele>529.974320</ele>

      </trkpt>
      <trkpt lat="44.776125" lon="5.427342">
        <ele>530.821552</ele>

      </trkpt>
      <trkpt lat="44.776134" lon="5.427362">
        <ele>531.078027</ele>

      </trkpt>
      <trkpt lat="44.776161" lon="5.427418">
        <ele>531.811229</ele>

      </trkpt>
      <trkpt lat="44.776175" lon="5.427455">
        <ele>532.265345</ele>

      </trkpt>
      <trkpt lat="44.776184" lon="5.427482">
        <ele>532.588414</ele>

      </trkpt>
      <trkpt lat="44.776200" lon="5.427519">
        <ele>533.057658</ele>

      </trkpt>
      <trkpt lat="44.776213" lon="5.427555">
        <ele>533.495119</ele>

      </trkpt>
      <trkpt lat="44.776227" lon="5.427585">
        <ele>533.883970</ele>

      </trkpt>
      <trkpt lat="44.776248" lon="5.427624">
        <ele>534.414146</ele>

      </trkpt>
      <trkpt lat="44.776262" lon="5.427643">
        <ele>534.710753</ele>

      </trkpt>
      <trkpt lat="44.776267" lon="5.427651">
        <ele>534.826198</ele>

      </trkpt>
      <trkpt lat="44.776288" lon="5.427678">
        <ele>535.259995</ele>

      </trkpt>
      <trkpt lat="44.776293" lon="5.427684">
        <ele>535.360210</ele>

      </trkpt>
      <trkpt lat="44.776321" lon="5.427708">
        <ele>535.860291</ele>

      </trkpt>
      <trkpt lat="44.776344" lon="5.427732">
        <ele>536.297003</ele>

      </trkpt>
      <trkpt lat="44.776384" lon="5.427758">
        <ele>536.969144</ele>

      </trkpt>
      <trkpt lat="44.776416" lon="5.427769">
        <ele>537.471714</ele>

      </trkpt>
      <trkpt lat="44.776435" lon="5.427773">
        <ele>537.764829</ele>

      </trkpt>
      <trkpt lat="44.776461" lon="5.427782">
        <ele>538.173329</ele>

      </trkpt>
      <trkpt lat="44.776482" lon="5.427777">
        <ele>538.498283</ele>

      </trkpt>
      <trkpt lat="44.776499" lon="5.427760">
        <ele>538.816371</ele>

      </trkpt>
      <trkpt lat="44.776517" lon="5.427726">
        <ele>539.275753</ele>

      </trkpt>
      <trkpt lat="44.776537" lon="5.427685">
        <ele>539.814557</ele>

      </trkpt>
      <trkpt lat="44.776540" lon="5.427674">
        <ele>539.942186</ele>

      </trkpt>
      <trkpt lat="44.776580" lon="5.427608">
        <ele>540.882110</ele>

      </trkpt>
      <trkpt lat="44.776604" lon="5.427593">
        <ele>541.282715</ele>

      </trkpt>
      <trkpt lat="44.776609" lon="5.427607">
        <ele>541.452455</ele>

      </trkpt>
      <trkpt lat="44.776650" lon="5.427628">
        <ele>542.118084</ele>

      </trkpt>
      <trkpt lat="44.776690" lon="5.427693">
        <ele>543.049797</ele>

      </trkpt>
      <trkpt lat="44.776706" lon="5.427704">
        <ele>543.321440</ele>

      </trkpt>
      <trkpt lat="44.776751" lon="5.427762">
        <ele>544.252045</ele>

      </trkpt>
      <trkpt lat="44.776753" lon="5.427769">
        <ele>544.333771</ele>

      </trkpt>
      <trkpt lat="44.776783" lon="5.427823">
        <ele>545.076454</ele>

      </trkpt>
      <trkpt lat="44.776800" lon="5.427849">
        <ele>545.459306</ele>

      </trkpt>
      <trkpt lat="44.776819" lon="5.427868">
        <ele>545.814815</ele>

      </trkpt>
      <trkpt lat="44.776835" lon="5.427883">
        <ele>546.108054</ele>

      </trkpt>
      <trkpt lat="44.776883" lon="5.427911">
        <ele>546.900726</ele>

      </trkpt>
      <trkpt lat="44.776902" lon="5.427918">
        <ele>547.200371</ele>

      </trkpt>
      <trkpt lat="44.776947" lon="5.427934">
        <ele>547.908497</ele>

      </trkpt>
      <trkpt lat="44.776977" lon="5.427965">
        <ele>548.476164</ele>

      </trkpt>
      <trkpt lat="44.776985" lon="5.427969">
        <ele>548.605685</ele>

      </trkpt>
      <trkpt lat="44.777045" lon="5.428017">
        <ele>549.658460</ele>

      </trkpt>
      <trkpt lat="44.777063" lon="5.428019">
        <ele>549.933950</ele>

      </trkpt>
      <trkpt lat="44.777069" lon="5.428019">
        <ele>550.025496</ele>

      </trkpt>
      <trkpt lat="44.777138" lon="5.428023">
        <ele>551.079165</ele>

      </trkpt>
      <trkpt lat="44.777144" lon="5.428022">
        <ele>551.171350</ele>

      </trkpt>
      <trkpt lat="44.777203" lon="5.428030">
        <ele>552.075712</ele>

      </trkpt>
      <trkpt lat="44.777217" lon="5.428039">
        <ele>552.310508</ele>

      </trkpt>
      <trkpt lat="44.777235" lon="5.428041">
        <ele>552.585999</ele>

      </trkpt>
      <trkpt lat="44.777265" lon="5.428041">
        <ele>553.043729</ele>

      </trkpt>
      <trkpt lat="44.777309" lon="5.428049">
        <ele>553.720634</ele>

      </trkpt>
      <trkpt lat="44.777354" lon="5.428062">
        <ele>554.341507</ele>

      </trkpt>
      <trkpt lat="44.777398" lon="5.428103">
        <ele>554.893172</ele>

      </trkpt>
      <trkpt lat="44.777408" lon="5.428118">
        <ele>555.045924</ele>

      </trkpt>
      <trkpt lat="44.777444" lon="5.428225">
        <ele>555.924889</ele>

      </trkpt>
      <trkpt lat="44.777444" lon="5.428240">
        <ele>556.036234</ele>

      </trkpt>
      <trkpt lat="44.777438" lon="5.428303">
        <ele>556.508076</ele>

      </trkpt>
      <trkpt lat="44.777426" lon="5.428325">
        <ele>556.714027</ele>

      </trkpt>
      <trkpt lat="44.777381" lon="5.428357">
        <ele>557.241156</ele>

      </trkpt>
      <trkpt lat="44.777347" lon="5.428387">
        <ele>557.660685</ele>

      </trkpt>
      <trkpt lat="44.777334" lon="5.428445">
        <ele>558.112174</ele>

      </trkpt>
      <trkpt lat="44.777367" lon="5.428506">
        <ele>558.681489</ele>

      </trkpt>
      <trkpt lat="44.777375" lon="5.428514">
        <ele>558.784081</ele>

      </trkpt>
      <trkpt lat="44.777400" lon="5.428547">
        <ele>559.142343</ele>

      </trkpt>
      <trkpt lat="44.777432" lon="5.428573">
        <ele>559.528641</ele>

      </trkpt>
      <trkpt lat="44.777485" lon="5.428585">
        <ele>560.089987</ele>

      </trkpt>
      <trkpt lat="44.777526" lon="5.428612">
        <ele>560.563265</ele>

      </trkpt>
      <trkpt lat="44.777560" lon="5.428613">
        <ele>560.918888</ele>

      </trkpt>
      <trkpt lat="44.777583" lon="5.428624">
        <ele>561.172886</ele>

      </trkpt>
      <trkpt lat="44.777602" lon="5.428632">
        <ele>561.380258</ele>

      </trkpt>
      <trkpt lat="44.777623" lon="5.428653">
        <ele>561.649562</ele>

      </trkpt>
      <trkpt lat="44.777634" lon="5.428671">
        <ele>561.825870</ele>

      </trkpt>
      <trkpt lat="44.777647" lon="5.428686">
        <ele>562.001592</ele>

      </trkpt>
      <trkpt lat="44.777663" lon="5.428696">
        <ele>562.184635</ele>

      </trkpt>
      <trkpt lat="44.777676" lon="5.428710">
        <ele>562.355751</ele>

      </trkpt>
      <trkpt lat="44.777711" lon="5.428743">
        <ele>562.796163</ele>

      </trkpt>
      <trkpt lat="44.777719" lon="5.428744">
        <ele>562.880149</ele>

      </trkpt>
      <trkpt lat="44.777732" lon="5.428753">
        <ele>563.031622</ele>

      </trkpt>
      <trkpt lat="44.777753" lon="5.428764">
        <ele>563.265912</ele>

      </trkpt>
      <trkpt lat="44.777758" lon="5.428768">
        <ele>563.326041</ele>

      </trkpt>
      <trkpt lat="44.777773" lon="5.428790">
        <ele>563.552477</ele>

      </trkpt>
      <trkpt lat="44.777793" lon="5.428872">
        <ele>564.196092</ele>

      </trkpt>
      <trkpt lat="44.777788" lon="5.428965">
        <ele>564.888407</ele>

      </trkpt>
      <trkpt lat="44.777784" lon="5.428976">
        <ele>564.980151</ele>

      </trkpt>
      <trkpt lat="44.777787" lon="5.429016">
        <ele>565.278723</ele>

      </trkpt>
      <trkpt lat="44.777780" lon="5.429121">
        <ele>566.061567</ele>

      </trkpt>
      <trkpt lat="44.777765" lon="5.429209">
        <ele>566.733360</ele>

      </trkpt>
      <trkpt lat="44.777752" lon="5.429339">
        <ele>567.707878</ele>

      </trkpt>
      <trkpt lat="44.777752" lon="5.429423">
        <ele>568.331410</ele>

      </trkpt>
      <trkpt lat="44.777755" lon="5.429433">
        <ele>568.411997</ele>

      </trkpt>
      <trkpt lat="44.777828" lon="5.429523">
        <ele>569.426424</ele>

      </trkpt>
      <trkpt lat="44.777838" lon="5.429526">
        <ele>569.533341</ele>

      </trkpt>
      <trkpt lat="44.777885" lon="5.429544">
        <ele>570.042668</ele>

      </trkpt>
      <trkpt lat="44.777891" lon="5.429546">
        <ele>570.107144</ele>

      </trkpt>
      <trkpt lat="44.777961" lon="5.429586">
        <ele>570.897076</ele>

      </trkpt>
      <trkpt lat="44.777994" lon="5.429604">
        <ele>571.267128</ele>

      </trkpt>
      <trkpt lat="44.778045" lon="5.429625">
        <ele>571.822761</ele>

      </trkpt>
      <trkpt lat="44.778074" lon="5.429646">
        <ele>572.163738</ele>

      </trkpt>
      <trkpt lat="44.778145" lon="5.429702">
        <ele>572.990595</ele>

      </trkpt>
      <trkpt lat="44.778175" lon="5.429723">
        <ele>573.122757</ele>

      </trkpt>
      <trkpt lat="44.778210" lon="5.429756">
        <ele>573.288911</ele>

      </trkpt>
      <trkpt lat="44.778316" lon="5.429779">
        <ele>573.712033</ele>

      </trkpt>
      <trkpt lat="44.778397" lon="5.429753">
        <ele>574.039784</ele>

      </trkpt>
      <trkpt lat="44.778459" lon="5.429763">
        <ele>574.285985</ele>

      </trkpt>
      <trkpt lat="44.778479" lon="5.429773">
        <ele>574.369711</ele>

      </trkpt>
      <trkpt lat="44.778521" lon="5.429788">
        <ele>574.540651</ele>

      </trkpt>
      <trkpt lat="44.778553" lon="5.429805">
        <ele>574.675576</ele>

      </trkpt>
      <trkpt lat="44.778598" lon="5.429837">
        <ele>574.874445</ele>

      </trkpt>
      <trkpt lat="44.778626" lon="5.429860">
        <ele>575.002317</ele>

      </trkpt>
      <trkpt lat="44.778649" lon="5.429894">
        <ele>575.133845</ele>

      </trkpt>
      <trkpt lat="44.778680" lon="5.430002">
        <ele>575.460084</ele>

      </trkpt>
      <trkpt lat="44.778715" lon="5.430087">
        <ele>575.735271</ele>

      </trkpt>
      <trkpt lat="44.778760" lon="5.430177">
        <ele>576.043559</ele>

      </trkpt>
      <trkpt lat="44.778751" lon="5.430330">
        <ele>576.473494</ele>

      </trkpt>
      <trkpt lat="44.778795" lon="5.430475">
        <ele>576.915104</ele>

      </trkpt>
      <trkpt lat="44.778835" lon="5.430524">
        <ele>577.124228</ele>

      </trkpt>
      <trkpt lat="44.778886" lon="5.430562">
        <ele>577.351842</ele>

      </trkpt>
      <trkpt lat="44.778916" lon="5.430583">
        <ele>577.484003</ele>

      </trkpt>
      <trkpt lat="44.778966" lon="5.430605">
        <ele>577.690660</ele>

      </trkpt>
      <trkpt lat="44.779033" lon="5.430663">
        <ele>578.000904</ele>

      </trkpt>
      <trkpt lat="44.779040" lon="5.430672">
        <ele>578.038292</ele>

      </trkpt>
      <trkpt lat="44.779112" lon="5.430746">
        <ele>578.389905</ele>

      </trkpt>
      <trkpt lat="44.779119" lon="5.430754">
        <ele>578.425466</ele>

      </trkpt>
      <trkpt lat="44.779188" lon="5.430863">
        <ele>578.834461</ele>

      </trkpt>
      <trkpt lat="44.779251" lon="5.430972">
        <ele>579.228098</ele>

      </trkpt>
      <trkpt lat="44.779286" lon="5.431003">
        <ele>579.391203</ele>

      </trkpt>
      <trkpt lat="44.779349" lon="5.431037">
        <ele>579.657363</ele>

      </trkpt>
      <trkpt lat="44.779410" lon="5.431069">
        <ele>579.914164</ele>

      </trkpt>
      <trkpt lat="44.779431" lon="5.431080">
        <ele>580.002554</ele>

      </trkpt>
      <trkpt lat="44.779445" lon="5.431079">
        <ele>580.057858</ele>

      </trkpt>
      <trkpt lat="44.779450" lon="5.431081">
        <ele>580.089004</ele>

      </trkpt>
      <trkpt lat="44.779458" lon="5.431085">
        <ele>580.178768</ele>

      </trkpt>
      <trkpt lat="44.779468" lon="5.431090">
        <ele>580.290973</ele>

      </trkpt>
      <trkpt lat="44.779487" lon="5.431101">
        <ele>580.508187</ele>

      </trkpt>
      <trkpt lat="44.779523" lon="5.431141">
        <ele>580.993009</ele>

      </trkpt>
      <trkpt lat="44.779551" lon="5.431200">
        <ele>581.525713</ele>

      </trkpt>
      <trkpt lat="44.779597" lon="5.431248">
        <ele>582.131024</ele>

      </trkpt>
      <trkpt lat="44.779602" lon="5.431242">
        <ele>582.200476</ele>

      </trkpt>
      <trkpt lat="44.779612" lon="5.431230">
        <ele>582.339379</ele>

      </trkpt>
      <trkpt lat="44.779626" lon="5.431250">
        <ele>582.550212</ele>

      </trkpt>
      <trkpt lat="44.779644" lon="5.431348">
        <ele>583.310010</ele>

      </trkpt>
      <trkpt lat="44.779669" lon="5.431407">
        <ele>583.825756</ele>

      </trkpt>
      <trkpt lat="44.779679" lon="5.431420">
        <ele>583.969640</ele>

      </trkpt>
      <trkpt lat="44.779687" lon="5.431431">
        <ele>584.087847</ele>

      </trkpt>
      <trkpt lat="44.779698" lon="5.431448">
        <ele>584.260506</ele>

      </trkpt>
      <trkpt lat="44.779702" lon="5.431457">
        <ele>584.340207</ele>

      </trkpt>
      <trkpt lat="44.779715" lon="5.431480">
        <ele>584.560886</ele>

      </trkpt>
      <trkpt lat="44.779732" lon="5.431510">
        <ele>584.849014</ele>

      </trkpt>
      <trkpt lat="44.779738" lon="5.431520">
        <ele>584.947295</ele>

      </trkpt>
      <trkpt lat="44.779786" lon="5.431566">
        <ele>585.561160</ele>

      </trkpt>
      <trkpt lat="44.779807" lon="5.431577">
        <ele>585.798072</ele>

      </trkpt>
      <trkpt lat="44.779858" lon="5.431578">
        <ele>586.337410</ele>

      </trkpt>
      <trkpt lat="44.779953" lon="5.431573">
        <ele>587.342665</ele>

      </trkpt>
      <trkpt lat="44.780011" lon="5.431592">
        <ele>587.972333</ele>

      </trkpt>
      <trkpt lat="44.780032" lon="5.431605">
        <ele>588.214884</ele>

      </trkpt>
      <trkpt lat="44.780049" lon="5.431618">
        <ele>588.419421</ele>

      </trkpt>
      <trkpt lat="44.780110" lon="5.431664">
        <ele>589.151043</ele>

      </trkpt>
      <trkpt lat="44.780191" lon="5.431729">
        <ele>590.136760</ele>

      </trkpt>
      <trkpt lat="44.780199" lon="5.431738">
        <ele>590.245016</ele>

      </trkpt>
      <trkpt lat="44.780253" lon="5.431775">
        <ele>590.879978</ele>

      </trkpt>
      <trkpt lat="44.780286" lon="5.431790">
        <ele>591.246641</ele>

      </trkpt>
      <trkpt lat="44.780316" lon="5.431824">
        <ele>591.653774</ele>

      </trkpt>
      <trkpt lat="44.780326" lon="5.431827">
        <ele>591.761888</ele>

      </trkpt>
      <trkpt lat="44.780366" lon="5.431881">
        <ele>592.347703</ele>

      </trkpt>
      <trkpt lat="44.780379" lon="5.431890">
        <ele>592.500869</ele>

      </trkpt>
      <trkpt lat="44.780399" lon="5.431902">
        <ele>592.730735</ele>

      </trkpt>
      <trkpt lat="44.780445" lon="5.431954">
        <ele>593.354379</ele>

      </trkpt>
      <trkpt lat="44.780475" lon="5.431981">
        <ele>593.730812</ele>

      </trkpt>
      <trkpt lat="44.780508" lon="5.432012">
        <ele>594.150222</ele>

      </trkpt>
      <trkpt lat="44.780558" lon="5.432062">
        <ele>594.798586</ele>

      </trkpt>
      <trkpt lat="44.780597" lon="5.432088">
        <ele>595.254824</ele>

      </trkpt>
      <trkpt lat="44.780643" lon="5.432114">
        <ele>595.778926</ele>

      </trkpt>
      <trkpt lat="44.780652" lon="5.432111">
        <ele>595.876722</ele>

      </trkpt>
      <trkpt lat="44.780710" lon="5.432126">
        <ele>596.500276</ele>

      </trkpt>
      <trkpt lat="44.780768" lon="5.432134">
        <ele>597.116515</ele>

      </trkpt>
      <trkpt lat="44.780815" lon="5.432139">
        <ele>597.614919</ele>

      </trkpt>
      <trkpt lat="44.780826" lon="5.432140">
        <ele>597.731478</ele>

      </trkpt>
      <trkpt lat="44.780877" lon="5.432166">
        <ele>598.304987</ele>

      </trkpt>
      <trkpt lat="44.780884" lon="5.432169">
        <ele>598.382356</ele>

      </trkpt>
      <trkpt lat="44.780927" lon="5.432216">
        <ele>598.957846</ele>

      </trkpt>
      <trkpt lat="44.780943" lon="5.432231">
        <ele>599.178189</ele>

      </trkpt>
      <trkpt lat="44.780963" lon="5.432252">
        <ele>599.506692</ele>

      </trkpt>
      <trkpt lat="44.780995" lon="5.432274">
        <ele>599.975627</ele>

      </trkpt>
      <trkpt lat="44.781001" lon="5.432273">
        <ele>600.055197</ele>

      </trkpt>
      <trkpt lat="44.781016" lon="5.432281">
        <ele>600.266426</ele>

      </trkpt>
      <trkpt lat="44.781039" lon="5.432297">
        <ele>600.604246</ele>

      </trkpt>
      <trkpt lat="44.781054" lon="5.432296">
        <ele>600.802014</ele>

      </trkpt>
      <trkpt lat="44.781108" lon="5.432306">
        <ele>601.519301</ele>

      </trkpt>
      <trkpt lat="44.781166" lon="5.432309">
        <ele>602.283664</ele>

      </trkpt>
      <trkpt lat="44.781188" lon="5.432313">
        <ele>602.575802</ele>

      </trkpt>
      <trkpt lat="44.781208" lon="5.432317">
        <ele>602.841839</ele>

      </trkpt>
      <trkpt lat="44.781300" lon="5.432336">
        <ele>604.066410</ele>

      </trkpt>
      <trkpt lat="44.781331" lon="5.432381">
        <ele>604.652611</ele>

      </trkpt>
      <trkpt lat="44.781329" lon="5.432401">
        <ele>604.841416</ele>

      </trkpt>
      <trkpt lat="44.781364" lon="5.432501">
        <ele>605.883676</ele>

      </trkpt>
      <trkpt lat="44.781437" lon="5.432607">
        <ele>607.264301</ele>

      </trkpt>
      <trkpt lat="44.781478" lon="5.432708">
        <ele>608.351939</ele>

      </trkpt>
      <trkpt lat="44.781503" lon="5.432745">
        <ele>608.829464</ele>

      </trkpt>
      <trkpt lat="44.781519" lon="5.432755">
        <ele>609.059985</ele>

      </trkpt>
      <trkpt lat="44.781546" lon="5.432796">
        <ele>609.582797</ele>

      </trkpt>
      <trkpt lat="44.781587" lon="5.432817">
        <ele>610.157336</ele>

      </trkpt>
      <trkpt lat="44.781596" lon="5.432820">
        <ele>610.279136</ele>

      </trkpt>
      <trkpt lat="44.781641" lon="5.432843">
        <ele>610.909572</ele>

      </trkpt>
      <trkpt lat="44.781649" lon="5.432847">
        <ele>611.021369</ele>

      </trkpt>
      <trkpt lat="44.781703" lon="5.432876">
        <ele>611.782454</ele>

      </trkpt>
      <trkpt lat="44.781735" lon="5.432878">
        <ele>612.204302</ele>

      </trkpt>
      <trkpt lat="44.781755" lon="5.432886">
        <ele>612.478109</ele>

      </trkpt>
      <trkpt lat="44.781805" lon="5.432895">
        <ele>613.141952</ele>

      </trkpt>
      <trkpt lat="44.781840" lon="5.432907">
        <ele>613.616348</ele>

      </trkpt>
      <trkpt lat="44.781885" lon="5.432906">
        <ele>614.209063</ele>

      </trkpt>
      <trkpt lat="44.781900" lon="5.432901">
        <ele>614.412064</ele>

      </trkpt>
      <trkpt lat="44.781946" lon="5.432894">
        <ele>615.021399</ele>

      </trkpt>
      <trkpt lat="44.781964" lon="5.432901">
        <ele>615.267320</ele>

      </trkpt>
      <trkpt lat="44.781979" lon="5.432908">
        <ele>615.475423</ele>

      </trkpt>
      <trkpt lat="44.782008" lon="5.432911">
        <ele>615.858375</ele>

      </trkpt>
      <trkpt lat="44.782033" lon="5.432915">
        <ele>616.189737</ele>

      </trkpt>
      <trkpt lat="44.782064" lon="5.432901">
        <ele>616.618463</ele>

      </trkpt>
      <trkpt lat="44.782094" lon="5.432900">
        <ele>617.013668</ele>

      </trkpt>
      <trkpt lat="44.782113" lon="5.432901">
        <ele>617.264069</ele>

      </trkpt>
      <trkpt lat="44.782133" lon="5.432896">
        <ele>617.531579</ele>

      </trkpt>
      <trkpt lat="44.782166" lon="5.432885">
        <ele>617.978181</ele>

      </trkpt>
      <trkpt lat="44.782183" lon="5.432872">
        <ele>618.232922</ele>

      </trkpt>
      <trkpt lat="44.782224" lon="5.432868">
        <ele>618.774177</ele>

      </trkpt>
      <trkpt lat="44.782231" lon="5.432867">
        <ele>618.866838</ele>

      </trkpt>
      <trkpt lat="44.782271" lon="5.432879">
        <ele>619.405441</ele>

      </trkpt>
      <trkpt lat="44.782284" lon="5.432882">
        <ele>619.578930</ele>

      </trkpt>
      <trkpt lat="44.782328" lon="5.432885">
        <ele>620.159080</ele>

      </trkpt>
      <trkpt lat="44.782334" lon="5.432880">
        <ele>620.250886</ele>

      </trkpt>
      <trkpt lat="44.782381" lon="5.432890">
        <ele>620.876886</ele>

      </trkpt>
      <trkpt lat="44.782426" lon="5.432907">
        <ele>621.490463</ele>

      </trkpt>
      <trkpt lat="44.782455" lon="5.432922">
        <ele>621.897313</ele>

      </trkpt>
      <trkpt lat="44.782492" lon="5.432939">
        <ele>622.409853</ele>

      </trkpt>
      <trkpt lat="44.782518" lon="5.432950">
        <ele>622.767373</ele>

      </trkpt>
      <trkpt lat="44.782555" lon="5.432957">
        <ele>623.322868</ele>

      </trkpt>
      <trkpt lat="44.782589" lon="5.432960">
        <ele>623.831197</ele>

      </trkpt>
      <trkpt lat="44.782618" lon="5.432967">
        <ele>624.270230</ele>

      </trkpt>
      <trkpt lat="44.782625" lon="5.432973">
        <ele>624.392493</ele>

      </trkpt>
      <trkpt lat="44.782661" lon="5.433022">
        <ele>625.139411</ele>

      </trkpt>
      <trkpt lat="44.782679" lon="5.433044">
        <ele>625.494983</ele>

      </trkpt>
      <trkpt lat="44.782725" lon="5.433085">
        <ele>626.307201</ele>

      </trkpt>
      <trkpt lat="44.782731" lon="5.433093">
        <ele>626.430467</ele>

      </trkpt>
      <trkpt lat="44.782745" lon="5.433152">
        <ele>627.089338</ele>

      </trkpt>
      <trkpt lat="44.782760" lon="5.433181">
        <ele>627.469382</ele>

      </trkpt>
      <trkpt lat="44.782835" lon="5.433264">
        <ele>628.892472</ele>

      </trkpt>
      <trkpt lat="44.782854" lon="5.433274">
        <ele>629.195119</ele>

      </trkpt>
      <trkpt lat="44.782897" lon="5.433280">
        <ele>629.839889</ele>

      </trkpt>
      <trkpt lat="44.782904" lon="5.433282">
        <ele>629.946466</ele>

      </trkpt>
      <trkpt lat="44.782949" lon="5.433313">
        <ele>630.693910</ele>

      </trkpt>
      <trkpt lat="44.782986" lon="5.433320">
        <ele>631.250966</ele>

      </trkpt>
      <trkpt lat="44.783040" lon="5.433319">
        <ele>632.056803</ele>

      </trkpt>
      <trkpt lat="44.783055" lon="5.433323">
        <ele>632.284602</ele>

      </trkpt>
      <trkpt lat="44.783082" lon="5.433346">
        <ele>632.755403</ele>

      </trkpt>
      <trkpt lat="44.783112" lon="5.433363">
        <ele>633.237903</ele>

      </trkpt>
      <trkpt lat="44.783124" lon="5.433371">
        <ele>633.435997</ele>

      </trkpt>
      <trkpt lat="44.783190" lon="5.433425">
        <ele>634.574844</ele>

      </trkpt>
      <trkpt lat="44.783203" lon="5.433439">
        <ele>634.819004</ele>

      </trkpt>
      <trkpt lat="44.783204" lon="5.433426">
        <ele>634.957494</ele>

      </trkpt>
      <trkpt lat="44.783169" lon="5.433390">
        <ele>635.604119</ele>

      </trkpt>
      <trkpt lat="44.783204" lon="5.433447">
        <ele>636.402363</ele>

      </trkpt>
      <trkpt lat="44.783183" lon="5.433446">
        <ele>636.715896</ele>

      </trkpt>
      <trkpt lat="44.783192" lon="5.433437">
        <ele>636.880580</ele>

      </trkpt>
      <trkpt lat="44.783220" lon="5.433420">
        <ele>637.335529</ele>

      </trkpt>
      <trkpt lat="44.783235" lon="5.433406">
        <ele>637.604011</ele>

      </trkpt>
      <trkpt lat="44.783249" lon="5.433438">
        <ele>638.002135</ele>

      </trkpt>
      <trkpt lat="44.783260" lon="5.433435">
        <ele>638.169320</ele>

      </trkpt>
      <trkpt lat="44.783258" lon="5.433439">
        <ele>638.221140</ele>

      </trkpt>
      <trkpt lat="44.783266" lon="5.433473">
        <ele>638.600505</ele>

      </trkpt>
      <trkpt lat="44.783268" lon="5.433503">
        <ele>638.919634</ele>

      </trkpt>
      <trkpt lat="44.783276" lon="5.433524">
        <ele>639.172056</ele>

      </trkpt>
      <trkpt lat="44.783286" lon="5.433550">
        <ele>639.485253</ele>

      </trkpt>
      <trkpt lat="44.783301" lon="5.433573">
        <ele>639.816062</ele>

      </trkpt>
      <trkpt lat="44.783310" lon="5.433624">
        <ele>640.372649</ele>

      </trkpt>
      <trkpt lat="44.783308" lon="5.433670">
        <ele>640.860748</ele>

      </trkpt>
      <trkpt lat="44.783299" lon="5.433720">
        <ele>641.407062</ele>

      </trkpt>
      <trkpt lat="44.783285" lon="5.433777">
        <ele>642.045873</ele>

      </trkpt>
      <trkpt lat="44.783268" lon="5.433836">
        <ele>642.720269</ele>

      </trkpt>
      <trkpt lat="44.783255" lon="5.433864">
        <ele>643.074627</ele>

      </trkpt>
      <trkpt lat="44.783225" lon="5.433922">
        <ele>643.834712</ele>

      </trkpt>
      <trkpt lat="44.783219" lon="5.433953">
        <ele>644.175022</ele>

      </trkpt>
      <trkpt lat="44.783182" lon="5.434079">
        <ele>645.619191</ele>

      </trkpt>
      <trkpt lat="44.783136" lon="5.434164">
        <ele>646.751255</ele>

      </trkpt>
      <trkpt lat="44.783131" lon="5.434177">
        <ele>646.907853</ele>

      </trkpt>
      <trkpt lat="44.783127" lon="5.434198">
        <ele>647.138135</ele>

      </trkpt>
      <trkpt lat="44.783125" lon="5.434208">
        <ele>647.248169</ele>

      </trkpt>
      <trkpt lat="44.783125" lon="5.434248">
        <ele>647.671811</ele>

      </trkpt>
      <trkpt lat="44.783127" lon="5.434259">
        <ele>647.792074</ele>

      </trkpt>
      <trkpt lat="44.783147" lon="5.434311">
        <ele>648.418469</ele>

      </trkpt>
      <trkpt lat="44.783156" lon="5.434328">
        <ele>648.643085</ele>

      </trkpt>
      <trkpt lat="44.783169" lon="5.434351">
        <ele>648.954480</ele>

      </trkpt>
      <trkpt lat="44.783199" lon="5.434425">
        <ele>649.827679</ele>

      </trkpt>
      <trkpt lat="44.783206" lon="5.434447">
        <ele>650.051677</ele>

      </trkpt>
      <trkpt lat="44.783231" lon="5.434470">
        <ele>650.442514</ele>

      </trkpt>
      <trkpt lat="44.783260" lon="5.434469">
        <ele>650.822234</ele>

      </trkpt>
      <trkpt lat="44.783281" lon="5.434476">
        <ele>651.104710</ele>

      </trkpt>
      <trkpt lat="44.783342" lon="5.434465">
        <ele>651.909706</ele>

      </trkpt>
      <trkpt lat="44.783369" lon="5.434455">
        <ele>652.275140</ele>

      </trkpt>
      <trkpt lat="44.783394" lon="5.434448">
        <ele>652.608787</ele>

      </trkpt>
      <trkpt lat="44.783425" lon="5.434417">
        <ele>653.106397</ele>

      </trkpt>
      <trkpt lat="44.783493" lon="5.434363">
        <ele>654.128163</ele>

      </trkpt>
      <trkpt lat="44.783511" lon="5.434357">
        <ele>654.370286</ele>

      </trkpt>
      <trkpt lat="44.783577" lon="5.434362">
        <ele>655.235465</ele>

      </trkpt>
      <trkpt lat="44.783641" lon="5.434403">
        <ele>656.155753</ele>

      </trkpt>
      <trkpt lat="44.783647" lon="5.434425">
        <ele>656.374721</ele>

      </trkpt>
      <trkpt lat="44.783684" lon="5.434508">
        <ele>657.285339</ele>

      </trkpt>
      <trkpt lat="44.783716" lon="5.434537">
        <ele>657.783386</ele>

      </trkpt>
      <trkpt lat="44.783741" lon="5.434548">
        <ele>658.126220</ele>

      </trkpt>
      <trkpt lat="44.783774" lon="5.434592">
        <ele>658.720954</ele>

      </trkpt>
      <trkpt lat="44.783791" lon="5.434627">
        <ele>659.114983</ele>

      </trkpt>
      <trkpt lat="44.783803" lon="5.434681">
        <ele>659.640701</ele>

      </trkpt>
      <trkpt lat="44.783812" lon="5.434688">
        <ele>659.775269</ele>

      </trkpt>
      <trkpt lat="44.783843" lon="5.434682">
        <ele>660.184866</ele>

      </trkpt>
      <trkpt lat="44.783868" lon="5.434691">
        <ele>660.522627</ele>

      </trkpt>
      <trkpt lat="44.783911" lon="5.434710">
        <ele>661.112523</ele>

      </trkpt>
      <trkpt lat="44.783944" lon="5.434738">
        <ele>661.616773</ele>

      </trkpt>
      <trkpt lat="44.783969" lon="5.434761">
        <ele>662.007609</ele>

      </trkpt>
      <trkpt lat="44.783983" lon="5.434771">
        <ele>662.213073</ele>

      </trkpt>
      <trkpt lat="44.784016" lon="5.434801">
        <ele>662.727155</ele>

      </trkpt>
      <trkpt lat="44.784045" lon="5.434835">
        <ele>663.221002</ele>

      </trkpt>
      <trkpt lat="44.784053" lon="5.434852">
        <ele>663.410507</ele>

      </trkpt>
      <trkpt lat="44.784084" lon="5.434890">
        <ele>663.948378</ele>

      </trkpt>
      <trkpt lat="44.784145" lon="5.434940">
        <ele>664.872157</ele>

      </trkpt>
      <trkpt lat="44.784158" lon="5.434949">
        <ele>665.061760</ele>

      </trkpt>
      <trkpt lat="44.784199" lon="5.434984">
        <ele>665.689270</ele>

      </trkpt>
      <trkpt lat="44.784216" lon="5.435011">
        <ele>666.024597</ele>

      </trkpt>
      <trkpt lat="44.784243" lon="5.435065">
        <ele>666.638285</ele>

      </trkpt>
      <trkpt lat="44.784267" lon="5.435110">
        <ele>667.161245</ele>

      </trkpt>
      <trkpt lat="44.784309" lon="5.435155">
        <ele>667.851929</ele>

      </trkpt>
      <trkpt lat="44.784321" lon="5.435190">
        <ele>668.213056</ele>

      </trkpt>
      <trkpt lat="44.784326" lon="5.435274">
        <ele>668.996215</ele>

      </trkpt>
      <trkpt lat="44.784320" lon="5.435420">
        <ele>670.354931</ele>

      </trkpt>
      <trkpt lat="44.784303" lon="5.435515">
        <ele>671.265169</ele>

      </trkpt>
      <trkpt lat="44.784303" lon="5.435524">
        <ele>671.348785</ele>

      </trkpt>
      <trkpt lat="44.784300" lon="5.435583">
        <ele>671.898342</ele>

      </trkpt>
      <trkpt lat="44.784293" lon="5.435673">
        <ele>672.739512</ele>

      </trkpt>
      <trkpt lat="44.784308" lon="5.435819">
        <ele>674.029906</ele>

      </trkpt>
      <trkpt lat="44.784333" lon="5.435883">
        <ele>674.651223</ele>

      </trkpt>
      <trkpt lat="44.784351" lon="5.435968">
        <ele>675.405647</ele>

      </trkpt>
      <trkpt lat="44.784358" lon="5.435990">
        <ele>675.610700</ele>

      </trkpt>
      <trkpt lat="44.784365" lon="5.435996">
        <ele>675.708884</ele>

      </trkpt>
      <trkpt lat="44.784401" lon="5.436034">
        <ele>676.247911</ele>

      </trkpt>
      <trkpt lat="44.784418" lon="5.436077">
        <ele>676.666537</ele>

      </trkpt>
      <trkpt lat="44.784457" lon="5.436144">
        <ele>677.403504</ele>

      </trkpt>
      <trkpt lat="44.784468" lon="5.436163">
        <ele>677.612042</ele>

      </trkpt>
      <trkpt lat="44.784505" lon="5.436218">
        <ele>678.256553</ele>

      </trkpt>
      <trkpt lat="44.784512" lon="5.436228">
        <ele>678.376009</ele>

      </trkpt>
      <trkpt lat="44.784563" lon="5.436271">
        <ele>679.088211</ele>

      </trkpt>
      <trkpt lat="44.784578" lon="5.436283">
        <ele>679.294910</ele>

      </trkpt>
      <trkpt lat="44.784597" lon="5.436302">
        <ele>679.574106</ele>

      </trkpt>
      <trkpt lat="44.784645" lon="5.436341">
        <ele>680.238078</ele>

      </trkpt>
      <trkpt lat="44.784666" lon="5.436394">
        <ele>680.754329</ele>

      </trkpt>
      <trkpt lat="44.784690" lon="5.436421">
        <ele>681.122353</ele>

      </trkpt>
      <trkpt lat="44.784760" lon="5.436435">
        <ele>681.969571</ele>

      </trkpt>
      <trkpt lat="44.784767" lon="5.436437">
        <ele>682.055160</ele>

      </trkpt>
      <trkpt lat="44.784868" lon="5.436489">
        <ele>683.343716</ele>

      </trkpt>
      <trkpt lat="44.784875" lon="5.436495">
        <ele>683.441900</ele>

      </trkpt>
      <trkpt lat="44.784922" lon="5.436554">
        <ele>684.196217</ele>

      </trkpt>
      <trkpt lat="44.784936" lon="5.436564">
        <ele>684.384306</ele>

      </trkpt>
      <trkpt lat="44.784945" lon="5.436567">
        <ele>684.495130</ele>

      </trkpt>
      <trkpt lat="44.784955" lon="5.436577">
        <ele>684.642074</ele>

      </trkpt>
      <trkpt lat="44.785034" lon="5.436657">
        <ele>685.807880</ele>

      </trkpt>
      <trkpt lat="44.785047" lon="5.436673">
        <ele>686.014724</ele>

      </trkpt>
      <trkpt lat="44.785064" lon="5.436772">
        <ele>686.881010</ele>

      </trkpt>
      <trkpt lat="44.785069" lon="5.436811">
        <ele>687.218072</ele>

      </trkpt>
      <trkpt lat="44.785083" lon="5.436860">
        <ele>687.667315</ele>

      </trkpt>
      <trkpt lat="44.785091" lon="5.436883">
        <ele>687.885157</ele>

      </trkpt>
      <trkpt lat="44.785113" lon="5.436973">
        <ele>688.694730</ele>

      </trkpt>
      <trkpt lat="44.785119" lon="5.437000">
        <ele>688.935357</ele>

      </trkpt>
      <trkpt lat="44.785151" lon="5.437077">
        <ele>689.694244</ele>

      </trkpt>
      <trkpt lat="44.785151" lon="5.437088">
        <ele>689.787799</ele>

      </trkpt>
      <trkpt lat="44.785152" lon="5.437218">
        <ele>690.893510</ele>

      </trkpt>
      <trkpt lat="44.785164" lon="5.437282">
        <ele>691.456501</ele>

      </trkpt>
      <trkpt lat="44.785165" lon="5.437292">
        <ele>691.542391</ele>

      </trkpt>
      <trkpt lat="44.785177" lon="5.437407">
        <ele>692.530975</ele>

      </trkpt>
      <trkpt lat="44.785179" lon="5.437420">
        <ele>692.644108</ele>

      </trkpt>
      <trkpt lat="44.785220" lon="5.437471">
        <ele>693.299485</ele>

      </trkpt>
      <trkpt lat="44.785268" lon="5.437533">
        <ele>694.079799</ele>

      </trkpt>
      <trkpt lat="44.785278" lon="5.437544">
        <ele>694.231824</ele>

      </trkpt>
      <trkpt lat="44.785318" lon="5.437605">
        <ele>694.980122</ele>

      </trkpt>
      <trkpt lat="44.785322" lon="5.437609">
        <ele>695.049950</ele>

      </trkpt>
      <trkpt lat="44.785336" lon="5.437626">
        <ele>695.313055</ele>

      </trkpt>
      <trkpt lat="44.785358" lon="5.437667">
        <ele>695.832378</ele>

      </trkpt>
      <trkpt lat="44.785376" lon="5.437723">
        <ele>696.453514</ele>

      </trkpt>
      <trkpt lat="44.785378" lon="5.437752">
        <ele>696.747906</ele>

      </trkpt>
      <trkpt lat="44.785402" lon="5.437813">
        <ele>697.452605</ele>

      </trkpt>
      <trkpt lat="44.785435" lon="5.437847">
        <ele>698.034591</ele>

      </trkpt>
      <trkpt lat="44.785456" lon="5.437874">
        <ele>698.439306</ele>

      </trkpt>
      <trkpt lat="44.785494" lon="5.437943">
        <ele>699.321733</ele>

      </trkpt>
      <trkpt lat="44.785523" lon="5.437984">
        <ele>699.906579</ele>

      </trkpt>
      <trkpt lat="44.785539" lon="5.437993">
        <ele>700.151833</ele>

      </trkpt>
      <trkpt lat="44.785567" lon="5.437998">
        <ele>700.553624</ele>

      </trkpt>
      <trkpt lat="44.785571" lon="5.438001">
        <ele>700.618132</ele>

      </trkpt>
      <trkpt lat="44.785603" lon="5.438017">
        <ele>701.101512</ele>

      </trkpt>
      <trkpt lat="44.785621" lon="5.438030">
        <ele>701.389460</ele>

      </trkpt>
      <trkpt lat="44.785636" lon="5.438038">
        <ele>701.617783</ele>

      </trkpt>
      <trkpt lat="44.785649" lon="5.438048">
        <ele>701.828634</ele>

      </trkpt>
      <trkpt lat="44.785667" lon="5.438072">
        <ele>702.181427</ele>

      </trkpt>
      <trkpt lat="44.785699" lon="5.438110">
        <ele>702.777192</ele>

      </trkpt>
      <trkpt lat="44.785714" lon="5.438133">
        <ele>703.092789</ele>

      </trkpt>
      <trkpt lat="44.785741" lon="5.438196">
        <ele>703.836375</ele>

      </trkpt>
      <trkpt lat="44.785749" lon="5.438219">
        <ele>704.095169</ele>

      </trkpt>
      <trkpt lat="44.785788" lon="5.438287">
        <ele>704.978510</ele>

      </trkpt>
      <trkpt lat="44.785790" lon="5.438293">
        <ele>705.045486</ele>

      </trkpt>
      <trkpt lat="44.785831" lon="5.438298">
        <ele>705.631336</ele>

      </trkpt>
      <trkpt lat="44.785845" lon="5.438280">
        <ele>705.901145</ele>

      </trkpt>
      <trkpt lat="44.785878" lon="5.438268">
        <ele>706.386320</ele>

      </trkpt>
      <trkpt lat="44.785924" lon="5.438277">
        <ele>707.047450</ele>

      </trkpt>
      <trkpt lat="44.785960" lon="5.438277">
        <ele>707.559939</ele>

      </trkpt>
      <trkpt lat="44.785985" lon="5.438282">
        <ele>707.919401</ele>

      </trkpt>
      <trkpt lat="44.786020" lon="5.438290">
        <ele>708.424168</ele>

      </trkpt>
      <trkpt lat="44.786055" lon="5.438301">
        <ele>708.934666</ele>

      </trkpt>
      <trkpt lat="44.786134" lon="5.438338">
        <ele>710.119800</ele>

      </trkpt>
      <trkpt lat="44.786177" lon="5.438352">
        <ele>710.748070</ele>

      </trkpt>
      <trkpt lat="44.786219" lon="5.438345">
        <ele>711.350142</ele>

      </trkpt>
      <trkpt lat="44.786271" lon="5.438335">
        <ele>712.097267</ele>

      </trkpt>
      <trkpt lat="44.786321" lon="5.438330">
        <ele>712.810847</ele>

      </trkpt>
      <trkpt lat="44.786386" lon="5.438320">
        <ele>713.741674</ele>

      </trkpt>
      <trkpt lat="44.786400" lon="5.438324">
        <ele>713.945031</ele>

      </trkpt>
      <trkpt lat="44.786410" lon="5.438328">
        <ele>714.093015</ele>

      </trkpt>
      <trkpt lat="44.786476" lon="5.438381">
        <ele>715.174464</ele>

      </trkpt>
      <trkpt lat="44.786540" lon="5.438444">
        <ele>716.285886</ele>

      </trkpt>
      <trkpt lat="44.786603" lon="5.438469">
        <ele>717.217632</ele>

      </trkpt>
      <trkpt lat="44.786631" lon="5.438475">
        <ele>717.620818</ele>

      </trkpt>
      <trkpt lat="44.786678" lon="5.438458">
        <ele>718.311596</ele>

      </trkpt>
      <trkpt lat="44.786738" lon="5.438437">
        <ele>719.191702</ele>

      </trkpt>
      <trkpt lat="44.786769" lon="5.438424">
        <ele>719.652143</ele>

      </trkpt>
      <trkpt lat="44.786776" lon="5.438422">
        <ele>719.753822</ele>

      </trkpt>
      <trkpt lat="44.786806" lon="5.438417">
        <ele>720.183873</ele>

      </trkpt>
      <trkpt lat="44.786831" lon="5.438426">
        <ele>720.547913</ele>

      </trkpt>
      <trkpt lat="44.786848" lon="5.438430">
        <ele>720.789782</ele>

      </trkpt>
      <trkpt lat="44.786904" lon="5.438439">
        <ele>721.580740</ele>

      </trkpt>
      <trkpt lat="44.786916" lon="5.438441">
        <ele>721.750313</ele>

      </trkpt>
      <trkpt lat="44.786954" lon="5.438430">
        <ele>722.294714</ele>

      </trkpt>
      <trkpt lat="44.787033" lon="5.438388">
        <ele>723.479636</ele>

      </trkpt>
      <trkpt lat="44.787079" lon="5.438378">
        <ele>724.132804</ele>

      </trkpt>
      <trkpt lat="44.787077" lon="5.438400">
        <ele>724.353710</ele>

      </trkpt>
      <trkpt lat="44.787129" lon="5.438462">
        <ele>725.309650</ele>

      </trkpt>
      <trkpt lat="44.787134" lon="5.438464">
        <ele>725.382589</ele>

      </trkpt>
      <trkpt lat="44.787220" lon="5.438501">
        <ele>726.644458</ele>

      </trkpt>
      <trkpt lat="44.787239" lon="5.438502">
        <ele>726.911276</ele>

      </trkpt>
      <trkpt lat="44.787273" lon="5.438499">
        <ele>727.389341</ele>

      </trkpt>
      <trkpt lat="44.787330" lon="5.438502">
        <ele>728.189794</ele>

      </trkpt>
      <trkpt lat="44.787353" lon="5.438501">
        <ele>728.512713</ele>

      </trkpt>
      <trkpt lat="44.787388" lon="5.438516">
        <ele>729.026095</ele>

      </trkpt>
      <trkpt lat="44.787401" lon="5.438523">
        <ele>729.221395</ele>

      </trkpt>
      <trkpt lat="44.787456" lon="5.438541">
        <ele>730.013771</ele>

      </trkpt>
      <trkpt lat="44.787484" lon="5.438571">
        <ele>730.507402</ele>

      </trkpt>
      <trkpt lat="44.787505" lon="5.438613">
        <ele>731.019095</ele>

      </trkpt>
      <trkpt lat="44.787521" lon="5.438628">
        <ele>731.288788</ele>

      </trkpt>
      <trkpt lat="44.787527" lon="5.438631">
        <ele>731.378131</ele>

      </trkpt>
      <trkpt lat="44.787594" lon="5.438649">
        <ele>732.335298</ele>

      </trkpt>
      <trkpt lat="44.787601" lon="5.438651">
        <ele>732.435530</ele>

      </trkpt>
      <trkpt lat="44.787652" lon="5.438641">
        <ele>733.158123</ele>

      </trkpt>
      <trkpt lat="44.787655" lon="5.438640">
        <ele>733.201385</ele>

      </trkpt>
      <trkpt lat="44.787682" lon="5.438648">
        <ele>733.588570</ele>

      </trkpt>
      <trkpt lat="44.787694" lon="5.438658">
        <ele>733.784217</ele>

      </trkpt>
      <trkpt lat="44.787759" lon="5.438696">
        <ele>734.771778</ele>

      </trkpt>
      <trkpt lat="44.787763" lon="5.438700">
        <ele>734.840612</ele>

      </trkpt>
      <trkpt lat="44.787788" lon="5.438761">
        <ele>735.542174</ele>

      </trkpt>
      <trkpt lat="44.787784" lon="5.438793">
        <ele>735.865789</ele>

      </trkpt>
      <trkpt lat="44.787812" lon="5.438907">
        <ele>737.067263</ele>

      </trkpt>
      <trkpt lat="44.787827" lon="5.438929">
        <ele>737.371106</ele>

      </trkpt>
      <trkpt lat="44.787863" lon="5.438955">
        <ele>737.938803</ele>

      </trkpt>
      <trkpt lat="44.787871" lon="5.438973">
        <ele>738.150328</ele>

      </trkpt>
      <trkpt lat="44.787874" lon="5.438978">
        <ele>738.215538</ele>

      </trkpt>
      <trkpt lat="44.787879" lon="5.438984">
        <ele>738.307702</ele>

      </trkpt>
      <trkpt lat="44.787888" lon="5.439002">
        <ele>738.526998</ele>

      </trkpt>
      <trkpt lat="44.787940" lon="5.439098">
        <ele>739.729781</ele>

      </trkpt>
      <trkpt lat="44.787992" lon="5.439191">
        <ele>740.908951</ele>

      </trkpt>
      <trkpt lat="44.788011" lon="5.439232">
        <ele>741.396638</ele>

      </trkpt>
      <trkpt lat="44.788049" lon="5.439309">
        <ele>742.330713</ele>

      </trkpt>
      <trkpt lat="44.788070" lon="5.439353">
        <ele>742.858811</ele>

      </trkpt>
      <trkpt lat="44.788083" lon="5.439379">
        <ele>743.175571</ele>

      </trkpt>
      <trkpt lat="44.788131" lon="5.439457">
        <ele>744.203789</ele>

      </trkpt>
      <trkpt lat="44.788140" lon="5.439476">
        <ele>744.431298</ele>

      </trkpt>
      <trkpt lat="44.788146" lon="5.439482">
        <ele>744.534548</ele>

      </trkpt>
      <trkpt lat="44.788155" lon="5.439524">
        <ele>744.971504</ele>

      </trkpt>
      <trkpt lat="44.788157" lon="5.439538">
        <ele>745.113735</ele>

      </trkpt>
      <trkpt lat="44.788160" lon="5.439550">
        <ele>745.240449</ele>

      </trkpt>
      <trkpt lat="44.788192" lon="5.439667">
        <ele>746.690764</ele>

      </trkpt>
      <trkpt lat="44.788244" lon="5.439762">
        <ele>748.144983</ele>

      </trkpt>
      <trkpt lat="44.788253" lon="5.439770">
        <ele>748.326726</ele>

      </trkpt>
      <trkpt lat="44.788265" lon="5.439801">
        <ele>748.754744</ele>

      </trkpt>
      <trkpt lat="44.788284" lon="5.439861">
        <ele>749.551133</ele>

      </trkpt>
      <trkpt lat="44.788290" lon="5.439886">
        <ele>749.871023</ele>

      </trkpt>
      <trkpt lat="44.788302" lon="5.439944">
        <ele>750.603322</ele>

      </trkpt>
      <trkpt lat="44.788321" lon="5.439993">
        <ele>751.280130</ele>

      </trkpt>
      <trkpt lat="44.788338" lon="5.440024">
        <ele>751.754994</ele>

      </trkpt>
      <trkpt lat="44.788368" lon="5.440060">
        <ele>752.428003</ele>

      </trkpt>
      <trkpt lat="44.788400" lon="5.440083">
        <ele>753.041533</ele>

      </trkpt>
      <trkpt lat="44.788422" lon="5.440085">
        <ele>753.418055</ele>

      </trkpt>
      <trkpt lat="44.788439" lon="5.440088">
        <ele>753.710668</ele>

      </trkpt>
      <trkpt lat="44.788469" lon="5.440135">
        <ele>754.476881</ele>

      </trkpt>
      <trkpt lat="44.788486" lon="5.440160">
        <ele>754.896557</ele>

      </trkpt>
      <trkpt lat="44.788521" lon="5.440220">
        <ele>755.837968</ele>

      </trkpt>
      <trkpt lat="44.788546" lon="5.440279">
        <ele>756.670887</ele>

      </trkpt>
      <trkpt lat="44.788580" lon="5.440321">
        <ele>757.443140</ele>

      </trkpt>
      <trkpt lat="44.788584" lon="5.440326">
        <ele>757.534465</ele>

      </trkpt>
      <trkpt lat="44.788618" lon="5.440391">
        <ele>758.513216</ele>

      </trkpt>
      <trkpt lat="44.788618" lon="5.440397">
        <ele>758.585943</ele>

      </trkpt>
      <trkpt lat="44.788654" lon="5.440494">
        <ele>759.912761</ele>

      </trkpt>
      <trkpt lat="44.788668" lon="5.440528">
        <ele>760.389223</ele>

      </trkpt>
      <trkpt lat="44.788672" lon="5.440607">
        <ele>761.349232</ele>

      </trkpt>
      <trkpt lat="44.788674" lon="5.440627">
        <ele>761.594051</ele>

      </trkpt>
      <trkpt lat="44.788670" lon="5.440710">
        <ele>762.602428</ele>

      </trkpt>
      <trkpt lat="44.788671" lon="5.440744">
        <ele>763.014903</ele>

      </trkpt>
      <trkpt lat="44.788697" lon="5.440813">
        <ele>763.961839</ele>

      </trkpt>
      <trkpt lat="44.788707" lon="5.440819">
        <ele>764.147470</ele>

      </trkpt>
      <trkpt lat="44.788742" lon="5.440889">
        <ele>765.185378</ele>

      </trkpt>
      <trkpt lat="44.788769" lon="5.440947">
        <ele>766.026149</ele>

      </trkpt>
      <trkpt lat="44.788778" lon="5.440951">
        <ele>766.187326</ele>

      </trkpt>
      <trkpt lat="44.788838" lon="5.440984">
        <ele>767.287373</ele>

      </trkpt>
      <trkpt lat="44.788860" lon="5.440988">
        <ele>767.666228</ele>

      </trkpt>
      <trkpt lat="44.788881" lon="5.440999">
        <ele>768.048871</ele>

      </trkpt>
      <trkpt lat="44.788931" lon="5.441024">
        <ele>768.954998</ele>

      </trkpt>
      <trkpt lat="44.788952" lon="5.441064">
        <ele>769.558084</ele>

      </trkpt>
      <trkpt lat="44.788965" lon="5.441090">
        <ele>769.943592</ele>

      </trkpt>
      <trkpt lat="44.788994" lon="5.441122">
        <ele>770.572689</ele>

      </trkpt>
      <trkpt lat="44.789011" lon="5.441136">
        <ele>770.908988</ele>

      </trkpt>
      <trkpt lat="44.789064" lon="5.441194">
        <ele>772.055120</ele>

      </trkpt>
      <trkpt lat="44.789071" lon="5.441201">
        <ele>772.201722</ele>

      </trkpt>
      <trkpt lat="44.789134" lon="5.441252">
        <ele>773.442642</ele>

      </trkpt>
      <trkpt lat="44.789139" lon="5.441256">
        <ele>773.540842</ele>

      </trkpt>
      <trkpt lat="44.789176" lon="5.441284">
        <ele>774.258140</ele>

      </trkpt>
      <trkpt lat="44.789191" lon="5.441290">
        <ele>774.524450</ele>

      </trkpt>
      <trkpt lat="44.789216" lon="5.441301">
        <ele>774.971761</ele>

      </trkpt>
      <trkpt lat="44.789249" lon="5.441305">
        <ele>775.537452</ele>

      </trkpt>
      <trkpt lat="44.789261" lon="5.441303">
        <ele>775.743830</ele>

      </trkpt>
      <trkpt lat="44.789311" lon="5.441314">
        <ele>776.611282</ele>

      </trkpt>
      <trkpt lat="44.789347" lon="5.441324">
        <ele>777.243981</ele>

      </trkpt>
      <trkpt lat="44.789370" lon="5.441319">
        <ele>777.645265</ele>

      </trkpt>
      <trkpt lat="44.789407" lon="5.441327">
        <ele>778.290728</ele>

      </trkpt>
      <trkpt lat="44.789443" lon="5.441364">
        <ele>779.059069</ele>

      </trkpt>
      <trkpt lat="44.789449" lon="5.441383">
        <ele>779.313559</ele>

      </trkpt>
      <trkpt lat="44.789482" lon="5.441452">
        <ele>780.331778</ele>

      </trkpt>
      <trkpt lat="44.789485" lon="5.441462">
        <ele>780.464637</ele>

      </trkpt>
      <trkpt lat="44.789530" lon="5.441556">
        <ele>781.852195</ele>

      </trkpt>
      <trkpt lat="44.789535" lon="5.441578">
        <ele>782.134886</ele>

      </trkpt>
      <trkpt lat="44.789525" lon="5.441625">
        <ele>782.735336</ele>

      </trkpt>
      <trkpt lat="44.789526" lon="5.441634">
        <ele>782.846815</ele>

      </trkpt>
      <trkpt lat="44.789527" lon="5.441688">
        <ele>783.507861</ele>

      </trkpt>
      <trkpt lat="44.789525" lon="5.441710">
        <ele>783.779284</ele>

      </trkpt>
      <trkpt lat="44.789546" lon="5.441737">
        <ele>784.269479</ele>

      </trkpt>
      <trkpt lat="44.789553" lon="5.441749">
        <ele>784.459567</ele>

      </trkpt>
      <trkpt lat="44.789573" lon="5.441828">
        <ele>785.485992</ele>

      </trkpt>
      <trkpt lat="44.789587" lon="5.441870">
        <ele>786.053832</ele>

      </trkpt>
      <trkpt lat="44.789601" lon="5.441943">
        <ele>786.979206</ele>

      </trkpt>
      <trkpt lat="44.789608" lon="5.441962">
        <ele>787.241179</ele>

      </trkpt>
      <trkpt lat="44.789624" lon="5.441983">
        <ele>787.618216</ele>

      </trkpt>
      <trkpt lat="44.789628" lon="5.441992">
        <ele>787.748167</ele>

      </trkpt>
      <trkpt lat="44.789671" lon="5.442072">
        <ele>788.976247</ele>

      </trkpt>
      <trkpt lat="44.789708" lon="5.442132">
        <ele>789.948950</ele>

      </trkpt>
      <trkpt lat="44.789737" lon="5.442176">
        <ele>790.683779</ele>

      </trkpt>
      <trkpt lat="44.789753" lon="5.442197">
        <ele>791.060815</ele>

      </trkpt>
      <trkpt lat="44.789786" lon="5.442212">
        <ele>791.658713</ele>

      </trkpt>
      <trkpt lat="44.789791" lon="5.442217">
        <ele>791.764434</ele>

      </trkpt>
      <trkpt lat="44.789841" lon="5.442287">
        <ele>792.979795</ele>

      </trkpt>
      <trkpt lat="44.789843" lon="5.442299">
        <ele>793.130638</ele>

      </trkpt>
      <trkpt lat="44.789884" lon="5.442373">
        <ele>794.279486</ele>

      </trkpt>
      <trkpt lat="44.789904" lon="5.442401">
        <ele>794.765630</ele>

      </trkpt>
      <trkpt lat="44.789935" lon="5.442431">
        <ele>795.414095</ele>

      </trkpt>
      <trkpt lat="44.789942" lon="5.442468">
        <ele>795.882688</ele>

      </trkpt>
      <trkpt lat="44.789947" lon="5.442480">
        <ele>796.052975</ele>

      </trkpt>
      <trkpt lat="44.789948" lon="5.442543">
        <ele>796.824120</ele>

      </trkpt>
      <trkpt lat="44.789949" lon="5.442581">
        <ele>797.289458</ele>

      </trkpt>
      <trkpt lat="44.789970" lon="5.442632">
        <ele>798.011003</ele>

      </trkpt>
      <trkpt lat="44.789974" lon="5.442645">
        <ele>798.184396</ele>

      </trkpt>
      <trkpt lat="44.789986" lon="5.442662">
        <ele>798.477813</ele>

      </trkpt>
      <trkpt lat="44.790001" lon="5.442698">
        <ele>798.988672</ele>

      </trkpt>
      <trkpt lat="44.790011" lon="5.442717">
        <ele>799.278142</ele>

      </trkpt>
      <trkpt lat="44.790015" lon="5.442759">
        <ele>799.796717</ele>

      </trkpt>
      <trkpt lat="44.790024" lon="5.442831">
        <ele>800.691367</ele>

      </trkpt>
      <trkpt lat="44.790027" lon="5.442842">
        <ele>800.835575</ele>

      </trkpt>
      <trkpt lat="44.790058" lon="5.442859">
        <ele>801.409167</ele>

      </trkpt>
      <trkpt lat="44.790027" lon="5.442774">
        <ele>802.578648</ele>

      </trkpt>
      <trkpt lat="44.790010" lon="5.442789">
        <ele>802.924511</ele>

      </trkpt>
      <trkpt lat="44.790007" lon="5.442815">
        <ele>803.246859</ele>

      </trkpt>
      <trkpt lat="44.790001" lon="5.442825">
        <ele>803.407106</ele>

      </trkpt>
      <trkpt lat="44.789975" lon="5.442863">
        <ele>804.053042</ele>

      </trkpt>
      <trkpt lat="44.789993" lon="5.442862">
        <ele>804.363659</ele>

      </trkpt>
      <trkpt lat="44.790026" lon="5.442857">
        <ele>804.935962</ele>

      </trkpt>
      <trkpt lat="44.790018" lon="5.442884">
        <ele>805.294010</ele>

      </trkpt>
      <trkpt lat="44.789978" lon="5.442893">
        <ele>805.992472</ele>

      </trkpt>
      <trkpt lat="44.789993" lon="5.442848">
        <ele>806.600869</ele>

      </trkpt>
      <trkpt lat="44.790011" lon="5.442854">
        <ele>806.919811</ele>

      </trkpt>
      <trkpt lat="44.790016" lon="5.442865">
        <ele>807.079665</ele>

      </trkpt>
      <trkpt lat="44.790022" lon="5.442875">
        <ele>807.239911</ele>

      </trkpt>
      <trkpt lat="44.790025" lon="5.442909">
        <ele>807.686589</ele>

      </trkpt>
      <trkpt lat="44.790041" lon="5.442947">
        <ele>808.267898</ele>

      </trkpt>
      <trkpt lat="44.790051" lon="5.442967">
        <ele>808.589770</ele>

      </trkpt>
      <trkpt lat="44.790080" lon="5.442980">
        <ele>809.153926</ele>

      </trkpt>
      <trkpt lat="44.790087" lon="5.442979">
        <ele>809.284358</ele>

      </trkpt>
      <trkpt lat="44.790093" lon="5.442972">
        <ele>809.428764</ele>

      </trkpt>
      <trkpt lat="44.790107" lon="5.442984">
        <ele>809.732544</ele>

      </trkpt>
      <trkpt lat="44.790109" lon="5.442992">
        <ele>809.844134</ele>

      </trkpt>
      <trkpt lat="44.790114" lon="5.443005">
        <ele>810.038669</ele>

      </trkpt>
      <trkpt lat="44.790132" lon="5.443062">
        <ele>810.859470</ele>

      </trkpt>
      <trkpt lat="44.790135" lon="5.443071">
        <ele>810.990287</ele>

      </trkpt>
      <trkpt lat="44.790142" lon="5.443089">
        <ele>811.260325</ele>

      </trkpt>
      <trkpt lat="44.790163" lon="5.443148">
        <ele>812.128701</ele>

      </trkpt>
      <trkpt lat="44.790163" lon="5.443168">
        <ele>812.391828</ele>

      </trkpt>
      <trkpt lat="44.790176" lon="5.443211">
        <ele>813.006743</ele>

      </trkpt>
      <trkpt lat="44.790178" lon="5.443217">
        <ele>813.093955</ele>

      </trkpt>
      <trkpt lat="44.790190" lon="5.443236">
        <ele>813.428577</ele>

      </trkpt>
      <trkpt lat="44.790220" lon="5.443264">
        <ele>814.095658</ele>

      </trkpt>
      <trkpt lat="44.790224" lon="5.443271">
        <ele>814.213895</ele>

      </trkpt>
      <trkpt lat="44.790242" lon="5.443358">
        <ele>815.406143</ele>

      </trkpt>
      <trkpt lat="44.790241" lon="5.443401">
        <ele>815.972168</ele>

      </trkpt>
      <trkpt lat="44.790245" lon="5.443461">
        <ele>816.765022</ele>

      </trkpt>
      <trkpt lat="44.790246" lon="5.443478">
        <ele>816.989447</ele>

      </trkpt>
      <trkpt lat="44.790240" lon="5.443547">
        <ele>817.904022</ele>

      </trkpt>
      <trkpt lat="44.790238" lon="5.443543">
        <ele>817.968396</ele>

      </trkpt>
      <trkpt lat="44.790243" lon="5.443515">
        <ele>818.348255</ele>

      </trkpt>
      <trkpt lat="44.790234" lon="5.443525">
        <ele>818.560730</ele>

      </trkpt>
      <trkpt lat="44.790233" lon="5.443530">
        <ele>818.629074</ele>

      </trkpt>
      <trkpt lat="44.790227" lon="5.443547">
        <ele>818.878862</ele>

      </trkpt>
      <trkpt lat="44.790191" lon="5.443605">
        <ele>819.892596</ele>

      </trkpt>
      <trkpt lat="44.790185" lon="5.443618">
        <ele>820.096615</ele>

      </trkpt>
      <trkpt lat="44.790176" lon="5.443699">
        <ele>821.175260</ele>

      </trkpt>
      <trkpt lat="44.790175" lon="5.443704">
        <ele>821.243604</ele>

      </trkpt>
      <trkpt lat="44.790173" lon="5.443767">
        <ele>822.073282</ele>

      </trkpt>
      <trkpt lat="44.790172" lon="5.443819">
        <ele>822.757662</ele>

      </trkpt>
      <trkpt lat="44.790179" lon="5.443862">
        <ele>823.338077</ele>

      </trkpt>
      <trkpt lat="44.790200" lon="5.443899">
        <ele>823.961385</ele>

      </trkpt>
      <trkpt lat="44.790204" lon="5.443906">
        <ele>824.079622</ele>

      </trkpt>
      <trkpt lat="44.790246" lon="5.443875">
        <ele>824.958574</ele>

      </trkpt>
      <trkpt lat="44.790247" lon="5.443896">
        <ele>825.235478</ele>

      </trkpt>
      <trkpt lat="44.790244" lon="5.443946">
        <ele>825.895640</ele>

      </trkpt>
      <trkpt lat="44.790248" lon="5.444000">
        <ele>826.609941</ele>

      </trkpt>
      <trkpt lat="44.790247" lon="5.444086">
        <ele>827.741536</ele>

      </trkpt>
      <trkpt lat="44.790255" lon="5.444121">
        <ele>828.225300</ele>

      </trkpt>
      <trkpt lat="44.790256" lon="5.444143">
        <ele>828.515332</ele>

      </trkpt>
      <trkpt lat="44.790249" lon="5.444166">
        <ele>828.844579</ele>

      </trkpt>
      <trkpt lat="44.790261" lon="5.444190">
        <ele>829.230825</ele>

      </trkpt>
      <trkpt lat="44.790263" lon="5.444195">
        <ele>829.306336</ele>

      </trkpt>
      <trkpt lat="44.790275" lon="5.444210">
        <ele>829.603711</ele>

      </trkpt>
      <trkpt lat="44.790315" lon="5.444304">
        <ele>831.045678</ele>

      </trkpt>
      <trkpt lat="44.790317" lon="5.444309">
        <ele>831.121188</ele>

      </trkpt>
      <trkpt lat="44.790333" lon="5.444339">
        <ele>831.614905</ele>

      </trkpt>
      <trkpt lat="44.790344" lon="5.444373">
        <ele>832.106508</ele>

      </trkpt>
      <trkpt lat="44.790378" lon="5.444417">
        <ele>832.962294</ele>

      </trkpt>
      <trkpt lat="44.790400" lon="5.444446">
        <ele>833.520773</ele>

      </trkpt>
      <trkpt lat="44.790412" lon="5.444471">
        <ele>833.917846</ele>

      </trkpt>
      <trkpt lat="44.790411" lon="5.444475">
        <ele>833.973641</ele>

      </trkpt>
      <trkpt lat="44.790406" lon="5.444492">
        <ele>834.215744</ele>

      </trkpt>
      <trkpt lat="44.790412" lon="5.444499">
        <ele>834.360150</ele>

      </trkpt>
      <trkpt lat="44.790447" lon="5.444567">
        <ele>835.465294</ele>

      </trkpt>
      <trkpt lat="44.790488" lon="5.444615">
        <ele>836.453468</ele>

      </trkpt>
      <trkpt lat="44.790503" lon="5.444659">
        <ele>837.095667</ele>

      </trkpt>
      <trkpt lat="44.790523" lon="5.444743">
        <ele>838.261329</ele>

      </trkpt>
      <trkpt lat="44.790524" lon="5.444750">
        <ele>838.355270</ele>

      </trkpt>
      <trkpt lat="44.790520" lon="5.444799">
        <ele>839.004177</ele>

      </trkpt>
      <trkpt lat="44.790509" lon="5.444814">
        <ele>839.287951</ele>

      </trkpt>
      <trkpt lat="44.790503" lon="5.444836">
        <ele>839.598025</ele>

      </trkpt>
      <trkpt lat="44.790514" lon="5.444834">
        <ele>839.803635</ele>

      </trkpt>
      <trkpt lat="44.790525" lon="5.444860">
        <ele>840.201868</ele>

      </trkpt>
      <trkpt lat="44.790525" lon="5.444910">
        <ele>840.854496</ele>

      </trkpt>
      <trkpt lat="44.790520" lon="5.444970">
        <ele>841.630729</ele>

      </trkpt>
      <trkpt lat="44.790532" lon="5.445052">
        <ele>842.706509</ele>

      </trkpt>
      <trkpt lat="44.790528" lon="5.445077">
        <ele>843.035795</ele>

      </trkpt>
      <trkpt lat="44.790511" lon="5.445133">
        <ele>843.818400</ele>

      </trkpt>
      <trkpt lat="44.790498" lon="5.445156">
        <ele>844.196200</ele>

      </trkpt>
      <trkpt lat="44.790495" lon="5.445186">
        <ele>844.585476</ele>

      </trkpt>
      <trkpt lat="44.790487" lon="5.445226">
        <ele>845.119453</ele>

      </trkpt>
      <trkpt lat="44.790482" lon="5.445240">
        <ele>845.320832</ele>

      </trkpt>
      <trkpt lat="44.790476" lon="5.445261">
        <ele>845.611706</ele>

      </trkpt>
      <trkpt lat="44.790458" lon="5.445299">
        <ele>846.198736</ele>

      </trkpt>
      <trkpt lat="44.790429" lon="5.445327">
        <ele>846.835218</ele>

      </trkpt>
      <trkpt lat="44.790406" lon="5.445354">
        <ele>847.377212</ele>

      </trkpt>
      <trkpt lat="44.790369" lon="5.445385">
        <ele>848.156575</ele>

      </trkpt>
      <trkpt lat="44.790357" lon="5.445386">
        <ele>848.374216</ele>

      </trkpt>
      <trkpt lat="44.790327" lon="5.445401">
        <ele>848.950550</ele>

      </trkpt>
      <trkpt lat="44.790278" lon="5.445448">
        <ele>850.023737</ele>

      </trkpt>
      <trkpt lat="44.790271" lon="5.445458">
        <ele>850.204213</ele>

      </trkpt>
      <trkpt lat="44.790270" lon="5.445465">
        <ele>850.295960</ele>

      </trkpt>
      <trkpt lat="44.790253" lon="5.445551">
        <ele>851.443038</ele>

      </trkpt>
      <trkpt lat="44.790249" lon="5.445571">
        <ele>851.710028</ele>

      </trkpt>
      <trkpt lat="44.790213" lon="5.445610">
        <ele>852.532179</ele>

      </trkpt>
      <trkpt lat="44.790177" lon="5.445631">
        <ele>853.237607</ele>

      </trkpt>
      <trkpt lat="44.790157" lon="5.445637">
        <ele>853.607825</ele>

      </trkpt>
      <trkpt lat="44.790130" lon="5.445635">
        <ele>854.097337</ele>

      </trkpt>
      <trkpt lat="44.790102" lon="5.445655">
        <ele>854.665693</ele>

      </trkpt>
      <trkpt lat="44.790088" lon="5.445697">
        <ele>855.261915</ele>

      </trkpt>
      <trkpt lat="44.790085" lon="5.445700">
        <ele>855.328518</ele>

      </trkpt>
      <trkpt lat="44.790085" lon="5.445699">
        <ele>855.341367</ele>

      </trkpt>
      <trkpt lat="44.790078" lon="5.445710">
        <ele>855.531206</ele>

      </trkpt>
      <trkpt lat="44.790084" lon="5.445746">
        <ele>856.006356</ele>

      </trkpt>
      <trkpt lat="44.790059" lon="5.445822">
        <ele>857.082681</ele>

      </trkpt>
      <trkpt lat="44.790051" lon="5.445840">
        <ele>857.355574</ele>

      </trkpt>
      <trkpt lat="44.790010" lon="5.445903">
        <ele>858.453889</ele>

      </trkpt>
      <trkpt lat="44.789992" lon="5.445922">
        <ele>858.861081</ele>

      </trkpt>
      <trkpt lat="44.789983" lon="5.445937">
        <ele>859.113467</ele>

      </trkpt>
      <trkpt lat="44.789948" lon="5.445967">
        <ele>859.855178</ele>

      </trkpt>
      <trkpt lat="44.789942" lon="5.445984">
        <ele>860.099133</ele>

      </trkpt>
      <trkpt lat="44.789923" lon="5.445994">
        <ele>860.466344</ele>

      </trkpt>
      <trkpt lat="44.789932" lon="5.446013">
        <ele>860.759860</ele>

      </trkpt>
      <trkpt lat="44.789921" lon="5.446052">
        <ele>861.299099</ele>

      </trkpt>
      <trkpt lat="44.789913" lon="5.446068">
        <ele>861.550582</ele>

      </trkpt>
      <trkpt lat="44.789915" lon="5.446078">
        <ele>861.684078</ele>

      </trkpt>
      <trkpt lat="44.789931" lon="5.446069">
        <ele>861.995988</ele>

      </trkpt>
      <trkpt lat="44.789928" lon="5.446083">
        <ele>862.183897</ele>

      </trkpt>
      <trkpt lat="44.789929" lon="5.446091">
        <ele>862.288272</ele>

      </trkpt>
      <trkpt lat="44.789922" lon="5.446114">
        <ele>862.609829</ele>

      </trkpt>
      <trkpt lat="44.789922" lon="5.446134">
        <ele>862.866810</ele>

      </trkpt>
      <trkpt lat="44.789928" lon="5.446179">
        <ele>863.455135</ele>

      </trkpt>
      <trkpt lat="44.789927" lon="5.446197">
        <ele>863.687125</ele>

      </trkpt>
      <trkpt lat="44.789927" lon="5.446230">
        <ele>864.111145</ele>

      </trkpt>
      <trkpt lat="44.789918" lon="5.446309">
        <ele>865.139217</ele>

      </trkpt>
      <trkpt lat="44.789915" lon="5.446347">
        <ele>865.630494</ele>

      </trkpt>
      <trkpt lat="44.789904" lon="5.446388">
        <ele>866.193694</ele>

      </trkpt>
      <trkpt lat="44.789900" lon="5.446406">
        <ele>866.436050</ele>

      </trkpt>
      <trkpt lat="44.789907" lon="5.446408">
        <ele>866.565365</ele>

      </trkpt>
      <trkpt lat="44.789908" lon="5.446413">
        <ele>866.632113</ele>

      </trkpt>
      <trkpt lat="44.789901" lon="5.446483">
        <ele>867.540433</ele>

      </trkpt>
      <trkpt lat="44.789895" lon="5.446506">
        <ele>867.855295</ele>

      </trkpt>
      <trkpt lat="44.789892" lon="5.446558">
        <ele>868.525651</ele>

      </trkpt>
      <trkpt lat="44.789894" lon="5.446584">
        <ele>868.861684</ele>

      </trkpt>
      <trkpt lat="44.789894" lon="5.446605">
        <ele>869.131515</ele>

      </trkpt>
      <trkpt lat="44.789904" lon="5.446620">
        <ele>869.395951</ele>

      </trkpt>
      <trkpt lat="44.789951" lon="5.446600">
        <ele>870.284847</ele>

      </trkpt>
      <trkpt lat="44.789954" lon="5.446608">
        <ele>870.401107</ele>

      </trkpt>
      <trkpt lat="44.789965" lon="5.446627">
        <ele>870.716168</ele>

      </trkpt>
      <trkpt lat="44.790022" lon="5.446690">
        <ele>872.027762</ele>

      </trkpt>
      <trkpt lat="44.790026" lon="5.446716">
        <ele>872.369596</ele>

      </trkpt>
      <trkpt lat="44.790023" lon="5.446708">
        <ele>872.485857</ele>

      </trkpt>
      <trkpt lat="44.790029" lon="5.446702">
        <ele>872.619064</ele>

      </trkpt>
      <trkpt lat="44.790048" lon="5.446727">
        <ele>873.089723</ele>

      </trkpt>
      <trkpt lat="44.790060" lon="5.446739">
        <ele>873.312225</ele>

      </trkpt>
      <trkpt lat="44.790087" lon="5.446742">
        <ele>873.662641</ele>

      </trkpt>
      <trkpt lat="44.790090" lon="5.446730">
        <ele>873.779463</ele>

      </trkpt>
      <trkpt lat="44.790124" lon="5.446701">
        <ele>874.293679</ele>

      </trkpt>
      <trkpt lat="44.790153" lon="5.446725">
        <ele>874.728817</ele>

      </trkpt>
      <trkpt lat="44.790141" lon="5.446710">
        <ele>874.936363</ele>

      </trkpt>
      <trkpt lat="44.790128" lon="5.446687">
        <ele>875.206346</ele>

      </trkpt>
      <trkpt lat="44.790135" lon="5.446737">
        <ele>875.674302</ele>

      </trkpt>
      <trkpt lat="44.790161" lon="5.446742">
        <ele>876.013814</ele>

      </trkpt>
      <trkpt lat="44.790172" lon="5.446729">
        <ele>876.199566</ele>

      </trkpt>
      <trkpt lat="44.790166" lon="5.446737">
        <ele>876.306441</ele>

      </trkpt>
      <trkpt lat="44.790149" lon="5.446776">
        <ele>876.726698</ele>

      </trkpt>
      <trkpt lat="44.790141" lon="5.446810">
        <ele>877.055602</ele>

      </trkpt>
      <trkpt lat="44.790134" lon="5.446817">
        <ele>877.166659</ele>

      </trkpt>
      <trkpt lat="44.790130" lon="5.446820">
        <ele>877.225287</ele>

      </trkpt>
      <trkpt lat="44.790126" lon="5.446816">
        <ele>877.288748</ele>

      </trkpt>
      <trkpt lat="44.790121" lon="5.446799">
        <ele>877.457719</ele>

      </trkpt>
      <trkpt lat="44.790123" lon="5.446779">
        <ele>877.643176</ele>

      </trkpt>
      <trkpt lat="44.790133" lon="5.446744">
        <ele>877.989617</ele>

      </trkpt>
      <trkpt lat="44.790154" lon="5.446732">
        <ele>878.282812</ele>

      </trkpt>
      <trkpt lat="44.790154" lon="5.446727">
        <ele>878.328723</ele>

      </trkpt>
      <trkpt lat="44.790153" lon="5.446720">
        <ele>878.394287</ele>

      </trkpt>
      <trkpt lat="44.790160" lon="5.446716">
        <ele>878.492019</ele>

      </trkpt>
      <trkpt lat="44.790193" lon="5.446635">
        <ele>879.349611</ele>

      </trkpt>
      <trkpt lat="44.790211" lon="5.446665">
        <ele>879.710329</ele>

      </trkpt>
      <trkpt lat="44.790220" lon="5.446686">
        <ele>879.935586</ele>

      </trkpt>
      <trkpt lat="44.790202" lon="5.446724">
        <ele>880.355089</ele>

      </trkpt>
      <trkpt lat="44.790175" lon="5.446767">
        <ele>880.882275</ele>

      </trkpt>
      <trkpt lat="44.790145" lon="5.446796">
        <ele>881.352980</ele>

      </trkpt>
      <trkpt lat="44.790157" lon="5.446791">
        <ele>881.514885</ele>

      </trkpt>
      <trkpt lat="44.790187" lon="5.446756">
        <ele>882.018809</ele>

      </trkpt>
      <trkpt lat="44.790151" lon="5.446708">
        <ele>882.660059</ele>

      </trkpt>
      <trkpt lat="44.790131" lon="5.446679">
        <ele>883.031361</ele>

      </trkpt>
      <trkpt lat="44.790107" lon="5.446715">
        <ele>883.484890</ele>

      </trkpt>
      <trkpt lat="44.790100" lon="5.446771">
        <ele>884.007006</ele>

      </trkpt>
      <trkpt lat="44.790132" lon="5.446768">
        <ele>884.421944</ele>

      </trkpt>
      <trkpt lat="44.790132" lon="5.446762">
        <ele>884.477037</ele>

      </trkpt>
      <trkpt lat="44.790153" lon="5.446753">
        <ele>884.761029</ele>

      </trkpt>
      <trkpt lat="44.790144" lon="5.446742">
        <ele>884.915175</ele>

      </trkpt>
      <trkpt lat="44.790122" lon="5.446741">
        <ele>885.199964</ele>

      </trkpt>
      <trkpt lat="44.790118" lon="5.446745">
        <ele>885.263425</ele>

      </trkpt>
      <trkpt lat="44.790118" lon="5.446747">
        <ele>885.281789</ele>

      </trkpt>
      <trkpt lat="44.790122" lon="5.446731">
        <ele>885.437553</ele>

      </trkpt>
      <trkpt lat="44.790122" lon="5.446728">
        <ele>885.465099</ele>

      </trkpt>
      <trkpt lat="44.790132" lon="5.446703">
        <ele>885.728604</ele>

      </trkpt>
      <trkpt lat="44.790164" lon="5.446730">
        <ele>886.211178</ele>

      </trkpt>
      <trkpt lat="44.790210" lon="5.446776">
        <ele>886.940984</ele>

      </trkpt>
      <trkpt lat="44.790256" lon="5.446802">
        <ele>887.582239</ele>

      </trkpt>
      <trkpt lat="44.790265" lon="5.446790">
        <ele>887.742551</ele>

      </trkpt>
      <trkpt lat="44.790278" lon="5.446791">
        <ele>887.910998</ele>

      </trkpt>
      <trkpt lat="44.790285" lon="5.446801">
        <ele>888.039970</ele>

      </trkpt>
      <trkpt lat="44.790302" lon="5.446807">
        <ele>888.266714</ele>

      </trkpt>
      <trkpt lat="44.790306" lon="5.446813">
        <ele>888.342302</ele>

      </trkpt>
      <trkpt lat="44.790317" lon="5.446832">
        <ele>888.567450</ele>

      </trkpt>
      <trkpt lat="44.790332" lon="5.446856">
        <ele>888.861095</ele>

      </trkpt>
      <trkpt lat="44.790338" lon="5.446868">
        <ele>888.995881</ele>

      </trkpt>
      <trkpt lat="44.790343" lon="5.446874">
        <ele>889.080852</ele>

      </trkpt>
      <trkpt lat="44.790366" lon="5.446872">
        <ele>889.378997</ele>

      </trkpt>
      <trkpt lat="44.790377" lon="5.446873">
        <ele>889.521614</ele>

      </trkpt>
      <trkpt lat="44.790387" lon="5.446879">
        <ele>889.662237</ele>

      </trkpt>
      <trkpt lat="44.790406" lon="5.446896">
        <ele>889.953435</ele>

      </trkpt>
      <trkpt lat="44.790443" lon="5.446952">
        <ele>890.655978</ele>

      </trkpt>
      <trkpt lat="44.790473" lon="5.446970">
        <ele>891.077848</ele>

      </trkpt>
      <trkpt lat="44.790514" lon="5.446999">
        <ele>891.671397</ele>

      </trkpt>
      <trkpt lat="44.790518" lon="5.447000">
        <ele>891.723958</ele>

      </trkpt>
      <trkpt lat="44.790545" lon="5.447025">
        <ele>892.141962</ele>

      </trkpt>
      <trkpt lat="44.790556" lon="5.447043">
        <ele>892.360071</ele>

      </trkpt>
      <trkpt lat="44.790575" lon="5.447075">
        <ele>892.743170</ele>

      </trkpt>
      <trkpt lat="44.790591" lon="5.447090">
        <ele>892.991813</ele>

      </trkpt>
      <trkpt lat="44.790602" lon="5.447099">
        <ele>893.156386</ele>

      </trkpt>
      <trkpt lat="44.790627" lon="5.447126">
        <ele>893.563922</ele>

      </trkpt>
      <trkpt lat="44.790637" lon="5.447140">
        <ele>893.746308</ele>

      </trkpt>
      <trkpt lat="44.790656" lon="5.447154">
        <ele>894.023716</ele>

      </trkpt>
      <trkpt lat="44.790656" lon="5.447151">
        <ele>894.051262</ele>

      </trkpt>
      <trkpt lat="44.790658" lon="5.447148">
        <ele>894.089056</ele>

      </trkpt>
      <trkpt lat="44.790661" lon="5.447141">
        <ele>894.164141</ele>

      </trkpt>
      <trkpt lat="44.790665" lon="5.447163">
        <ele>894.372671</ele>

      </trkpt>
      <trkpt lat="44.790674" lon="5.447172">
        <ele>894.515459</ele>

      </trkpt>
      <trkpt lat="44.790698" lon="5.447197">
        <ele>894.901613</ele>

      </trkpt>
      <trkpt lat="44.790725" lon="5.447212">
        <ele>895.277116</ele>

      </trkpt>
      <trkpt lat="44.790729" lon="5.447206">
        <ele>895.352703</ele>

      </trkpt>
      <trkpt lat="44.790754" lon="5.447204">
        <ele>895.676680</ele>

      </trkpt>
      <trkpt lat="44.790758" lon="5.447235">
        <ele>895.965990</ele>

      </trkpt>
      <trkpt lat="44.790765" lon="5.447237">
        <ele>896.058400</ele>

      </trkpt>
      <trkpt lat="44.790767" lon="5.447240">
        <ele>896.096194</ele>

      </trkpt>
      <trkpt lat="44.790782" lon="5.447232">
        <ele>896.303704</ele>

      </trkpt>
      <trkpt lat="44.790783" lon="5.447227">
        <ele>896.351402</ele>

      </trkpt>
      <trkpt lat="44.790790" lon="5.447231">
        <ele>896.449134</ele>

      </trkpt>
      <trkpt lat="44.790784" lon="5.447267">
        <ele>897.189028</ele>

      </trkpt>
      <trkpt lat="44.790748" lon="5.447272">
        <ele>898.251562</ele>

      </trkpt>
      <trkpt lat="44.790784" lon="5.447257">
        <ele>899.354233</ele>

      </trkpt>
      <trkpt lat="44.790796" lon="5.447282">
        <ele>899.983368</ele>

      </trkpt>
      <trkpt lat="44.790797" lon="5.447287">
        <ele>900.091654</ele>

      </trkpt>
      <trkpt lat="44.790810" lon="5.447291">
        <ele>900.482494</ele>

      </trkpt>
      <trkpt lat="44.790817" lon="5.447291">
        <ele>900.688101</ele>

      </trkpt>
      <trkpt lat="44.790856" lon="5.447286">
        <ele>901.838360</ele>

      </trkpt>
      <trkpt lat="44.790881" lon="5.447286">
        <ele>902.572672</ele>

      </trkpt>
      <trkpt lat="44.790890" lon="5.447301">
        <ele>902.982122</ele>

      </trkpt>
      <trkpt lat="44.790898" lon="5.447329">
        <ele>903.611312</ele>

      </trkpt>
      <trkpt lat="44.790898" lon="5.447338">
        <ele>903.798918</ele>

      </trkpt>
      <trkpt lat="44.790904" lon="5.447366">
        <ele>904.408609</ele>

      </trkpt>
      <trkpt lat="44.790907" lon="5.447369">
        <ele>904.516661</ele>

      </trkpt>
      <trkpt lat="44.790927" lon="5.447396">
        <ele>905.330210</ele>

      </trkpt>
      <trkpt lat="44.790930" lon="5.447401">
        <ele>905.466694</ele>

      </trkpt>
      <trkpt lat="44.790957" lon="5.447447">
        <ele>906.711034</ele>

      </trkpt>
      <trkpt lat="44.790959" lon="5.447456">
        <ele>906.907622</ele>

      </trkpt>
      <trkpt lat="44.790973" lon="5.447520">
        <ele>908.303648</ele>

      </trkpt>
      <trkpt lat="44.790971" lon="5.447520">
        <ele>908.362393</ele>

      </trkpt>
      <trkpt lat="44.790962" lon="5.447565">
        <ele>909.336962</ele>

      </trkpt>
      <trkpt lat="44.790969" lon="5.447577">
        <ele>909.660760</ele>

      </trkpt>
      <trkpt lat="44.790969" lon="5.447615">
        <ele>910.452874</ele>

      </trkpt>
      <trkpt lat="44.790968" lon="5.447615">
        <ele>910.482247</ele>

      </trkpt>
      <trkpt lat="44.790968" lon="5.447633">
        <ele>910.857459</ele>

      </trkpt>
      <trkpt lat="44.790969" lon="5.447676">
        <ele>911.754280</ele>

      </trkpt>
      <trkpt lat="44.790973" lon="5.447717">
        <ele>912.616968</ele>

      </trkpt>
      <trkpt lat="44.790981" lon="5.447751">
        <ele>913.363640</ele>

      </trkpt>
      <trkpt lat="44.790990" lon="5.447808">
        <ele>914.580864</ele>

      </trkpt>
      <trkpt lat="44.790991" lon="5.447819">
        <ele>914.812034</ele>

      </trkpt>
      <trkpt lat="44.790992" lon="5.447878">
        <ele>916.042246</ele>

      </trkpt>
      <trkpt lat="44.791018" lon="5.447922">
        <ele>917.235746</ele>

      </trkpt>
      <trkpt lat="44.791022" lon="5.447922">
        <ele>917.353236</ele>

      </trkpt>
      <trkpt lat="44.791035" lon="5.447959">
        <ele>918.213852</ele>

      </trkpt>
      <trkpt lat="44.791038" lon="5.447966">
        <ele>918.384310</ele>

      </trkpt>
      <trkpt lat="44.791065" lon="5.448020">
        <ele>919.761261</ele>

      </trkpt>
      <trkpt lat="44.791071" lon="5.448028">
        <ele>920.003888</ele>

      </trkpt>
      <trkpt lat="44.791076" lon="5.448032">
        <ele>920.172769</ele>

      </trkpt>
      <trkpt lat="44.791105" lon="5.448079">
        <ele>921.471005</ele>

      </trkpt>
      <trkpt lat="44.791109" lon="5.448088">
        <ele>921.692364</ele>

      </trkpt>
      <trkpt lat="44.791120" lon="5.448098">
        <ele>922.076868</ele>

      </trkpt>
      <trkpt lat="44.791137" lon="5.448101">
        <ele>922.580101</ele>

      </trkpt>
      <trkpt lat="44.791155" lon="5.448122">
        <ele>923.266505</ele>

      </trkpt>
      <trkpt lat="44.791166" lon="5.448139">
        <ele>923.746054</ele>

      </trkpt>
      <trkpt lat="44.791170" lon="5.448152">
        <ele>924.041413</ele>

      </trkpt>
      <trkpt lat="44.791184" lon="5.448186">
        <ele>924.860802</ele>

      </trkpt>
      <trkpt lat="44.791191" lon="5.448210">
        <ele>925.401686</ele>

      </trkpt>
      <trkpt lat="44.791206" lon="5.448254">
        <ele>926.419202</ele>

      </trkpt>
      <trkpt lat="44.791209" lon="5.448264">
        <ele>926.645513</ele>

      </trkpt>
      <trkpt lat="44.791211" lon="5.448294">
        <ele>927.273617</ele>

      </trkpt>
      <trkpt lat="44.791210" lon="5.448332">
        <ele>928.066272</ele>

      </trkpt>
      <trkpt lat="44.791208" lon="5.448343">
        <ele>928.302973</ele>

      </trkpt>
      <trkpt lat="44.791204" lon="5.448343">
        <ele>928.420463</ele>

      </trkpt>
      <trkpt lat="44.791216" lon="5.448357">
        <ele>928.878066</ele>

      </trkpt>
      <trkpt lat="44.791206" lon="5.448408">
        <ele>929.980993</ele>

      </trkpt>
      <trkpt lat="44.791200" lon="5.448429">
        <ele>930.452883</ele>

      </trkpt>
      <trkpt lat="44.791193" lon="5.448441">
        <ele>930.776680</ele>

      </trkpt>
      <trkpt lat="44.791190" lon="5.448445">
        <ele>930.897994</ele>

      </trkpt>
      <trkpt lat="44.791176" lon="5.448457">
        <ele>931.379313</ele>

      </trkpt>
      <trkpt lat="44.791163" lon="5.448469">
        <ele>931.835793</ele>

      </trkpt>
      <trkpt lat="44.791164" lon="5.448474">
        <ele>931.944078</ele>

      </trkpt>
      <trkpt lat="44.791165" lon="5.448475">
        <ele>931.980095</ele>

      </trkpt>
      <trkpt lat="44.791179" lon="5.448503">
        <ele>932.694069</ele>

      </trkpt>
      <trkpt lat="44.791194" lon="5.448522">
        <ele>933.286502</ele>

      </trkpt>
      <trkpt lat="44.791198" lon="5.448524">
        <ele>933.411170</ele>

      </trkpt>
      <trkpt lat="44.791213" lon="5.448538">
        <ele>933.939641</ele>

      </trkpt>
      <trkpt lat="44.791212" lon="5.448542">
        <ele>934.028044</ele>

      </trkpt>
      <trkpt lat="44.791210" lon="5.448564">
        <ele>934.490382</ele>

      </trkpt>
      <trkpt lat="44.791210" lon="5.448574">
        <ele>934.698832</ele>

      </trkpt>
      <trkpt lat="44.791207" lon="5.448586">
        <ele>934.964039</ele>

      </trkpt>
      <trkpt lat="44.791218" lon="5.448631">
        <ele>935.956151</ele>

      </trkpt>
      <trkpt lat="44.791218" lon="5.448655">
        <ele>936.456432</ele>

      </trkpt>
      <trkpt lat="44.791227" lon="5.448679">
        <ele>937.022261</ele>

      </trkpt>
      <trkpt lat="44.791237" lon="5.448699">
        <ele>937.532242</ele>

      </trkpt>
      <trkpt lat="44.791242" lon="5.448703">
        <ele>937.701123</ele>

      </trkpt>
      <trkpt lat="44.791246" lon="5.448711">
        <ele>937.905115</ele>

      </trkpt>
      <trkpt lat="44.791251" lon="5.448747">
        <ele>938.669772</ele>

      </trkpt>
      <trkpt lat="44.791254" lon="5.448781">
        <ele>939.383959</ele>

      </trkpt>
      <trkpt lat="44.791259" lon="5.448783">
        <ele>939.536625</ele>

      </trkpt>
      <trkpt lat="44.791281" lon="5.448842">
        <ele>940.925910</ele>

      </trkpt>
      <trkpt lat="44.791284" lon="5.448843">
        <ele>941.016459</ele>

      </trkpt>
      <trkpt lat="44.791308" lon="5.448865">
        <ele>941.857438</ele>

      </trkpt>
      <trkpt lat="44.791309" lon="5.448871">
        <ele>941.985910</ele>

      </trkpt>
      <trkpt lat="44.791330" lon="5.448889">
        <ele>942.707888</ele>

      </trkpt>
      <trkpt lat="44.791340" lon="5.448896">
        <ele>943.035860</ele>

      </trkpt>
      <trkpt lat="44.791380" lon="5.448955">
        <ele>944.736721</ele>

      </trkpt>
      <trkpt lat="44.791384" lon="5.448960">
        <ele>944.893778</ele>

      </trkpt>
      <trkpt lat="44.791397" lon="5.448981">
        <ele>945.474660</ele>

      </trkpt>
      <trkpt lat="44.791419" lon="5.449010">
        <ele>946.359528</ele>

      </trkpt>
      <trkpt lat="44.791431" lon="5.449031">
        <ele>946.921538</ele>

      </trkpt>
      <trkpt lat="44.791441" lon="5.449065">
        <ele>947.688721</ele>

      </trkpt>
      <trkpt lat="44.791444" lon="5.449078">
        <ele>947.973673</ele>

      </trkpt>
      <trkpt lat="44.791424" lon="5.449109">
        <ele>948.846979</ele>

      </trkpt>
      <trkpt lat="44.791425" lon="5.449114">
        <ele>948.955263</ele>

      </trkpt>
      <trkpt lat="44.791446" lon="5.449164">
        <ele>950.180780</ele>

      </trkpt>
      <trkpt lat="44.791469" lon="5.449178">
        <ele>950.928995</ele>

      </trkpt>
      <trkpt lat="44.791484" lon="5.449193">
        <ele>951.478293</ele>

      </trkpt>
      <trkpt lat="44.791514" lon="5.449210">
        <ele>952.443939</ele>

      </trkpt>
      <trkpt lat="44.791520" lon="5.449211">
        <ele>952.624371</ele>

      </trkpt>
      <trkpt lat="44.791524" lon="5.449201">
        <ele>952.867654</ele>

      </trkpt>
      <trkpt lat="44.791526" lon="5.449200">
        <ele>952.931030</ele>

      </trkpt>
      <trkpt lat="44.791524" lon="5.449196">
        <ele>953.034732</ele>

      </trkpt>
      <trkpt lat="44.791540" lon="5.449234">
        <ele>953.971168</ele>

      </trkpt>
      <trkpt lat="44.791544" lon="5.449238">
        <ele>954.117647</ele>

      </trkpt>
      <trkpt lat="44.791547" lon="5.449244">
        <ele>954.273200</ele>

      </trkpt>
      <trkpt lat="44.791560" lon="5.449262">
        <ele>954.817491</ele>

      </trkpt>
      <trkpt lat="44.791584" lon="5.449279">
        <ele>955.619684</ele>

      </trkpt>
      <trkpt lat="44.791589" lon="5.449278">
        <ele>955.770500</ele>

      </trkpt>
      <trkpt lat="44.791594" lon="5.449278">
        <ele>955.919819</ele>

      </trkpt>
      <trkpt lat="44.791633" lon="5.449263">
        <ele>957.127115</ele>

      </trkpt>
      <trkpt lat="44.791687" lon="5.449253">
        <ele>958.753627</ele>

      </trkpt>
      <trkpt lat="44.791701" lon="5.449250">
        <ele>959.176527</ele>

      </trkpt>
      <trkpt lat="44.791715" lon="5.449252">
        <ele>959.596764</ele>

      </trkpt>
      <trkpt lat="44.791731" lon="5.449271">
        <ele>960.221633</ele>

      </trkpt>
      <trkpt lat="44.791745" lon="5.449270">
        <ele>960.640263</ele>

      </trkpt>
      <trkpt lat="44.791780" lon="5.449303">
        <ele>961.897902</ele>

      </trkpt>
      <trkpt lat="44.791788" lon="5.449313">
        <ele>962.217268</ele>

      </trkpt>
      <trkpt lat="44.791814" lon="5.449349">
        <ele>963.305847</ele>

      </trkpt>
      <trkpt lat="44.791826" lon="5.449359">
        <ele>963.722191</ele>

      </trkpt>
      <trkpt lat="44.791836" lon="5.449388">
        <ele>964.405515</ele>

      </trkpt>
      <trkpt lat="44.791843" lon="5.449407">
        <ele>964.859221</ele>

      </trkpt>
      <trkpt lat="44.791860" lon="5.449447">
        <ele>965.847353</ele>

      </trkpt>
      <trkpt lat="44.791871" lon="5.449484">
        <ele>966.697540</ele>

      </trkpt>
      <trkpt lat="44.791869" lon="5.449480">
        <ele>966.801242</ele>

      </trkpt>
      <trkpt lat="44.791851" lon="5.449510">
        <ele>967.633832</ele>

      </trkpt>
      <trkpt lat="44.791843" lon="5.449521">
        <ele>967.967639</ele>

      </trkpt>
      <trkpt lat="44.791814" lon="5.449574">
        <ele>969.385999</ele>

      </trkpt>
      <trkpt lat="44.791813" lon="5.449579">
        <ele>969.496094</ele>

      </trkpt>
      <trkpt lat="44.791789" lon="5.449629">
        <ele>970.775396</ele>

      </trkpt>
      <trkpt lat="44.791771" lon="5.449660">
        <ele>971.624281</ele>

      </trkpt>
      <trkpt lat="44.791756" lon="5.449684">
        <ele>972.302061</ele>

      </trkpt>
      <trkpt lat="44.791730" lon="5.449696">
        <ele>973.119109</ele>

      </trkpt>
      <trkpt lat="44.791722" lon="5.449717">
        <ele>973.624243</ele>

      </trkpt>
      <trkpt lat="44.791719" lon="5.449726">
        <ele>973.834978</ele>

      </trkpt>
      <trkpt lat="44.791690" lon="5.449760">
        <ele>974.961601</ele>

      </trkpt>
      <trkpt lat="44.791687" lon="5.449779">
        <ele>975.374124</ele>

      </trkpt>
      <trkpt lat="44.791694" lon="5.449797">
        <ele>975.809130</ele>

      </trkpt>
      <trkpt lat="44.791693" lon="5.449820">
        <ele>976.297496</ele>

      </trkpt>
      <trkpt lat="44.791694" lon="5.449848">
        <ele>976.891666</ele>

      </trkpt>
      <trkpt lat="44.791692" lon="5.449864">
        <ele>977.235982</ele>

      </trkpt>
      <trkpt lat="44.791688" lon="5.449877">
        <ele>977.536280</ele>

      </trkpt>
      <trkpt lat="44.791683" lon="5.449894">
        <ele>977.926286</ele>

      </trkpt>
      <trkpt lat="44.791689" lon="5.449902">
        <ele>978.172971</ele>

      </trkpt>
      <trkpt lat="44.791704" lon="5.449930">
        <ele>978.916484</ele>

      </trkpt>
      <trkpt lat="44.791710" lon="5.449941">
        <ele>979.210517</ele>

      </trkpt>
      <trkpt lat="44.791709" lon="5.449956">
        <ele>979.529820</ele>

      </trkpt>
      <trkpt lat="44.791710" lon="5.449961">
        <ele>979.639915</ele>

      </trkpt>
      <trkpt lat="44.791711" lon="5.449966">
        <ele>979.750011</ele>

      </trkpt>
      <trkpt lat="44.791705" lon="5.449988">
        <ele>980.249513</ele>

      </trkpt>
      <trkpt lat="44.791704" lon="5.450014">
        <ele>980.801354</ele>

      </trkpt>
      <trkpt lat="44.791709" lon="5.450036">
        <ele>981.290938</ele>

      </trkpt>
      <trkpt lat="44.791729" lon="5.450031">
        <ele>981.897541</ele>

      </trkpt>
      <trkpt lat="44.791737" lon="5.450063">
        <ele>982.616585</ele>

      </trkpt>
      <trkpt lat="44.791745" lon="5.450082">
        <ele>983.084802</ele>

      </trkpt>
      <trkpt lat="44.791772" lon="5.450115">
        <ele>984.152180</ele>

      </trkpt>
      <trkpt lat="44.791793" lon="5.450132">
        <ele>984.875446</ele>

      </trkpt>
      <trkpt lat="44.791798" lon="5.450137">
        <ele>985.058545</ele>

      </trkpt>
      <trkpt lat="44.791813" lon="5.450151">
        <ele>985.595855</ele>

      </trkpt>
      <trkpt lat="44.791817" lon="5.450154">
        <ele>985.731177</ele>

      </trkpt>
      <trkpt lat="44.791830" lon="5.450193">
        <ele>986.644359</ele>

      </trkpt>
      <trkpt lat="44.791829" lon="5.450219">
        <ele>987.196198</ele>

      </trkpt>
      <trkpt lat="44.791831" lon="5.450245">
        <ele>987.750456</ele>

      </trkpt>
      <trkpt lat="44.791833" lon="5.450250">
        <ele>987.872097</ele>

      </trkpt>
      <trkpt lat="44.791834" lon="5.450274">
        <ele>988.381617</ele>

      </trkpt>
      <trkpt lat="44.791845" lon="5.450305">
        <ele>989.116164</ele>

      </trkpt>
      <trkpt lat="44.791843" lon="5.450301">
        <ele>989.219866</ele>

      </trkpt>
      <trkpt lat="44.791842" lon="5.450315">
        <ele>989.518074</ele>

      </trkpt>
      <trkpt lat="44.791848" lon="5.450360">
        <ele>990.488467</ele>

      </trkpt>
      <trkpt lat="44.791848" lon="5.450372">
        <ele>990.742789</ele>

      </trkpt>
      <trkpt lat="44.791839" lon="5.450418">
        <ele>991.754060</ele>

      </trkpt>
      <trkpt lat="44.791837" lon="5.450424">
        <ele>991.894549</ele>

      </trkpt>
      <trkpt lat="44.791840" lon="5.450438">
        <ele>992.204489</ele>

      </trkpt>
      <trkpt lat="44.791846" lon="5.450442">
        <ele>992.402714</ele>

      </trkpt>
      <trkpt lat="44.791845" lon="5.450449">
        <ele>992.554045</ele>

      </trkpt>
      <trkpt lat="44.791831" lon="5.450490">
        <ele>993.518330</ele>

      </trkpt>
      <trkpt lat="44.791814" lon="5.450520">
        <ele>994.331959</ele>

      </trkpt>
      <trkpt lat="44.791812" lon="5.450522">
        <ele>994.405198</ele>

      </trkpt>
      <trkpt lat="44.791805" lon="5.450530">
        <ele>994.674358</ele>

      </trkpt>
      <trkpt lat="44.791797" lon="5.450541">
        <ele>995.008165</ele>

      </trkpt>
      <trkpt lat="44.791796" lon="5.450563">
        <ele>995.475378</ele>

      </trkpt>
      <trkpt lat="44.791788" lon="5.450589">
        <ele>996.075972</ele>

      </trkpt>
      <trkpt lat="44.791795" lon="5.450599">
        <ele>996.373658</ele>

      </trkpt>
      <trkpt lat="44.791802" lon="5.450616">
        <ele>996.790202</ele>

      </trkpt>
      <trkpt lat="44.791797" lon="5.450633">
        <ele>997.180208</ele>

      </trkpt>
      <trkpt lat="44.791805" lon="5.450629">
        <ele>997.433713</ele>

      </trkpt>
      <trkpt lat="44.791807" lon="5.450630">
        <ele>997.497090</ele>

      </trkpt>
      <trkpt lat="44.791813" lon="5.450615">
        <ele>997.862012</ele>

      </trkpt>
      <trkpt lat="44.791787" lon="5.450590">
        <ele>998.802021</ele>

      </trkpt>
      <trkpt lat="44.791792" lon="5.450587">
        <ele>998.964313</ele>

      </trkpt>
      <trkpt lat="44.791794" lon="5.450589">
        <ele>999.037552</ele>

      </trkpt>
      <trkpt lat="44.791795" lon="5.450594">
        <ele>999.147648</ele>

      </trkpt>
      <trkpt lat="44.791791" lon="5.450631">
        <ele>999.940854</ele>

      </trkpt>
      <trkpt lat="44.791772" lon="5.450640">
        <ele>1000.539468</ele>

      </trkpt>
      <trkpt lat="44.791759" lon="5.450649">
        <ele>1000.972024</ele>

      </trkpt>
      <trkpt lat="44.791755" lon="5.450671">
        <ele>1001.453340</ele>

      </trkpt>
      <trkpt lat="44.791756" lon="5.450680">
        <ele>1001.646406</ele>

      </trkpt>
      <trkpt lat="44.791762" lon="5.450693">
        <ele>1001.975063</ele>

      </trkpt>
      <trkpt lat="44.791768" lon="5.450745">
        <ele>1003.081300</ele>

      </trkpt>
      <trkpt lat="44.791768" lon="5.450751">
        <ele>1003.190556</ele>

      </trkpt>
      <trkpt lat="44.791777" lon="5.450770">
        <ele>1003.606521</ele>

      </trkpt>
      <trkpt lat="44.791777" lon="5.450774">
        <ele>1003.679358</ele>

      </trkpt>
      <trkpt lat="44.791784" lon="5.450775">
        <ele>1003.859890</ele>

      </trkpt>
      <trkpt lat="44.791814" lon="5.450776">
        <ele>1004.629867</ele>

      </trkpt>
      <trkpt lat="44.791819" lon="5.450788">
        <ele>1004.883256</ele>

      </trkpt>
      <trkpt lat="44.791823" lon="5.450795">
        <ele>1005.046906</ele>

      </trkpt>
      <trkpt lat="44.791817" lon="5.450825">
        <ele>1005.614462</ele>

      </trkpt>
      <trkpt lat="44.791817" lon="5.450828">
        <ele>1005.669090</ele>

      </trkpt>
      <trkpt lat="44.791800" lon="5.450909">
        <ele>1007.207188</ele>

      </trkpt>
      <trkpt lat="44.791764" lon="5.450970">
        <ele>1008.651849</ele>

      </trkpt>
      <trkpt lat="44.791748" lon="5.450980">
        <ele>1009.100960</ele>

      </trkpt>
      <trkpt lat="44.791742" lon="5.451001">
        <ele>1009.513182</ele>

      </trkpt>
      <trkpt lat="44.791737" lon="5.451028">
        <ele>1010.021295</ele>

      </trkpt>
      <trkpt lat="44.791733" lon="5.451050">
        <ele>1010.434838</ele>

      </trkpt>
      <trkpt lat="44.791744" lon="5.451098">
        <ele>1011.353325</ele>

      </trkpt>
      <trkpt lat="44.791745" lon="5.451115">
        <ele>1011.663944</ele>

      </trkpt>
      <trkpt lat="44.791741" lon="5.451122">
        <ele>1011.827593</ele>

      </trkpt>
      <trkpt lat="44.791738" lon="5.451139">
        <ele>1012.146578</ele>

      </trkpt>
      <trkpt lat="44.791735" lon="5.451161">
        <ele>1012.554511</ele>

      </trkpt>
      <trkpt lat="44.791734" lon="5.451163">
        <ele>1012.599061</ele>

      </trkpt>
      <trkpt lat="44.791726" lon="5.451188">
        <ele>1013.098432</ele>

      </trkpt>
      <trkpt lat="44.791721" lon="5.451197">
        <ele>1013.306559</ele>

      </trkpt>
      <trkpt lat="44.791679" lon="5.451247">
        <ele>1014.717343</ele>

      </trkpt>
      <trkpt lat="44.791659" lon="5.451313">
        <ele>1016.024134</ele>

      </trkpt>
      <trkpt lat="44.791655" lon="5.451335">
        <ele>1016.437677</ele>

      </trkpt>
      <trkpt lat="44.791626" lon="5.451440">
        <ele>1018.489346</ele>

      </trkpt>
      <trkpt lat="44.791581" lon="5.451532">
        <ele>1020.523968</ele>

      </trkpt>
      <trkpt lat="44.791546" lon="5.451604">
        <ele>1022.113122</ele>

      </trkpt>
      <trkpt lat="44.791543" lon="5.451612">
        <ele>1022.277884</ele>

      </trkpt>
      <trkpt lat="44.791543" lon="5.451618">
        <ele>1022.387140</ele>

      </trkpt>
      <trkpt lat="44.791539" lon="5.451643">
        <ele>1022.853800</ele>

      </trkpt>
      <trkpt lat="44.791546" lon="5.451672">
        <ele>1023.411580</ele>

      </trkpt>
      <trkpt lat="44.791546" lon="5.451753">
        <ele>1024.886536</ele>

      </trkpt>
      <trkpt lat="44.791549" lon="5.451758">
        <ele>1025.005762</ele>

      </trkpt>
      <trkpt lat="44.791557" lon="5.451754">
        <ele>1025.223572</ele>

      </trkpt>
      <trkpt lat="44.791562" lon="5.451757">
        <ele>1025.363011</ele>

      </trkpt>
      <trkpt lat="44.791562" lon="5.451785">
        <ele>1025.872873</ele>

      </trkpt>
      <trkpt lat="44.791545" lon="5.451790">
        <ele>1026.318472</ele>

      </trkpt>
      <trkpt lat="44.791528" lon="5.451770">
        <ele>1026.886715</ele>

      </trkpt>
      <trkpt lat="44.791494" lon="5.451794">
        <ele>1027.862453</ele>

      </trkpt>
      <trkpt lat="44.791522" lon="5.451807">
        <ele>1028.618892</ele>

      </trkpt>
      <trkpt lat="44.791525" lon="5.451844">
        <ele>1029.297020</ele>

      </trkpt>
      <trkpt lat="44.791527" lon="5.451900">
        <ele>1030.318034</ele>

      </trkpt>
      <trkpt lat="44.791529" lon="5.451952">
        <ele>1031.266309</ele>

      </trkpt>
      <trkpt lat="44.791531" lon="5.451959">
        <ele>1031.403717</ele>

      </trkpt>
      <trkpt lat="44.791531" lon="5.451967">
        <ele>1031.549392</ele>

      </trkpt>
      <trkpt lat="44.791548" lon="5.451986">
        <ele>1032.106141</ele>

      </trkpt>
      <trkpt lat="44.791550" lon="5.451998">
        <ele>1032.330598</ele>

      </trkpt>
      <trkpt lat="44.791549" lon="5.452007">
        <ele>1032.496478</ele>

      </trkpt>
      <trkpt lat="44.791543" lon="5.452016">
        <ele>1032.721332</ele>

      </trkpt>
      <trkpt lat="44.791545" lon="5.452023">
        <ele>1032.858740</ele>

      </trkpt>
      <trkpt lat="44.791542" lon="5.452033">
        <ele>1033.056435</ele>

      </trkpt>
      <trkpt lat="44.791540" lon="5.452087">
        <ele>1034.041077</ele>

      </trkpt>
      <trkpt lat="44.791541" lon="5.452139">
        <ele>1034.988311</ele>

      </trkpt>
      <trkpt lat="44.791540" lon="5.452153">
        <ele>1035.244529</ele>

      </trkpt>
      <trkpt lat="44.791499" lon="5.452199">
        <ele>1036.589276</ele>

      </trkpt>
      <trkpt lat="44.791475" lon="5.452232">
        <ele>1037.449690</ele>

      </trkpt>
      <trkpt lat="44.791465" lon="5.452241">
        <ele>1037.754148</ele>

      </trkpt>
      <trkpt lat="44.791455" lon="5.452276">
        <ele>1038.441188</ele>

      </trkpt>
      <trkpt lat="44.791445" lon="5.452292">
        <ele>1038.829417</ele>

      </trkpt>
      <trkpt lat="44.791441" lon="5.452294">
        <ele>1038.938321</ele>

      </trkpt>
      <trkpt lat="44.791441" lon="5.452330">
        <ele>1039.593859</ele>

      </trkpt>
      <trkpt lat="44.791433" lon="5.452380">
        <ele>1040.527180</ele>

      </trkpt>
      <trkpt lat="44.791429" lon="5.452399">
        <ele>1040.888061</ele>

      </trkpt>
      <trkpt lat="44.791413" lon="5.452413">
        <ele>1041.371313</ele>

      </trkpt>
      <trkpt lat="44.791417" lon="5.452428">
        <ele>1041.663100</ele>

      </trkpt>
      <trkpt lat="44.791427" lon="5.452466">
        <ele>1042.401097</ele>

      </trkpt>
      <trkpt lat="44.791431" lon="5.452506">
        <ele>1043.136668</ele>

      </trkpt>
      <trkpt lat="44.791433" lon="5.452557">
        <ele>1044.066763</ele>

      </trkpt>
      <trkpt lat="44.791432" lon="5.452562">
        <ele>1044.161356</ele>

      </trkpt>
      <trkpt lat="44.791418" lon="5.452560">
        <ele>1044.522419</ele>

      </trkpt>
      <trkpt lat="44.791406" lon="5.452588">
        <ele>1045.118041</ele>

      </trkpt>
      <trkpt lat="44.791397" lon="5.452607">
        <ele>1045.534008</ele>

      </trkpt>
      <trkpt lat="44.791398" lon="5.452615">
        <ele>1045.681926</ele>

      </trkpt>
      <trkpt lat="44.791407" lon="5.452637">
        <ele>1046.144325</ele>

      </trkpt>
      <trkpt lat="44.791423" lon="5.452701">
        <ele>1047.379922</ele>

      </trkpt>
      <trkpt lat="44.791424" lon="5.452711">
        <ele>1047.563815</ele>

      </trkpt>
      <trkpt lat="44.791427" lon="5.452736">
        <ele>1048.025512</ele>

      </trkpt>
      <trkpt lat="44.791425" lon="5.452771">
        <ele>1048.664902</ele>

      </trkpt>
      <trkpt lat="44.791428" lon="5.452783">
        <ele>1048.896577</ele>

      </trkpt>
      <trkpt lat="44.791431" lon="5.452799">
        <ele>1049.189813</ele>

      </trkpt>
      <trkpt lat="44.791438" lon="5.452825">
        <ele>1049.552511</ele>

      </trkpt>
      <trkpt lat="44.791437" lon="5.452833">
        <ele>1049.658461</ele>

      </trkpt>
      <trkpt lat="44.791432" lon="5.452904">
        <ele>1050.589054</ele>

      </trkpt>
      <trkpt lat="44.791432" lon="5.452930">
        <ele>1050.928170</ele>

      </trkpt>
      <trkpt lat="44.791437" lon="5.452948">
        <ele>1051.180285</ele>

      </trkpt>
      <trkpt lat="44.791457" lon="5.452960">
        <ele>1051.579794</ele>

      </trkpt>
      <trkpt lat="44.791458" lon="5.452966">
        <ele>1051.660180</ele>

      </trkpt>
      <trkpt lat="44.791472" lon="5.453001">
        <ele>1052.184200</ele>

      </trkpt>
      <trkpt lat="44.791475" lon="5.453011">
        <ele>1052.325804</ele>

      </trkpt>
      <trkpt lat="44.791475" lon="5.453035">
        <ele>1052.638833</ele>

      </trkpt>
      <trkpt lat="44.791464" lon="5.453062">
        <ele>1053.044895</ele>

      </trkpt>
      <trkpt lat="44.791461" lon="5.453066">
        <ele>1053.120802</ele>

      </trkpt>
      <trkpt lat="44.791452" lon="5.453087">
        <ele>1053.440773</ele>

      </trkpt>
      <trkpt lat="44.791451" lon="5.453100">
        <ele>1053.611323</ele>

      </trkpt>
      <trkpt lat="44.791438" lon="5.453119">
        <ele>1053.955556</ele>

      </trkpt>
      <trkpt lat="44.791434" lon="5.453125">
        <ele>1054.062928</ele>

      </trkpt>
      <trkpt lat="44.791424" lon="5.453154">
        <ele>1054.483458</ele>

      </trkpt>
      <trkpt lat="44.791398" lon="5.453200">
        <ele>1055.250468</ele>

      </trkpt>
      <trkpt lat="44.791392" lon="5.453224">
        <ele>1055.582353</ele>

      </trkpt>
      <trkpt lat="44.791411" lon="5.453261">
        <ele>1056.178027</ele>

      </trkpt>
      <trkpt lat="44.791425" lon="5.453297">
        <ele>1056.713448</ele>

      </trkpt>
      <trkpt lat="44.791437" lon="5.453324">
        <ele>1057.128966</ele>

      </trkpt>
      <trkpt lat="44.791429" lon="5.453346">
        <ele>1057.451385</ele>

      </trkpt>
      <trkpt lat="44.791427" lon="5.453346">
        <ele>1057.488142</ele>

      </trkpt>
      <trkpt lat="44.791412" lon="5.453362">
        <ele>1057.833901</ele>

      </trkpt>
      <trkpt lat="44.791412" lon="5.453360">
        <ele>1057.859987</ele>

      </trkpt>
      <trkpt lat="44.791398" lon="5.453374">
        <ele>1058.175498</ele>

      </trkpt>
      <trkpt lat="44.791391" lon="5.453369">
        <ele>1058.319733</ele>

      </trkpt>
      <trkpt lat="44.791377" lon="5.453418">
        <ele>1059.008686</ele>

      </trkpt>
      <trkpt lat="44.791371" lon="5.453443">
        <ele>1059.352900</ele>

      </trkpt>
      <trkpt lat="44.791378" lon="5.453478">
        <ele>1059.827184</ele>

      </trkpt>
      <trkpt lat="44.791355" lon="5.453529">
        <ele>1060.615320</ele>

      </trkpt>
      <trkpt lat="44.791352" lon="5.453534">
        <ele>1060.700718</ele>

      </trkpt>
      <trkpt lat="44.791331" lon="5.453560">
        <ele>1061.214487</ele>

      </trkpt>
      <trkpt lat="44.791325" lon="5.453579">
        <ele>1061.485729</ele>

      </trkpt>
      <trkpt lat="44.791321" lon="5.453605">
        <ele>1061.832722</ele>

      </trkpt>
      <trkpt lat="44.791330" lon="5.453662">
        <ele>1062.594347</ele>

      </trkpt>
      <trkpt lat="44.791331" lon="5.453664">
        <ele>1062.626257</ele>

      </trkpt>
      <trkpt lat="44.791345" lon="5.453606">
        <ele>1063.425306</ele>

      </trkpt>
      <trkpt lat="44.791345" lon="5.453583">
        <ele>1063.725293</ele>

      </trkpt>
      <trkpt lat="44.791353" lon="5.453604">
        <ele>1064.036162</ele>

      </trkpt>
      <trkpt lat="44.791330" lon="5.453625">
        <ele>1064.539853</ele>

      </trkpt>
      <trkpt lat="44.791309" lon="5.453561">
        <ele>1065.459506</ele>

      </trkpt>
      <trkpt lat="44.791354" lon="5.453589">
        <ele>1066.363590</ele>

      </trkpt>
      <trkpt lat="44.791362" lon="5.453601">
        <ele>1066.578333</ele>

      </trkpt>
      <trkpt lat="44.791366" lon="5.453612">
        <ele>1066.739543</ele>

      </trkpt>
      <trkpt lat="44.791372" lon="5.453614">
        <ele>1066.852858</ele>

      </trkpt>
      <trkpt lat="44.791375" lon="5.453618">
        <ele>1066.928765</ele>

      </trkpt>
      <trkpt lat="44.791378" lon="5.453622">
        <ele>1067.004672</ele>

      </trkpt>
      <trkpt lat="44.791388" lon="5.453628">
        <ele>1067.204426</ele>

      </trkpt>
      <trkpt lat="44.791353" lon="5.453614">
        <ele>1067.873094</ele>

      </trkpt>
      <trkpt lat="44.791353" lon="5.453618">
        <ele>1067.925266</ele>

      </trkpt>
      <trkpt lat="44.791364" lon="5.453632">
        <ele>1068.197688</ele>

      </trkpt>
      <trkpt lat="44.791365" lon="5.453634">
        <ele>1068.229598</ele>

      </trkpt>
      <trkpt lat="44.791363" lon="5.453632">
        <ele>1068.274671</ele>

      </trkpt>
      <trkpt lat="44.791363" lon="5.453629">
        <ele>1068.313800</ele>

      </trkpt>
      <trkpt lat="44.791363" lon="5.453611">
        <ele>1068.548572</ele>

      </trkpt>
      <trkpt lat="44.791311" lon="5.453579">
        <ele>1069.591426</ele>

      </trkpt>
      <trkpt lat="44.791278" lon="5.453588">
        <ele>1070.209177</ele>

      </trkpt>
      <trkpt lat="44.791335" lon="5.453603">
        <ele>1071.274873</ele>

      </trkpt>
      <trkpt lat="44.791359" lon="5.453613">
        <ele>1071.734841</ele>

      </trkpt>
      <trkpt lat="44.791344" lon="5.453615">
        <ele>1072.011752</ele>

      </trkpt>
      <trkpt lat="44.791324" lon="5.453650">
        <ele>1072.597845</ele>

      </trkpt>
      <trkpt lat="44.791318" lon="5.453641">
        <ele>1072.758902</ele>

      </trkpt>
      <trkpt lat="44.791317" lon="5.453635">
        <ele>1072.839289</ele>

      </trkpt>
      <trkpt lat="44.791325" lon="5.453599">
        <ele>1073.331315</ele>

      </trkpt>
      <trkpt lat="44.791332" lon="5.453556">
        <ele>1073.906727</ele>

      </trkpt>
      <trkpt lat="44.791337" lon="5.453578">
        <ele>1074.208026</ele>

      </trkpt>
      <trkpt lat="44.791337" lon="5.453649">
        <ele>1075.134073</ele>

      </trkpt>
      <trkpt lat="44.791333" lon="5.453679">
        <ele>1075.532207</ele>

      </trkpt>
      <trkpt lat="44.791361" lon="5.453714">
        <ele>1076.220109</ele>

      </trkpt>
      <trkpt lat="44.791408" lon="5.453760">
        <ele>1077.271829</ele>

      </trkpt>
      <trkpt lat="44.791421" lon="5.453790">
        <ele>1077.730293</ele>

      </trkpt>
      <trkpt lat="44.791421" lon="5.453816">
        <ele>1078.069408</ele>

      </trkpt>
      <trkpt lat="44.791390" lon="5.453825">
        <ele>1078.651114</ele>

      </trkpt>
      <trkpt lat="44.791363" lon="5.453835">
        <ele>1079.164193</ele>

      </trkpt>
      <trkpt lat="44.791339" lon="5.453863">
        <ele>1079.736845</ele>

      </trkpt>
      <trkpt lat="44.791336" lon="5.453867">
        <ele>1079.812752</ele>

      </trkpt>
      <trkpt lat="44.791329" lon="5.453876">
        <ele>1079.986908</ele>

      </trkpt>
      <trkpt lat="44.791327" lon="5.453884">
        <ele>1080.097537</ele>

      </trkpt>
      <trkpt lat="44.791326" lon="5.453916">
        <ele>1080.515315</ele>

      </trkpt>
      <trkpt lat="44.791329" lon="5.453920">
        <ele>1080.591222</ele>

      </trkpt>
      <trkpt lat="44.791332" lon="5.453925">
        <ele>1080.676620</ele>

      </trkpt>
      <trkpt lat="44.791361" lon="5.453962">
        <ele>1081.395619</ele>

      </trkpt>
      <trkpt lat="44.791378" lon="5.453982">
        <ele>1081.802638</ele>

      </trkpt>
      <trkpt lat="44.791380" lon="5.453984">
        <ele>1081.847711</ele>

      </trkpt>
      <trkpt lat="44.791386" lon="5.454002">
        <ele>1082.107091</ele>

      </trkpt>
      <trkpt lat="44.791390" lon="5.454016">
        <ele>1082.326132</ele>

      </trkpt>
      <trkpt lat="44.791379" lon="5.454049">
        <ele>1082.937079</ele>

      </trkpt>
      <trkpt lat="44.791373" lon="5.454047">
        <ele>1083.082663</ele>

      </trkpt>
      <trkpt lat="44.791329" lon="5.454098">
        <ele>1084.427941</ele>

      </trkpt>
      <trkpt lat="44.791327" lon="5.454106">
        <ele>1084.570073</ele>

      </trkpt>
      <trkpt lat="44.791322" lon="5.454115">
        <ele>1084.761603</ele>

      </trkpt>
      <trkpt lat="44.791331" lon="5.454140">
        <ele>1085.231350</ele>

      </trkpt>
      <trkpt lat="44.791365" lon="5.454169">
        <ele>1086.169793</ele>

      </trkpt>
      <trkpt lat="44.791389" lon="5.454183">
        <ele>1086.783131</ele>

      </trkpt>
      <trkpt lat="44.791409" lon="5.454177">
        <ele>1087.265962</ele>

      </trkpt>
      <trkpt lat="44.791426" lon="5.454159">
        <ele>1087.768068</ele>

      </trkpt>
      <trkpt lat="44.791441" lon="5.454154">
        <ele>1088.132029</ele>

      </trkpt>
      <trkpt lat="44.791443" lon="5.454149">
        <ele>1088.228207</ele>

      </trkpt>
      <trkpt lat="44.791466" lon="5.454134">
        <ele>1088.826639</ele>

      </trkpt>
      <trkpt lat="44.791494" lon="5.454106">
        <ele>1089.637356</ele>

      </trkpt>
      <trkpt lat="44.791496" lon="5.454108">
        <ele>1089.695265</ele>

      </trkpt>
      <trkpt lat="44.791509" lon="5.454101">
        <ele>1090.023874</ele>

      </trkpt>
      <trkpt lat="44.791513" lon="5.454085">
        <ele>1090.308138</ele>

      </trkpt>
      <trkpt lat="44.791530" lon="5.454084">
        <ele>1090.709898</ele>

      </trkpt>
      <trkpt lat="44.791580" lon="5.454096">
        <ele>1091.907519</ele>

      </trkpt>
      <trkpt lat="44.791595" lon="5.454101">
        <ele>1092.271479</ele>

      </trkpt>
      <trkpt lat="44.791634" lon="5.454105">
        <ele>1093.194798</ele>

      </trkpt>
      <trkpt lat="44.791655" lon="5.454112">
        <ele>1093.704343</ele>

      </trkpt>
      <trkpt lat="44.791657" lon="5.454115">
        <ele>1093.773317</ele>

      </trkpt>
      <trkpt lat="44.791671" lon="5.454126">
        <ele>1094.151808</ele>

      </trkpt>
      <trkpt lat="44.791681" lon="5.454133">
        <ele>1094.415462</ele>

      </trkpt>
      <trkpt lat="44.791693" lon="5.454135">
        <ele>1094.700785</ele>

      </trkpt>
      <trkpt lat="44.791738" lon="5.454141">
        <ele>1095.768088</ele>

      </trkpt>
      <trkpt lat="44.791767" lon="5.454135">
        <ele>1096.460189</ele>

      </trkpt>
      <trkpt lat="44.791795" lon="5.454142">
        <ele>1097.131660</ele>

      </trkpt>
      <trkpt lat="44.791801" lon="5.454147">
        <ele>1097.296255</ele>

      </trkpt>
      <trkpt lat="44.791792" lon="5.454149">
        <ele>1097.511393</ele>

      </trkpt>
      <trkpt lat="44.791791" lon="5.454147">
        <ele>1097.552390</ele>

      </trkpt>
      <trkpt lat="44.791799" lon="5.454123">
        <ele>1097.996712</ele>

      </trkpt>
      <trkpt lat="44.791815" lon="5.454115">
        <ele>1098.397589</ele>

      </trkpt>
      <trkpt lat="44.791844" lon="5.454089">
        <ele>1099.209201</ele>

      </trkpt>
      <trkpt lat="44.791881" lon="5.454051">
        <ele>1100.290288</ele>

      </trkpt>
      <trkpt lat="44.791908" lon="5.454031">
        <ele>1101.010544</ele>

      </trkpt>
      <trkpt lat="44.791921" lon="5.454022">
        <ele>1101.352552</ele>

      </trkpt>
      <trkpt lat="44.791933" lon="5.454014">
        <ele>1101.666013</ele>

      </trkpt>
      <trkpt lat="44.791963" lon="5.453984">
        <ele>1102.534636</ele>

      </trkpt>
      <trkpt lat="44.791988" lon="5.453963">
        <ele>1103.221874</ele>

      </trkpt>
      <trkpt lat="44.792007" lon="5.453942">
        <ele>1103.792054</ele>

      </trkpt>
      <trkpt lat="44.792002" lon="5.453943">
        <ele>1103.911299</ele>

      </trkpt>
      <trkpt lat="44.792036" lon="5.453920">
        <ele>1104.801839</ele>

      </trkpt>
      <trkpt lat="44.792046" lon="5.453914">
        <ele>1105.058477</ele>

      </trkpt>
      <trkpt lat="44.792051" lon="5.453914">
        <ele>1105.176539</ele>

      </trkpt>
      <trkpt lat="44.792075" lon="5.453926">
        <ele>1105.777854</ele>

      </trkpt>
      <trkpt lat="44.792079" lon="5.453945">
        <ele>1106.109950</ele>

      </trkpt>
      <trkpt lat="44.792094" lon="5.454006">
        <ele>1107.191748</ele>

      </trkpt>
      <trkpt lat="44.792115" lon="5.454037">
        <ele>1107.909885</ele>

      </trkpt>
      <trkpt lat="44.792139" lon="5.454050">
        <ele>1108.517009</ele>

      </trkpt>
      <trkpt lat="44.792177" lon="5.454071">
        <ele>1109.480816</ele>

      </trkpt>
      <trkpt lat="44.792188" lon="5.454075">
        <ele>1109.749062</ele>

      </trkpt>
      <trkpt lat="44.792223" lon="5.454087">
        <ele>1110.599606</ele>

      </trkpt>
      <trkpt lat="44.792230" lon="5.454091">
        <ele>1110.777966</ele>

      </trkpt>
      <trkpt lat="44.792239" lon="5.454103">
        <ele>1111.070533</ele>

      </trkpt>
      <trkpt lat="44.792205" lon="5.454106">
        <ele>1111.874926</ele>

      </trkpt>
      <trkpt lat="44.792198" lon="5.454116">
        <ele>1112.110296</ele>

      </trkpt>
      <trkpt lat="44.792202" lon="5.454123">
        <ele>1112.260894</ele>

      </trkpt>
      <trkpt lat="44.792254" lon="5.454120">
        <ele>1113.489766</ele>

      </trkpt>
      <trkpt lat="44.792261" lon="5.454118">
        <ele>1113.658416</ele>

      </trkpt>
      <trkpt lat="44.792283" lon="5.454108">
        <ele>1114.204246</ele>

      </trkpt>
      <trkpt lat="44.792291" lon="5.454104">
        <ele>1114.404684</ele>

      </trkpt>
      <trkpt lat="44.792301" lon="5.454103">
        <ele>1114.641402</ele>

      </trkpt>
      <trkpt lat="44.792317" lon="5.454089">
        <ele>1115.086112</ele>

      </trkpt>
      <trkpt lat="44.792338" lon="5.454072">
        <ele>1115.657974</ele>

      </trkpt>
      <trkpt lat="44.792355" lon="5.454078">
        <ele>1116.071784</ele>

      </trkpt>
      <trkpt lat="44.792369" lon="5.454100">
        <ele>1116.566943</ele>

      </trkpt>
      <trkpt lat="44.792386" lon="5.454130">
        <ele>1117.210249</ele>

      </trkpt>
      <trkpt lat="44.792403" lon="5.454153">
        <ele>1117.766729</ele>

      </trkpt>
      <trkpt lat="44.792438" lon="5.454216">
        <ele>1119.107421</ele>

      </trkpt>
      <trkpt lat="44.792444" lon="5.454220">
        <ele>1119.264150</ele>

      </trkpt>
      <trkpt lat="44.792457" lon="5.454237">
        <ele>1119.682927</ele>

      </trkpt>
      <trkpt lat="44.792458" lon="5.454237">
        <ele>1119.706539</ele>

      </trkpt>
      <trkpt lat="44.792484" lon="5.454261">
        <ele>1120.440457</ele>

      </trkpt>
      <trkpt lat="44.792494" lon="5.454282">
        <ele>1120.864230</ele>

      </trkpt>
      <trkpt lat="44.792497" lon="5.454294">
        <ele>1121.077424</ele>

      </trkpt>
      <trkpt lat="44.792525" lon="5.454338">
        <ele>1122.067741</ele>

      </trkpt>
      <trkpt lat="44.792532" lon="5.454354">
        <ele>1122.382704</ele>

      </trkpt>
      <trkpt lat="44.792544" lon="5.454367">
        <ele>1122.740112</ele>

      </trkpt>
      <trkpt lat="44.792543" lon="5.454387">
        <ele>1123.076079</ele>

      </trkpt>
      <trkpt lat="44.792534" lon="5.454382">
        <ele>1123.304510</ele>

      </trkpt>
      <trkpt lat="44.792501" lon="5.454378">
        <ele>1124.086596</ele>

      </trkpt>
      <trkpt lat="44.792509" lon="5.454368">
        <ele>1124.339107</ele>

      </trkpt>
      <trkpt lat="44.792510" lon="5.454371">
        <ele>1124.394647</ele>

      </trkpt>
      <trkpt lat="44.792511" lon="5.454374">
        <ele>1124.450187</ele>

      </trkpt>
      <trkpt lat="44.792509" lon="5.454375">
        <ele>1124.500296</ele>

      </trkpt>
      <trkpt lat="44.792510" lon="5.454389">
        <ele>1124.737950</ele>

      </trkpt>
      <trkpt lat="44.792508" lon="5.454397">
        <ele>1124.886759</ele>

      </trkpt>
      <trkpt lat="44.792517" lon="5.454413">
        <ele>1125.244953</ele>

      </trkpt>
      <trkpt lat="44.792523" lon="5.454441">
        <ele>1125.758100</ele>

      </trkpt>
      <trkpt lat="44.792530" lon="5.454452">
        <ele>1126.017314</ele>

      </trkpt>
      <trkpt lat="44.792536" lon="5.454488">
        <ele>1126.666093</ele>

      </trkpt>
      <trkpt lat="44.792537" lon="5.454501">
        <ele>1126.895505</ele>

      </trkpt>
      <trkpt lat="44.792540" lon="5.454514">
        <ele>1127.135337</ele>

      </trkpt>
      <trkpt lat="44.792532" lon="5.454542">
        <ele>1127.664895</ele>

      </trkpt>
      <trkpt lat="44.792527" lon="5.454563">
        <ele>1128.053509</ele>

      </trkpt>
      <trkpt lat="44.792515" lon="5.454572">
        <ele>1128.389577</ele>

      </trkpt>
      <trkpt lat="44.792499" lon="5.454589">
        <ele>1128.884972</ele>

      </trkpt>
      <trkpt lat="44.792466" lon="5.454635">
        <ele>1130.032529</ele>

      </trkpt>
      <trkpt lat="44.792461" lon="5.454643">
        <ele>1130.219555</ele>

      </trkpt>
      <trkpt lat="44.792445" lon="5.454670">
        <ele>1130.836686</ele>

      </trkpt>
      <trkpt lat="44.792440" lon="5.454677">
        <ele>1131.010932</ele>

      </trkpt>
      <trkpt lat="44.792436" lon="5.454681">
        <ele>1131.132191</ele>

      </trkpt>
      <trkpt lat="44.792433" lon="5.454688">
        <ele>1131.275659</ele>

      </trkpt>
      <trkpt lat="44.792432" lon="5.454712">
        <ele>1131.697448</ele>

      </trkpt>
      <trkpt lat="44.792437" lon="5.454741">
        <ele>1132.221034</ele>

      </trkpt>
      <trkpt lat="44.792438" lon="5.454783">
        <ele>1132.958310</ele>

      </trkpt>
      <trkpt lat="44.792436" lon="5.454835">
        <ele>1133.871954</ele>

      </trkpt>
      <trkpt lat="44.792428" lon="5.454894">
        <ele>1134.925795</ele>

      </trkpt>
      <trkpt lat="44.792421" lon="5.454921">
        <ele>1135.430113</ele>

      </trkpt>
      <trkpt lat="44.792408" lon="5.454954">
        <ele>1136.092297</ele>

      </trkpt>
      <trkpt lat="44.792417" lon="5.454984">
        <ele>1136.663724</ele>

      </trkpt>
      <trkpt lat="44.792421" lon="5.455009">
        <ele>1137.113341</ele>

      </trkpt>
      <trkpt lat="44.792417" lon="5.455045">
        <ele>1137.752632</ele>

      </trkpt>
      <trkpt lat="44.792412" lon="5.455066">
        <ele>1138.141246</ele>

      </trkpt>
      <trkpt lat="44.792410" lon="5.455111">
        <ele>1138.932288</ele>

      </trkpt>
      <trkpt lat="44.792416" lon="5.455142">
        <ele>1139.496027</ele>

      </trkpt>
      <trkpt lat="44.792417" lon="5.455147">
        <ele>1139.587166</ele>

      </trkpt>
      <trkpt lat="44.792441" lon="5.455164">
        <ele>1140.251240</ele>

      </trkpt>
      <trkpt lat="44.792441" lon="5.455162">
        <ele>1140.286329</ele>

      </trkpt>
      <trkpt lat="44.792454" lon="5.455151">
        <ele>1140.661206</ele>

      </trkpt>
      <trkpt lat="44.792472" lon="5.455176">
        <ele>1141.286026</ele>

      </trkpt>
      <trkpt lat="44.792495" lon="5.455193">
        <ele>1141.928107</ele>

      </trkpt>
      <trkpt lat="44.792538" lon="5.455246">
        <ele>1143.340441</ele>

      </trkpt>
      <trkpt lat="44.792554" lon="5.455303">
        <ele>1144.415853</ele>

      </trkpt>
      <trkpt lat="44.792543" lon="5.455321">
        <ele>1144.832603</ele>

      </trkpt>
      <trkpt lat="44.792539" lon="5.455325">
        <ele>1144.953862</ele>

      </trkpt>
      <trkpt lat="44.792524" lon="5.455345">
        <ele>1145.464388</ele>

      </trkpt>
      <trkpt lat="44.792523" lon="5.455350">
        <ele>1145.555526</ele>

      </trkpt>
      <trkpt lat="44.792521" lon="5.455354">
        <ele>1145.641372</ele>

      </trkpt>
      <trkpt lat="44.792563" lon="5.455346">
        <ele>1146.689141</ele>

      </trkpt>
      <trkpt lat="44.792571" lon="5.455352">
        <ele>1146.913186</ele>

      </trkpt>
      <trkpt lat="44.792572" lon="5.455375">
        <ele>1147.317462</ele>

      </trkpt>
      <trkpt lat="44.792555" lon="5.455394">
        <ele>1147.853882</ele>

      </trkpt>
      <trkpt lat="44.792550" lon="5.455428">
        <ele>1148.463061</ele>

      </trkpt>
      <trkpt lat="44.792578" lon="5.455433">
        <ele>1149.160814</ele>

      </trkpt>
      <trkpt lat="44.792632" lon="5.455477">
        <ele>1150.702924</ele>

      </trkpt>
      <trkpt lat="44.792637" lon="5.455482">
        <ele>1150.854497</ele>

      </trkpt>
      <trkpt lat="44.792666" lon="5.455478">
        <ele>1151.574862</ele>

      </trkpt>
      <trkpt lat="44.792692" lon="5.455488">
        <ele>1152.241148</ele>

      </trkpt>
      <trkpt lat="44.792694" lon="5.455476">
        <ele>1152.457408</ele>

      </trkpt>
      <trkpt lat="44.792746" lon="5.455484">
        <ele>1153.750592</ele>

      </trkpt>
      <trkpt lat="44.792749" lon="5.455482">
        <ele>1153.832640</ele>

      </trkpt>
      <trkpt lat="44.792732" lon="5.455465">
        <ele>1154.347989</ele>

      </trkpt>
      <trkpt lat="44.792690" lon="5.455435">
        <ele>1155.512094</ele>

      </trkpt>
      <trkpt lat="44.792703" lon="5.455475">
        <ele>1156.283956</ele>

      </trkpt>
      <trkpt lat="44.792708" lon="5.455490">
        <ele>1156.574704</ele>

      </trkpt>
      <trkpt lat="44.792708" lon="5.455495">
        <ele>1156.662425</ele>

      </trkpt>
      <trkpt lat="44.792688" lon="5.455535">
        <ele>1157.520885</ele>

      </trkpt>
      <trkpt lat="44.792708" lon="5.455544">
        <ele>1158.039926</ele>

      </trkpt>
      <trkpt lat="44.792760" lon="5.455519">
        <ele>1159.398235</ele>

      </trkpt>
      <trkpt lat="44.792764" lon="5.455521">
        <ele>1159.503163</ele>

      </trkpt>
      <trkpt lat="44.792769" lon="5.455521">
        <ele>1159.626774</ele>

      </trkpt>
      <trkpt lat="44.792821" lon="5.455580">
        <ele>1161.277252</ele>

      </trkpt>
      <trkpt lat="44.792834" lon="5.455618">
        <ele>1162.017354</ele>

      </trkpt>
      <trkpt lat="44.792860" lon="5.455675">
        <ele>1163.206133</ele>

      </trkpt>
      <trkpt lat="44.792863" lon="5.455681">
        <ele>1163.334902</ele>

      </trkpt>
      <trkpt lat="44.792864" lon="5.455721">
        <ele>1164.037105</ele>

      </trkpt>
      <trkpt lat="44.792860" lon="5.455719">
        <ele>1164.142034</ele>

      </trkpt>
      <trkpt lat="44.792861" lon="5.455742">
        <ele>1164.546307</ele>

      </trkpt>
      <trkpt lat="44.792855" lon="5.455751">
        <ele>1164.762950</ele>

      </trkpt>
      <trkpt lat="44.792852" lon="5.455740">
        <ele>1164.969697</ele>

      </trkpt>
      <trkpt lat="44.792849" lon="5.455756">
        <ele>1165.260037</ele>

      </trkpt>
      <trkpt lat="44.792840" lon="5.455841">
        <ele>1166.767802</ele>

      </trkpt>
      <trkpt lat="44.792844" lon="5.455869">
        <ele>1167.268894</ele>

      </trkpt>
      <trkpt lat="44.792895" lon="5.455893">
        <ele>1168.598168</ele>

      </trkpt>
      <trkpt lat="44.792909" lon="5.455906">
        <ele>1169.012666</ele>

      </trkpt>
      <trkpt lat="44.792925" lon="5.455949">
        <ele>1169.606272</ele>

      </trkpt>
      <trkpt lat="44.792923" lon="5.455954">
        <ele>1169.669939</ele>

      </trkpt>
      <trkpt lat="44.792881" lon="5.455999">
        <ele>1170.494651</ele>

      </trkpt>
      <trkpt lat="44.792878" lon="5.456006">
        <ele>1170.585360</ele>

      </trkpt>
      <trkpt lat="44.792838" lon="5.456070">
        <ele>1171.531355</ele>

      </trkpt>
      <trkpt lat="44.792832" lon="5.456078">
        <ele>1171.660469</ele>

      </trkpt>
      <trkpt lat="44.792835" lon="5.456087">
        <ele>1171.770767</ele>

      </trkpt>
      <trkpt lat="44.792842" lon="5.456105">
        <ele>1171.998447</ele>

      </trkpt>
      <trkpt lat="44.792841" lon="5.456126">
        <ele>1172.231914</ele>

      </trkpt>
      <trkpt lat="44.792823" lon="5.456199">
        <ele>1173.089157</ele>

      </trkpt>
      <trkpt lat="44.792821" lon="5.456211">
        <ele>1173.225890</ele>

      </trkpt>
      <trkpt lat="44.792814" lon="5.456301">
        <ele>1174.230198</ele>

      </trkpt>
      <trkpt lat="44.792815" lon="5.456309">
        <ele>1174.320304</ele>

      </trkpt>
      <trkpt lat="44.792815" lon="5.456320">
        <ele>1174.442323</ele>

      </trkpt>
      <trkpt lat="44.792813" lon="5.456352">
        <ele>1174.798658</ele>

      </trkpt>
      <trkpt lat="44.792812" lon="5.456362">
        <ele>1174.910680</ele>

      </trkpt>
      <trkpt lat="44.792810" lon="5.456429">
        <ele>1175.654538</ele>

      </trkpt>
      <trkpt lat="44.792805" lon="5.456480">
        <ele>1176.225632</ele>

      </trkpt>
      <trkpt lat="44.792796" lon="5.456518">
        <ele>1176.670004</ele>

      </trkpt>
      <trkpt lat="44.792771" lon="5.456530">
        <ele>1177.082824</ele>

      </trkpt>
      <trkpt lat="44.792767" lon="5.456534">
        <ele>1177.159491</ele>

      </trkpt>
      <trkpt lat="44.792743" lon="5.456554">
        <ele>1177.595321</ele>

      </trkpt>
      <trkpt lat="44.792746" lon="5.456577">
        <ele>1177.854724</ele>

      </trkpt>
      <trkpt lat="44.792746" lon="5.456587">
        <ele>1177.965650</ele>

      </trkpt>
      <trkpt lat="44.792720" lon="5.456616">
        <ele>1178.483958</ele>

      </trkpt>
      <trkpt lat="44.792713" lon="5.456637">
        <ele>1178.741319</ele>

      </trkpt>
      <trkpt lat="44.792707" lon="5.456683">
        <ele>1179.260125</ele>

      </trkpt>
      <trkpt lat="44.792719" lon="5.456709">
        <ele>1179.604161</ele>

      </trkpt>
      <trkpt lat="44.792715" lon="5.456740">
        <ele>1179.953669</ele>

      </trkpt>
      <trkpt lat="44.792694" lon="5.456762">
        <ele>1180.362692</ele>

      </trkpt>
      <trkpt lat="44.792678" lon="5.456780">
        <ele>1180.682713</ele>

      </trkpt>
      <trkpt lat="44.792668" lon="5.456785">
        <ele>1180.848569</ele>

      </trkpt>
      <trkpt lat="44.792665" lon="5.456788">
        <ele>1180.906070</ele>

      </trkpt>
      <trkpt lat="44.792653" lon="5.456809">
        <ele>1181.205144</ele>

      </trkpt>
      <trkpt lat="44.792652" lon="5.456839">
        <ele>1181.538289</ele>

      </trkpt>
      <trkpt lat="44.792661" lon="5.456900">
        <ele>1182.229406</ele>

      </trkpt>
      <trkpt lat="44.792660" lon="5.456908">
        <ele>1182.319512</ele>

      </trkpt>
      <trkpt lat="44.792636" lon="5.456968">
        <ele>1183.083511</ele>

      </trkpt>
      <trkpt lat="44.792631" lon="5.456975">
        <ele>1183.193680</ele>

      </trkpt>
      <trkpt lat="44.792616" lon="5.457013">
        <ele>1183.676019</ele>

      </trkpt>
      <trkpt lat="44.792613" lon="5.457046">
        <ele>1184.045066</ele>

      </trkpt>
      <trkpt lat="44.792605" lon="5.457068">
        <ele>1184.319275</ele>

      </trkpt>
      <trkpt lat="44.792602" lon="5.457113">
        <ele>1184.820640</ele>

      </trkpt>
      <trkpt lat="44.792606" lon="5.457138">
        <ele>1185.104916</ele>

      </trkpt>
      <trkpt lat="44.792607" lon="5.457187">
        <ele>1185.648678</ele>

      </trkpt>
      <trkpt lat="44.792611" lon="5.457183">
        <ele>1185.725345</ele>

      </trkpt>
      <trkpt lat="44.792626" lon="5.457234">
        <ele>1186.337729</ele>

      </trkpt>
      <trkpt lat="44.792626" lon="5.457269">
        <ele>1186.725970</ele>

      </trkpt>
      <trkpt lat="44.792632" lon="5.457313">
        <ele>1187.222973</ele>

      </trkpt>
      <trkpt lat="44.792621" lon="5.457295">
        <ele>1187.486468</ele>

      </trkpt>
      <trkpt lat="44.792633" lon="5.457324">
        <ele>1187.858844</ele>

      </trkpt>
      <trkpt lat="44.792629" lon="5.457331">
        <ele>1187.958536</ele>

      </trkpt>
      <trkpt lat="44.792622" lon="5.457340">
        <ele>1188.106652</ele>

      </trkpt>
      <trkpt lat="44.792608" lon="5.457281">
        <ele>1188.796731</ele>

      </trkpt>
      <trkpt lat="44.792621" lon="5.457271">
        <ele>1189.028237</ele>

      </trkpt>
      <trkpt lat="44.792650" lon="5.457277">
        <ele>1189.486391</ele>

      </trkpt>
      <trkpt lat="44.792641" lon="5.457255">
        <ele>1189.768072</ele>

      </trkpt>
      <trkpt lat="44.792624" lon="5.457253">
        <ele>1190.034721</ele>

      </trkpt>
      <trkpt lat="44.792614" lon="5.457255">
        <ele>1190.192596</ele>

      </trkpt>
      <trkpt lat="44.792604" lon="5.457256">
        <ele>1190.349297</ele>

      </trkpt>
      <trkpt lat="44.792585" lon="5.457257">
        <ele>1190.646490</ele>

      </trkpt>
      <trkpt lat="44.792579" lon="5.457252">
        <ele>1190.755447</ele>

      </trkpt>
      <trkpt lat="44.792579" lon="5.457255">
        <ele>1190.788725</ele>

      </trkpt>
      <trkpt lat="44.792504" lon="5.457296">
        <ele>1192.046165</ele>

      </trkpt>
      <trkpt lat="44.792535" lon="5.457301">
        <ele>1192.533884</ele>

      </trkpt>
      <trkpt lat="44.792598" lon="5.457284">
        <ele>1193.536519</ele>

      </trkpt>
      <trkpt lat="44.792577" lon="5.457317">
        <ele>1194.028193</ele>

      </trkpt>
      <trkpt lat="44.792556" lon="5.457312">
        <ele>1194.361093</ele>

      </trkpt>
      <trkpt lat="44.792605" lon="5.457299">
        <ele>1195.140461</ele>

      </trkpt>
      <trkpt lat="44.792622" lon="5.457299">
        <ele>1195.406185</ele>

      </trkpt>
      <trkpt lat="44.792617" lon="5.457328">
        <ele>1195.737228</ele>

      </trkpt>
      <trkpt lat="44.792592" lon="5.457312">
        <ele>1196.166414</ele>

      </trkpt>
      <trkpt lat="44.792587" lon="5.457310">
        <ele>1196.247656</ele>

      </trkpt>
      <trkpt lat="44.792655" lon="5.457268">
        <ele>1197.396619</ele>

      </trkpt>
      <trkpt lat="44.792661" lon="5.457251">
        <ele>1197.588730</ele>

      </trkpt>
      <trkpt lat="44.792651" lon="5.457259">
        <ele>1197.752686</ele>

      </trkpt>
      <trkpt lat="44.792654" lon="5.457255">
        <ele>1197.811573</ele>

      </trkpt>
      <trkpt lat="44.792610" lon="5.457239">
        <ele>1198.459479</ele>

      </trkpt>
      <trkpt lat="44.792562" lon="5.457299">
        <ele>1199.374333</ele>

      </trkpt>
      <trkpt lat="44.792556" lon="5.457333">
        <ele>1199.728836</ele>

      </trkpt>
      <trkpt lat="44.792539" lon="5.457339">
        <ele>1199.978709</ele>

      </trkpt>
      <trkpt lat="44.792535" lon="5.457340">
        <ele>1200.036632</ele>

      </trkpt>
      <trkpt lat="44.792533" lon="5.457334">
        <ele>1200.103706</ele>

      </trkpt>
      <trkpt lat="44.792537" lon="5.457332">
        <ele>1200.164222</ele>

      </trkpt>
      <trkpt lat="44.792539" lon="5.457310">
        <ele>1200.388646</ele>

      </trkpt>
      <trkpt lat="44.792548" lon="5.457306">
        <ele>1200.523200</ele>

      </trkpt>
      <trkpt lat="44.792591" lon="5.457331">
        <ele>1201.186430</ele>

      </trkpt>
      <trkpt lat="44.792581" lon="5.457350">
        <ele>1201.425781</ele>

      </trkpt>
      <trkpt lat="44.792571" lon="5.457355">
        <ele>1201.577071</ele>

      </trkpt>
      <trkpt lat="44.792553" lon="5.457353">
        <ele>1201.834512</ele>

      </trkpt>
      <trkpt lat="44.792570" lon="5.457317">
        <ele>1202.272049</ele>

      </trkpt>
      <trkpt lat="44.792587" lon="5.457311">
        <ele>1202.521923</ele>

      </trkpt>
      <trkpt lat="44.792581" lon="5.457314">
        <ele>1202.612697</ele>

      </trkpt>
      <trkpt lat="44.792563" lon="5.457317">
        <ele>1202.871130</ele>

      </trkpt>
      <trkpt lat="44.792551" lon="5.457332">
        <ele>1203.099844</ele>

      </trkpt>
      <trkpt lat="44.792546" lon="5.457342">
        <ele>1203.223620</ele>

      </trkpt>
      <trkpt lat="44.792545" lon="5.457364">
        <ele>1203.446680</ele>

      </trkpt>
      <trkpt lat="44.792544" lon="5.457363">
        <ele>1203.464164</ele>

      </trkpt>
      <trkpt lat="44.792519" lon="5.457368">
        <ele>1203.824187</ele>

      </trkpt>
      <trkpt lat="44.792494" lon="5.457400">
        <ele>1204.305743</ele>

      </trkpt>
      <trkpt lat="44.792530" lon="5.457400">
        <ele>1204.819033</ele>

      </trkpt>
      <trkpt lat="44.792568" lon="5.457357">
        <ele>1205.513912</ele>

      </trkpt>
      <trkpt lat="44.792534" lon="5.457321">
        <ele>1206.120288</ele>

      </trkpt>
      <trkpt lat="44.792533" lon="5.457310">
        <ele>1206.232499</ele>

      </trkpt>
      <trkpt lat="44.792548" lon="5.457286">
        <ele>1206.556093</ele>

      </trkpt>
      <trkpt lat="44.792551" lon="5.457285">
        <ele>1206.600047</ele>

      </trkpt>
      <trkpt lat="44.792552" lon="5.457286">
        <ele>1206.617531</ele>

      </trkpt>
      <trkpt lat="44.792551" lon="5.457303">
        <ele>1206.790133</ele>

      </trkpt>
      <trkpt lat="44.792556" lon="5.457325">
        <ele>1207.023875</ele>

      </trkpt>
      <trkpt lat="44.792566" lon="5.457318">
        <ele>1207.183079</ele>

      </trkpt>
      <trkpt lat="44.792593" lon="5.457266">
        <ele>1207.835029</ele>

      </trkpt>
      <trkpt lat="44.792600" lon="5.457267">
        <ele>1207.935347</ele>

      </trkpt>
      <trkpt lat="44.792603" lon="5.457263">
        <ele>1207.994234</ele>

      </trkpt>
      <trkpt lat="44.792568" lon="5.457253">
        <ele>1208.503420</ele>

      </trkpt>
      <trkpt lat="44.792557" lon="5.457295">
        <ele>1208.956410</ele>

      </trkpt>
      <trkpt lat="44.792581" lon="5.457280">
        <ele>1209.330752</ele>

      </trkpt>
      <trkpt lat="44.792599" lon="5.457276">
        <ele>1209.590568</ele>

      </trkpt>
      <trkpt lat="44.792603" lon="5.457280">
        <ele>1209.660502</ele>

      </trkpt>
      <trkpt lat="44.792627" lon="5.457274">
        <ele>1210.008039</ele>

      </trkpt>
      <trkpt lat="44.792661" lon="5.457282">
        <ele>1210.499524</ele>

      </trkpt>
      <trkpt lat="44.792661" lon="5.457285">
        <ele>1210.529879</ele>

      </trkpt>
      <trkpt lat="44.792662" lon="5.457283">
        <ele>1210.554634</ele>

      </trkpt>
      <trkpt lat="44.792662" lon="5.457280">
        <ele>1210.584989</ele>

      </trkpt>
      <trkpt lat="44.792663" lon="5.457284">
        <ele>1210.627901</ele>

      </trkpt>
      <trkpt lat="44.792639" lon="5.457288">
        <ele>1210.972479</ele>

      </trkpt>
      <trkpt lat="44.792639" lon="5.457293">
        <ele>1211.023070</ele>

      </trkpt>
      <trkpt lat="44.792634" lon="5.457307">
        <ele>1211.181655</ele>

      </trkpt>
      <trkpt lat="44.792625" lon="5.457327">
        <ele>1211.421278</ele>

      </trkpt>
      <trkpt lat="44.792624" lon="5.457335">
        <ele>1211.503471</ele>

      </trkpt>
      <trkpt lat="44.792624" lon="5.457337">
        <ele>1211.523708</ele>

      </trkpt>
      <trkpt lat="44.792607" lon="5.457381">
        <ele>1212.030622</ele>

      </trkpt>
      <trkpt lat="44.792599" lon="5.457414">
        <ele>1212.383474</ele>

      </trkpt>
      <trkpt lat="44.792593" lon="5.457428">
        <ele>1212.548959</ele>

      </trkpt>
      <trkpt lat="44.792587" lon="5.457444">
        <ele>1212.732066</ele>

      </trkpt>
      <trkpt lat="44.792586" lon="5.457448">
        <ele>1212.774977</ele>

      </trkpt>
      <trkpt lat="44.792582" lon="5.457459">
        <ele>1212.900041</ele>

      </trkpt>
      <trkpt lat="44.792569" lon="5.457485">
        <ele>1213.221858</ele>

      </trkpt>
      <trkpt lat="44.792563" lon="5.457501">
        <ele>1213.404965</ele>

      </trkpt>
      <trkpt lat="44.792556" lon="5.457517">
        <ele>1213.595152</ele>

      </trkpt>
      <trkpt lat="44.792544" lon="5.457556">
        <ele>1214.025264</ele>

      </trkpt>
      <trkpt lat="44.792532" lon="5.457582">
        <ele>1214.339086</ele>

      </trkpt>
      <trkpt lat="44.792527" lon="5.457593">
        <ele>1214.471262</ele>

      </trkpt>
      <trkpt lat="44.792521" lon="5.457597">
        <ele>1214.565901</ele>

      </trkpt>
      <trkpt lat="44.792519" lon="5.457600">
        <ele>1214.607550</ele>

      </trkpt>
      <trkpt lat="44.792517" lon="5.457604">
        <ele>1214.657060</ele>

      </trkpt>
      <trkpt lat="44.792509" lon="5.457612">
        <ele>1214.796929</ele>

      </trkpt>
      <trkpt lat="44.792501" lon="5.457621">
        <ele>1214.942886</ele>

      </trkpt>
      <trkpt lat="44.792465" lon="5.457664">
        <ele>1215.615768</ele>

      </trkpt>
      <trkpt lat="44.792456" lon="5.457679">
        <ele>1215.814521</ele>

      </trkpt>
      <trkpt lat="44.792445" lon="5.457699">
        <ele>1216.070550</ele>

      </trkpt>
      <trkpt lat="44.792446" lon="5.457705">
        <ele>1216.132912</ele>

      </trkpt>
      <trkpt lat="44.792431" lon="5.457750">
        <ele>1216.635968</ele>

      </trkpt>
      <trkpt lat="44.792428" lon="5.457760">
        <ele>1216.745821</ele>

      </trkpt>
      <trkpt lat="44.792430" lon="5.457783">
        <ele>1216.980285</ele>

      </trkpt>
      <trkpt lat="44.792417" lon="5.457764">
        <ele>1217.247336</ele>

      </trkpt>
      <trkpt lat="44.792410" lon="5.457748">
        <ele>1217.437524</ele>

      </trkpt>
      <trkpt lat="44.792401" lon="5.457741">
        <ele>1217.584096</ele>

      </trkpt>
      <trkpt lat="44.792397" lon="5.457743">
        <ele>1217.644612</ele>

      </trkpt>
      <trkpt lat="44.792397" lon="5.457752">
        <ele>1217.735677</ele>

      </trkpt>
      <trkpt lat="44.792399" lon="5.457767">
        <ele>1217.890109</ele>

      </trkpt>
      <trkpt lat="44.792399" lon="5.457773">
        <ele>1217.950820</ele>

      </trkpt>
      <trkpt lat="44.792402" lon="5.457771">
        <ele>1217.998139</ele>

      </trkpt>
      <trkpt lat="44.792396" lon="5.457796">
        <ele>1218.265174</ele>

      </trkpt>
      <trkpt lat="44.792381" lon="5.457831">
        <ele>1218.678888</ele>

      </trkpt>
      <trkpt lat="44.792380" lon="5.457833">
        <ele>1218.703643</ele>

      </trkpt>
      <trkpt lat="44.792383" lon="5.457845">
        <ele>1218.832378</ele>

      </trkpt>
      <trkpt lat="44.792380" lon="5.457857">
        <ele>1218.961113</ele>

      </trkpt>
      <trkpt lat="44.792383" lon="5.457949">
        <ele>1219.892990</ele>

      </trkpt>
      <trkpt lat="44.792382" lon="5.457953">
        <ele>1219.935901</ele>

      </trkpt>
      <trkpt lat="44.792375" lon="5.457945">
        <ele>1220.064407</ele>

      </trkpt>
      <trkpt lat="44.792371" lon="5.457947">
        <ele>1220.124923</ele>

      </trkpt>
      <trkpt lat="44.792354" lon="5.457924">
        <ele>1220.460946</ele>

      </trkpt>
      <trkpt lat="44.792351" lon="5.457914">
        <ele>1220.570800</ele>

      </trkpt>
      <trkpt lat="44.792383" lon="5.457870">
        <ele>1221.208282</ele>

      </trkpt>
      <trkpt lat="44.792389" lon="5.457888">
        <ele>1221.409504</ele>

      </trkpt>
      <trkpt lat="44.792390" lon="5.457907">
        <ele>1221.602282</ele>

      </trkpt>
      <trkpt lat="44.792406" lon="5.457948">
        <ele>1222.075724</ele>

      </trkpt>
      <trkpt lat="44.792425" lon="5.457946">
        <ele>1222.347382</ele>

      </trkpt>
      <trkpt lat="44.792428" lon="5.457928">
        <ele>1222.534468</ele>

      </trkpt>
      <trkpt lat="44.792434" lon="5.457905">
        <ele>1222.782417</ele>

      </trkpt>
      <trkpt lat="44.792443" lon="5.457912">
        <ele>1222.935643</ele>

      </trkpt>
      <trkpt lat="44.792450" lon="5.457916">
        <ele>1223.141970</ele>

      </trkpt>
      <trkpt lat="44.792462" lon="5.457919">
        <ele>1223.474867</ele>

      </trkpt>
      <trkpt lat="44.792466" lon="5.457919">
        <ele>1223.584127</ele>

      </trkpt>
      <trkpt lat="44.792470" lon="5.457917">
        <ele>1223.700061</ele>

      </trkpt>
      <trkpt lat="44.792484" lon="5.457926">
        <ele>1224.120385</ele>

      </trkpt>
      <trkpt lat="44.792507" lon="5.457940">
        <ele>1224.804735</ele>

      </trkpt>
      <trkpt lat="44.792515" lon="5.457943">
        <ele>1225.030860</ele>

      </trkpt>
      <trkpt lat="44.792519" lon="5.457948">
        <ele>1225.176913</ele>

      </trkpt>
      <trkpt lat="44.792552" lon="5.457959">
        <ele>1226.103180</ele>

      </trkpt>
      <trkpt lat="44.792561" lon="5.457964">
        <ele>1226.367430</ele>

      </trkpt>
      <trkpt lat="44.792576" lon="5.457977">
        <ele>1226.848445</ele>

      </trkpt>
      <trkpt lat="44.792584" lon="5.457974">
        <ele>1227.074570</ele>

      </trkpt>
      <trkpt lat="44.792616" lon="5.457973">
        <ele>1227.948861</ele>

      </trkpt>
      <trkpt lat="44.792635" lon="5.457951">
        <ele>1228.620580</ele>

      </trkpt>
      <trkpt lat="44.792642" lon="5.457945">
        <ele>1228.844379</ele>

      </trkpt>
      <trkpt lat="44.792646" lon="5.457935">
        <ele>1229.066894</ele>

      </trkpt>
      <trkpt lat="44.792646" lon="5.457935">
        <ele>1229.066894</ele>

      </trkpt>
      <trkpt lat="44.792647" lon="5.457938">
        <ele>1229.131142</ele>

      </trkpt>
      <trkpt lat="44.792649" lon="5.457937">
        <ele>1229.189109</ele>

      </trkpt>
      <trkpt lat="44.792680" lon="5.457946">
        <ele>1230.053655</ele>

      </trkpt>
      <trkpt lat="44.792686" lon="5.457951">
        <ele>1230.244059</ele>

      </trkpt>
      <trkpt lat="44.792726" lon="5.457995">
        <ele>1231.630138</ele>

      </trkpt>
      <trkpt lat="44.792734" lon="5.458004">
        <ele>1231.909757</ele>

      </trkpt>
      <trkpt lat="44.792754" lon="5.458055">
        <ele>1233.039255</ele>

      </trkpt>
      <trkpt lat="44.792753" lon="5.458058">
        <ele>1233.103503</ele>

      </trkpt>
      <trkpt lat="44.792756" lon="5.458063">
        <ele>1233.230423</ele>

      </trkpt>
      <trkpt lat="44.792771" lon="5.458073">
        <ele>1233.683687</ele>

      </trkpt>
      <trkpt lat="44.792776" lon="5.458073">
        <ele>1233.820261</ele>

      </trkpt>
      <trkpt lat="44.792806" lon="5.458074">
        <ele>1234.639937</ele>

      </trkpt>
      <trkpt lat="44.792866" lon="5.458096">
        <ele>1236.333404</ele>

      </trkpt>
      <trkpt lat="44.792889" lon="5.458140">
        <ele>1237.392714</ele>

      </trkpt>
      <trkpt lat="44.792889" lon="5.458164">
        <ele>1237.857935</ele>

      </trkpt>
      <trkpt lat="44.792902" lon="5.458183">
        <ele>1238.369537</ele>

      </trkpt>
      <trkpt lat="44.792920" lon="5.458219">
        <ele>1239.223180</ele>

      </trkpt>
      <trkpt lat="44.792927" lon="5.458234">
        <ele>1239.571177</ele>

      </trkpt>
      <trkpt lat="44.792930" lon="5.458273">
        <ele>1240.331590</ele>

      </trkpt>
      <trkpt lat="44.792929" lon="5.458305">
        <ele>1240.952486</ele>

      </trkpt>
      <trkpt lat="44.792932" lon="5.458313">
        <ele>1241.127879</ele>

      </trkpt>
      <trkpt lat="44.792951" lon="5.458326">
        <ele>1241.704805</ele>

      </trkpt>
      <trkpt lat="44.792954" lon="5.458322">
        <ele>1241.817619</ele>

      </trkpt>
      <trkpt lat="44.792962" lon="5.458296">
        <ele>1242.366942</ele>

      </trkpt>
      <trkpt lat="44.792928" lon="5.458353">
        <ele>1243.810305</ele>

      </trkpt>
      <trkpt lat="44.792917" lon="5.458375">
        <ele>1244.331976</ele>

      </trkpt>
      <trkpt lat="44.792908" lon="5.458436">
        <ele>1245.539698</ele>

      </trkpt>
      <trkpt lat="44.792906" lon="5.458470">
        <ele>1246.201021</ele>

      </trkpt>
      <trkpt lat="44.792912" lon="5.458474">
        <ele>1246.382327</ele>

      </trkpt>
      <trkpt lat="44.792933" lon="5.458516">
        <ele>1247.378244</ele>

      </trkpt>
      <trkpt lat="44.792923" lon="5.458510">
        <ele>1247.675123</ele>

      </trkpt>
      <trkpt lat="44.792924" lon="5.458505">
        <ele>1247.775819</ele>

      </trkpt>
      <trkpt lat="44.792936" lon="5.458505">
        <ele>1248.103598</ele>

      </trkpt>
      <trkpt lat="44.792936" lon="5.458510">
        <ele>1248.200519</ele>

      </trkpt>
      <trkpt lat="44.792953" lon="5.458536">
        <ele>1248.885813</ele>

      </trkpt>
      <trkpt lat="44.792957" lon="5.458549">
        <ele>1249.160475</ele>

      </trkpt>
      <trkpt lat="44.792939" lon="5.458603">
        <ele>1250.316942</ele>

      </trkpt>
      <trkpt lat="44.792940" lon="5.458651">
        <ele>1251.247785</ele>

      </trkpt>
      <trkpt lat="44.792937" lon="5.458655">
        <ele>1251.360598</ele>

      </trkpt>
      <trkpt lat="44.792875" lon="5.458686">
        <ele>1253.157571</ele>

      </trkpt>
      <trkpt lat="44.792826" lon="5.458688">
        <ele>1254.496562</ele>

      </trkpt>
      <trkpt lat="44.792821" lon="5.458690">
        <ele>1254.638532</ele>

      </trkpt>
      <trkpt lat="44.792796" lon="5.458704">
        <ele>1255.373352</ele>

      </trkpt>
      <trkpt lat="44.792779" lon="5.458721">
        <ele>1255.942751</ele>

      </trkpt>
      <trkpt lat="44.792775" lon="5.458748">
        <ele>1256.477409</ele>

      </trkpt>
      <trkpt lat="44.792762" lon="5.458787">
        <ele>1257.312637</ele>

      </trkpt>
      <trkpt lat="44.792743" lon="5.458817">
        <ele>1258.092072</ele>

      </trkpt>
      <trkpt lat="44.792726" lon="5.458829">
        <ele>1258.611429</ele>

      </trkpt>
      <trkpt lat="44.792717" lon="5.458826">
        <ele>1258.864047</ele>

      </trkpt>
      <trkpt lat="44.792678" lon="5.458801">
        <ele>1260.034374</ele>

      </trkpt>
      <trkpt lat="44.792676" lon="5.458799">
        <ele>1260.101363</ele>

      </trkpt>
      <trkpt lat="44.792635" lon="5.458835">
        <ele>1261.420897</ele>

      </trkpt>
      <trkpt lat="44.792620" lon="5.458854">
        <ele>1261.971823</ele>

      </trkpt>
      <trkpt lat="44.792620" lon="5.458871">
        <ele>1262.301356</ele>

      </trkpt>
      <trkpt lat="44.792601" lon="5.458913">
        <ele>1263.266845</ele>

      </trkpt>
      <trkpt lat="44.792595" lon="5.458920">
        <ele>1263.479617</ele>

      </trkpt>
      <trkpt lat="44.792594" lon="5.458930">
        <ele>1263.675375</ele>

      </trkpt>
      <trkpt lat="44.792595" lon="5.458930">
        <ele>1263.702690</ele>

      </trkpt>
      <trkpt lat="44.792592" lon="5.458934">
        <ele>1263.815503</ele>

      </trkpt>
      <trkpt lat="44.792592" lon="5.458933">
        <ele>1263.834888</ele>

      </trkpt>
      <trkpt lat="44.792590" lon="5.458948">
        <ele>1264.130740</ele>

      </trkpt>
      <trkpt lat="44.792566" lon="5.459004">
        <ele>1265.398854</ele>

      </trkpt>
      <trkpt lat="44.792553" lon="5.459030">
        <ele>1266.015377</ele>

      </trkpt>
      <trkpt lat="44.792546" lon="5.459046">
        <ele>1266.379728</ele>

      </trkpt>
      <trkpt lat="44.792545" lon="5.459052">
        <ele>1266.499198</ele>

      </trkpt>
      <trkpt lat="44.792548" lon="5.459074">
        <ele>1266.933456</ele>

      </trkpt>
      <trkpt lat="44.792548" lon="5.459084">
        <ele>1267.127299</ele>

      </trkpt>
      <trkpt lat="44.792545" lon="5.459087">
        <ele>1267.227781</ele>

      </trkpt>
      <trkpt lat="44.792532" lon="5.459114">
        <ele>1267.860249</ele>

      </trkpt>
      <trkpt lat="44.792526" lon="5.459137">
        <ele>1268.335257</ele>

      </trkpt>
      <trkpt lat="44.792517" lon="5.459182">
        <ele>1269.241532</ele>

      </trkpt>
      <trkpt lat="44.792513" lon="5.459198">
        <ele>1269.570364</ele>

      </trkpt>
      <trkpt lat="44.792496" lon="5.459242">
        <ele>1270.541488</ele>

      </trkpt>
      <trkpt lat="44.792487" lon="5.459255">
        <ele>1270.893534</ele>

      </trkpt>
      <trkpt lat="44.792491" lon="5.459264">
        <ele>1271.099383</ele>

      </trkpt>
      <trkpt lat="44.792499" lon="5.459272">
        <ele>1271.367335</ele>

      </trkpt>
      <trkpt lat="44.792496" lon="5.459293">
        <ele>1271.782573</ele>

      </trkpt>
      <trkpt lat="44.792499" lon="5.459298">
        <ele>1271.909493</ele>

      </trkpt>
      <trkpt lat="44.792504" lon="5.459299">
        <ele>1272.047436</ele>

      </trkpt>
      <trkpt lat="44.792506" lon="5.459302">
        <ele>1272.107404</ele>

      </trkpt>
      <trkpt lat="44.792496" lon="5.459328">
        <ele>1272.530730</ele>

      </trkpt>
      <trkpt lat="44.792479" lon="5.459349">
        <ele>1272.986746</ele>

      </trkpt>
      <trkpt lat="44.792476" lon="5.459349">
        <ele>1273.047260</ele>

      </trkpt>
      <trkpt lat="44.792474" lon="5.459355">
        <ele>1273.142150</ele>

      </trkpt>
      <trkpt lat="44.792472" lon="5.459357">
        <ele>1273.191618</ele>

      </trkpt>
      <trkpt lat="44.792472" lon="5.459349">
        <ele>1273.306136</ele>

      </trkpt>
      <trkpt lat="44.792474" lon="5.459352">
        <ele>1273.365056</ele>

      </trkpt>
      <trkpt lat="44.792495" lon="5.459332">
        <ele>1273.876323</ele>

      </trkpt>
      <trkpt lat="44.792509" lon="5.459324">
        <ele>1274.181054</ele>

      </trkpt>
      <trkpt lat="44.792518" lon="5.459338">
        <ele>1274.451459</ele>

      </trkpt>
      <trkpt lat="44.792516" lon="5.459340">
        <ele>1274.500927</ele>

      </trkpt>
      <trkpt lat="44.792519" lon="5.459354">
        <ele>1274.710269</ele>

      </trkpt>
      <trkpt lat="44.792533" lon="5.459362">
        <ele>1275.015000</ele>

      </trkpt>
      <trkpt lat="44.792531" lon="5.459389">
        <ele>1275.403594</ele>

      </trkpt>
      <trkpt lat="44.792556" lon="5.459396">
        <ele>1275.917729</ele>

      </trkpt>
      <trkpt lat="44.792559" lon="5.459393">
        <ele>1275.991932</ele>

      </trkpt>
      <trkpt lat="44.792578" lon="5.459409">
        <ele>1276.438404</ele>

      </trkpt>
      <trkpt lat="44.792585" lon="5.459418">
        <ele>1276.629543</ele>

      </trkpt>
      <trkpt lat="44.792592" lon="5.459451">
        <ele>1277.122576</ele>

      </trkpt>
      <trkpt lat="44.792588" lon="5.459462">
        <ele>1277.299505</ele>

      </trkpt>
      <trkpt lat="44.792596" lon="5.459482">
        <ele>1277.628143</ele>

      </trkpt>
      <trkpt lat="44.792600" lon="5.459514">
        <ele>1278.093263</ele>

      </trkpt>
      <trkpt lat="44.792615" lon="5.459534">
        <ele>1278.509807</ele>

      </trkpt>
      <trkpt lat="44.792624" lon="5.459551">
        <ele>1278.813410</ele>

      </trkpt>
      <trkpt lat="44.792623" lon="5.459571">
        <ele>1279.100412</ele>

      </trkpt>
      <trkpt lat="44.792630" lon="5.459586">
        <ele>1279.357397</ele>

      </trkpt>
      <trkpt lat="44.792631" lon="5.459591">
        <ele>1279.431758</ele>

      </trkpt>
      <trkpt lat="44.792622" lon="5.459624">
        <ele>1279.937822</ele>

      </trkpt>
      <trkpt lat="44.792617" lon="5.459631">
        <ele>1280.079992</ele>

      </trkpt>
      <trkpt lat="44.792592" lon="5.459681">
        <ele>1280.955529</ele>

      </trkpt>
      <trkpt lat="44.792584" lon="5.459702">
        <ele>1281.296710</ele>

      </trkpt>
      <trkpt lat="44.792532" lon="5.459737">
        <ele>1282.459117</ele>

      </trkpt>
      <trkpt lat="44.792527" lon="5.459731">
        <ele>1282.591588</ele>

      </trkpt>
      <trkpt lat="44.792500" lon="5.459718">
        <ele>1283.167121</ele>

      </trkpt>
      <trkpt lat="44.792500" lon="5.459742">
        <ele>1283.510673</ele>

      </trkpt>
      <trkpt lat="44.792489" lon="5.459754">
        <ele>1283.791276</ele>

      </trkpt>
      <trkpt lat="44.792471" lon="5.459743">
        <ele>1284.187029</ele>

      </trkpt>
      <trkpt lat="44.792445" lon="5.459745">
        <ele>1284.712257</ele>

      </trkpt>
      <trkpt lat="44.792427" lon="5.459764">
        <ele>1285.165907</ele>

      </trkpt>
      <trkpt lat="44.792412" lon="5.459793">
        <ele>1285.679594</ele>

      </trkpt>
      <trkpt lat="44.792399" lon="5.459809">
        <ele>1286.027758</ele>

      </trkpt>
      <trkpt lat="44.792394" lon="5.459832">
        <ele>1286.372097</ele>

      </trkpt>
      <trkpt lat="44.792374" lon="5.459891">
        <ele>1287.308066</ele>

      </trkpt>
      <trkpt lat="44.792324" lon="5.459993">
        <ele>1289.082626</ele>

      </trkpt>
      <trkpt lat="44.792313" lon="5.460009">
        <ele>1289.401512</ele>

      </trkpt>
      <trkpt lat="44.792313" lon="5.460012">
        <ele>1289.444456</ele>

      </trkpt>
      <trkpt lat="44.792316" lon="5.460018">
        <ele>1289.549521</ele>

      </trkpt>
      <trkpt lat="44.792314" lon="5.460020">
        <ele>1289.598989</ele>

      </trkpt>
      <trkpt lat="44.792292" lon="5.460080">
        <ele>1290.565738</ele>

      </trkpt>
      <trkpt lat="44.792290" lon="5.460084">
        <ele>1290.635781</ele>

      </trkpt>
      <trkpt lat="44.792278" lon="5.460105">
        <ele>1291.021728</ele>

      </trkpt>
      <trkpt lat="44.792277" lon="5.460113">
        <ele>1291.138008</ele>

      </trkpt>
      <trkpt lat="44.792288" lon="5.460132">
        <ele>1291.489012</ele>

      </trkpt>
      <trkpt lat="44.792258" lon="5.460198">
        <ele>1292.610963</ele>

      </trkpt>
      <trkpt lat="44.792250" lon="5.460195">
        <ele>1292.777948</ele>

      </trkpt>
      <trkpt lat="44.792229" lon="5.460216">
        <ele>1293.297367</ele>

      </trkpt>
      <trkpt lat="44.792194" lon="5.460263">
        <ele>1294.272593</ele>

      </trkpt>
      <trkpt lat="44.792184" lon="5.460279">
        <ele>1294.577788</ele>

      </trkpt>
      <trkpt lat="44.792154" lon="5.460355">
        <ele>1295.822678</ele>

      </trkpt>
      <trkpt lat="44.792124" lon="5.460426">
        <ele>1297.005532</ele>

      </trkpt>
      <trkpt lat="44.792121" lon="5.460439">
        <ele>1297.201215</ele>

      </trkpt>
      <trkpt lat="44.792090" lon="5.460506">
        <ele>1298.346139</ele>

      </trkpt>
      <trkpt lat="44.792076" lon="5.460529">
        <ele>1298.779896</ele>

      </trkpt>
      <trkpt lat="44.792017" lon="5.460600">
        <ele>1300.344914</ele>

      </trkpt>
      <trkpt lat="44.791999" lon="5.460604">
        <ele>1300.712480</ele>

      </trkpt>
      <trkpt lat="44.791989" lon="5.460613">
        <ele>1300.951823</ele>

      </trkpt>
      <trkpt lat="44.791940" lon="5.460656">
        <ele>1302.116203</ele>

      </trkpt>
      <trkpt lat="44.791904" lon="5.460691">
        <ele>1302.998429</ele>

      </trkpt>
      <trkpt lat="44.791899" lon="5.460706">
        <ele>1303.235657</ele>

      </trkpt>
      <trkpt lat="44.791909" lon="5.460730">
        <ele>1303.634050</ele>

      </trkpt>
      <trkpt lat="44.791905" lon="5.460745">
        <ele>1303.863431</ele>

      </trkpt>
      <trkpt lat="44.791901" lon="5.460750">
        <ele>1303.971286</ele>

      </trkpt>
      <trkpt lat="44.791863" lon="5.460767">
        <ele>1304.775488</ele>

      </trkpt>
      <trkpt lat="44.791861" lon="5.460777">
        <ele>1304.924212</ele>

      </trkpt>
      <trkpt lat="44.791833" lon="5.460812">
        <ele>1305.679200</ele>

      </trkpt>
      <trkpt lat="44.791809" lon="5.460842">
        <ele>1306.326332</ele>

      </trkpt>
      <trkpt lat="44.791806" lon="5.460847">
        <ele>1306.420058</ele>

      </trkpt>
      <trkpt lat="44.791779" lon="5.460844">
        <ele>1306.966367</ele>

      </trkpt>
      <trkpt lat="44.791777" lon="5.460845">
        <ele>1307.009174</ele>

      </trkpt>
      <trkpt lat="44.791757" lon="5.460862">
        <ele>1307.480309</ele>

      </trkpt>
      <trkpt lat="44.791741" lon="5.460887">
        <ele>1307.962212</ele>

      </trkpt>
      <trkpt lat="44.791724" lon="5.460886">
        <ele>1308.305418</ele>

      </trkpt>
      <trkpt lat="44.791719" lon="5.460887">
        <ele>1308.399467</ele>

      </trkpt>
      <trkpt lat="44.791721" lon="5.460885">
        <ele>1308.443802</ele>

      </trkpt>
      <trkpt lat="44.791735" lon="5.460872">
        <ele>1308.746907</ele>

      </trkpt>
      <trkpt lat="44.791744" lon="5.460887">
        <ele>1308.998911</ele>

      </trkpt>
      <trkpt lat="44.791713" lon="5.460982">
        <ele>1310.340382</ele>

      </trkpt>
      <trkpt lat="44.791709" lon="5.460997">
        <ele>1310.545962</ele>

      </trkpt>
      <trkpt lat="44.791678" lon="5.461023">
        <ele>1311.198140</ele>

      </trkpt>
      <trkpt lat="44.791661" lon="5.460954">
        <ele>1312.135206</ele>

      </trkpt>
      <trkpt lat="44.791692" lon="5.460904">
        <ele>1312.987004</ele>

      </trkpt>
      <trkpt lat="44.791697" lon="5.460901">
        <ele>1313.085247</ele>

      </trkpt>
      <trkpt lat="44.791682" lon="5.460913">
        <ele>1313.397073</ele>

      </trkpt>
      <trkpt lat="44.791671" lon="5.460924">
        <ele>1313.640918</ele>

      </trkpt>
      <trkpt lat="44.791668" lon="5.460952">
        <ele>1314.004215</ele>

      </trkpt>
      <trkpt lat="44.791673" lon="5.461024">
        <ele>1314.932351</ele>

      </trkpt>
      <trkpt lat="44.791678" lon="5.461062">
        <ele>1315.428181</ele>

      </trkpt>
      <trkpt lat="44.791706" lon="5.461093">
        <ele>1316.071920</ele>

      </trkpt>
      <trkpt lat="44.791708" lon="5.461095">
        <ele>1316.116255</ele>

      </trkpt>
      <trkpt lat="44.791718" lon="5.461098">
        <ele>1316.301087</ele>

      </trkpt>
      <trkpt lat="44.791696" lon="5.461100">
        <ele>1316.699631</ele>

      </trkpt>
      <trkpt lat="44.791701" lon="5.461107">
        <ele>1316.827050</ele>

      </trkpt>
      <trkpt lat="44.791697" lon="5.461109">
        <ele>1316.903779</ele>

      </trkpt>
      <trkpt lat="44.791696" lon="5.461110">
        <ele>1316.925947</ele>

      </trkpt>
      <trkpt lat="44.791666" lon="5.461127">
        <ele>1317.510500</ele>

      </trkpt>
      <trkpt lat="44.791636" lon="5.461147">
        <ele>1318.110477</ele>

      </trkpt>
      <trkpt lat="44.791626" lon="5.461150">
        <ele>1318.295309</ele>

      </trkpt>
      <trkpt lat="44.791613" lon="5.461153">
        <ele>1318.533454</ele>

      </trkpt>
      <trkpt lat="44.791568" lon="5.461191">
        <ele>1319.481863</ele>

      </trkpt>
      <trkpt lat="44.791542" lon="5.461205">
        <ele>1319.985041</ele>

      </trkpt>
      <trkpt lat="44.791534" lon="5.461209">
        <ele>1320.138500</ele>

      </trkpt>
      <trkpt lat="44.791475" lon="5.461231">
        <ele>1321.241818</ele>

      </trkpt>
      <trkpt lat="44.791468" lon="5.461235">
        <ele>1321.378373</ele>

      </trkpt>
      <trkpt lat="44.791486" lon="5.461231">
        <ele>1321.707800</ele>

      </trkpt>
      <trkpt lat="44.791493" lon="5.461232">
        <ele>1321.834995</ele>

      </trkpt>
      <trkpt lat="44.791521" lon="5.461244">
        <ele>1322.364074</ele>

      </trkpt>
      <trkpt lat="44.791523" lon="5.461242">
        <ele>1322.408410</ele>

      </trkpt>
      <trkpt lat="44.791517" lon="5.461233">
        <ele>1322.566833</ele>

      </trkpt>
      <trkpt lat="44.791502" lon="5.461230">
        <ele>1322.840721</ele>

      </trkpt>
      <trkpt lat="44.791465" lon="5.461222">
        <ele>1323.517437</ele>

      </trkpt>
      <trkpt lat="44.791407" lon="5.461236">
        <ele>1324.581236</ele>

      </trkpt>
      <trkpt lat="44.791392" lon="5.461239">
        <ele>1324.855124</ele>

      </trkpt>
      <trkpt lat="44.791273" lon="5.461268">
        <ele>1327.038346</ele>

      </trkpt>
      <trkpt lat="44.791277" lon="5.461258">
        <ele>1327.185618</ele>

      </trkpt>
      <trkpt lat="44.791289" lon="5.461237">
        <ele>1327.531521</ele>

      </trkpt>
      <trkpt lat="44.791311" lon="5.461190">
        <ele>1328.253862</ele>

      </trkpt>
      <trkpt lat="44.791321" lon="5.461150">
        <ele>1328.797956</ele>

      </trkpt>
      <trkpt lat="44.791322" lon="5.461143">
        <ele>1328.889565</ele>

      </trkpt>
      <trkpt lat="44.791311" lon="5.461165">
        <ele>1329.234833</ele>

      </trkpt>
      <trkpt lat="44.791309" lon="5.461169">
        <ele>1329.297609</ele>

      </trkpt>
      <trkpt lat="44.791308" lon="5.461199">
        <ele>1329.682920</ele>

      </trkpt>
      <trkpt lat="44.791298" lon="5.461208">
        <ele>1329.897429</ele>

      </trkpt>
      <trkpt lat="44.791275" lon="5.461243">
        <ele>1330.509408</ele>

      </trkpt>
      <trkpt lat="44.791268" lon="5.461249">
        <ele>1330.657528</ele>

      </trkpt>
      <trkpt lat="44.791251" lon="5.461272">
        <ele>1331.083582</ele>

      </trkpt>
      <trkpt lat="44.791226" lon="5.461293">
        <ele>1331.609745</ele>

      </trkpt>
      <trkpt lat="44.791186" lon="5.461318">
        <ele>1332.400807</ele>

      </trkpt>
      <trkpt lat="44.791144" lon="5.461322">
        <ele>1333.161817</ele>

      </trkpt>
      <trkpt lat="44.791136" lon="5.461325">
        <ele>1333.311475</ele>

      </trkpt>
      <trkpt lat="44.791107" lon="5.461331">
        <ele>1333.841359</ele>

      </trkpt>
      <trkpt lat="44.791103" lon="5.461336">
        <ele>1333.938024</ele>

      </trkpt>
      <trkpt lat="44.791106" lon="5.461374">
        <ele>1334.428557</ele>

      </trkpt>
      <trkpt lat="44.791074" lon="5.461402">
        <ele>1335.109515</ele>

      </trkpt>
      <trkpt lat="44.791071" lon="5.461420">
        <ele>1335.346732</ele>

      </trkpt>
      <trkpt lat="44.791050" lon="5.461461">
        <ele>1335.995436</ele>

      </trkpt>
      <trkpt lat="44.791042" lon="5.461468">
        <ele>1336.165676</ele>

      </trkpt>
      <trkpt lat="44.790993" lon="5.461504">
        <ele>1337.164678</ele>

      </trkpt>
      <trkpt lat="44.790983" lon="5.461503">
        <ele>1337.345913</ele>

      </trkpt>
      <trkpt lat="44.790972" lon="5.461511">
        <ele>1337.569696</ele>

      </trkpt>
      <trkpt lat="44.790976" lon="5.461510">
        <ele>1337.643138</ele>

      </trkpt>
      <trkpt lat="44.791002" lon="5.461505">
        <ele>1338.117524</ele>

      </trkpt>
      <trkpt lat="44.791003" lon="5.461505">
        <ele>1338.135602</ele>

      </trkpt>
      <trkpt lat="44.790993" lon="5.461535">
        <ele>1338.560833</ele>

      </trkpt>
      <trkpt lat="44.790954" lon="5.461580">
        <ele>1339.472096</ele>

      </trkpt>
      <trkpt lat="44.790941" lon="5.461592">
        <ele>1339.753049</ele>

      </trkpt>
      <trkpt lat="44.790914" lon="5.461617">
        <ele>1340.337107</ele>

      </trkpt>
      <trkpt lat="44.790906" lon="5.461626">
        <ele>1340.522171</ele>

      </trkpt>
      <trkpt lat="44.790886" lon="5.461651">
        <ele>1341.017835</ele>

      </trkpt>
      <trkpt lat="44.790858" lon="5.461678">
        <ele>1341.679226</ele>

      </trkpt>
      <trkpt lat="44.790854" lon="5.461679">
        <ele>1341.758418</ele>

      </trkpt>
      <trkpt lat="44.790888" lon="5.461648">
        <ele>1342.547846</ele>

      </trkpt>
      <trkpt lat="44.790900" lon="5.461631">
        <ele>1342.879554</ele>

      </trkpt>
      <trkpt lat="44.790900" lon="5.461636">
        <ele>1342.948725</ele>

      </trkpt>
      <trkpt lat="44.790905" lon="5.461643">
        <ele>1343.086121</ele>

      </trkpt>
      <trkpt lat="44.790880" lon="5.461686">
        <ele>1343.855127</ele>

      </trkpt>
      <trkpt lat="44.790834" lon="5.461736">
        <ele>1344.987619</ele>

      </trkpt>
      <trkpt lat="44.790838" lon="5.461735">
        <ele>1345.066810</ele>

      </trkpt>
      <trkpt lat="44.790840" lon="5.461735">
        <ele>1345.105797</ele>

      </trkpt>
      <trkpt lat="44.790839" lon="5.461735">
        <ele>1345.125291</ele>

      </trkpt>
      <trkpt lat="44.790843" lon="5.461736">
        <ele>1345.204483</ele>

      </trkpt>
      <trkpt lat="44.790846" lon="5.461738">
        <ele>1345.269178</ele>

      </trkpt>
      <trkpt lat="44.790857" lon="5.461742">
        <ele>1345.490632</ele>

      </trkpt>
      <trkpt lat="44.790865" lon="5.461737">
        <ele>1345.661232</ele>

      </trkpt>
      <trkpt lat="44.790867" lon="5.461735">
        <ele>1345.709040</ele>

      </trkpt>
      <trkpt lat="44.790862" lon="5.461730">
        <ele>1345.828558</ele>

      </trkpt>
      <trkpt lat="44.790844" lon="5.461738">
        <ele>1346.196481</ele>

      </trkpt>
      <trkpt lat="44.790813" lon="5.461761">
        <ele>1346.879431</ele>

      </trkpt>
      <trkpt lat="44.790783" lon="5.461811">
        <ele>1347.785224</ele>

      </trkpt>
      <trkpt lat="44.790772" lon="5.461835">
        <ele>1348.180469</ele>

      </trkpt>
      <trkpt lat="44.790757" lon="5.461853">
        <ele>1348.564537</ele>

      </trkpt>
      <trkpt lat="44.790761" lon="5.461848">
        <ele>1348.668770</ele>

      </trkpt>
      <trkpt lat="44.790759" lon="5.461852">
        <ele>1348.736462</ele>

      </trkpt>
      <trkpt lat="44.790748" lon="5.461869">
        <ele>1349.054723</ele>

      </trkpt>
      <trkpt lat="44.790747" lon="5.461871">
        <ele>1349.088569</ele>

      </trkpt>
      <trkpt lat="44.790734" lon="5.461896">
        <ele>1349.517330</ele>

      </trkpt>
      <trkpt lat="44.790739" lon="5.461920">
        <ele>1349.863362</ele>

      </trkpt>
      <trkpt lat="44.790742" lon="5.461934">
        <ele>1350.065678</ele>

      </trkpt>
      <trkpt lat="44.790748" lon="5.461949">
        <ele>1350.303884</ele>

      </trkpt>
      <trkpt lat="44.790744" lon="5.461953">
        <ele>1350.399498</ele>

      </trkpt>
      <trkpt lat="44.790730" lon="5.461951">
        <ele>1350.673806</ele>

      </trkpt>
      <trkpt lat="44.790720" lon="5.461946">
        <ele>1350.880650</ele>

      </trkpt>
      <trkpt lat="44.790663" lon="5.461969">
        <ele>1352.036441</ele>

      </trkpt>
      <trkpt lat="44.790646" lon="5.461973">
        <ele>1352.372420</ele>

      </trkpt>
      <trkpt lat="44.790601" lon="5.461981">
        <ele>1353.256582</ele>

      </trkpt>
      <trkpt lat="44.790592" lon="5.461983">
        <ele>1353.434192</ele>

      </trkpt>
      <trkpt lat="44.790499" lon="5.461974">
        <ele>1355.251359</ele>

      </trkpt>
      <trkpt lat="44.790488" lon="5.461979">
        <ele>1355.476668</ele>

      </trkpt>
      <trkpt lat="44.790458" lon="5.461967">
        <ele>1356.084580</ele>

      </trkpt>
      <trkpt lat="44.790455" lon="5.461961">
        <ele>1356.186118</ele>

      </trkpt>
      <trkpt lat="44.790392" lon="5.461952">
        <ele>1357.420505</ele>

      </trkpt>
      <trkpt lat="44.790384" lon="5.461952">
        <ele>1357.576453</ele>

      </trkpt>
      <trkpt lat="44.790344" lon="5.461970">
        <ele>1358.394991</ele>

      </trkpt>
      <trkpt lat="44.790348" lon="5.461996">
        <ele>1358.763039</ele>

      </trkpt>
      <trkpt lat="44.790333" lon="5.462031">
        <ele>1359.328681</ele>

      </trkpt>
      <trkpt lat="44.790323" lon="5.462013">
        <ele>1359.644924</ele>

      </trkpt>
      <trkpt lat="44.790308" lon="5.461992">
        <ele>1360.057115</ele>

      </trkpt>
      <trkpt lat="44.790299" lon="5.461998">
        <ele>1360.251202</ele>

      </trkpt>
      <trkpt lat="44.790272" lon="5.462014">
        <ele>1360.822178</ele>

      </trkpt>
      <trkpt lat="44.790253" lon="5.462043">
        <ele>1361.368198</ele>

      </trkpt>
      <trkpt lat="44.790261" lon="5.462060">
        <ele>1361.650388</ele>

      </trkpt>
      <trkpt lat="44.790318" lon="5.462049">
        <ele>1362.771891</ele>

      </trkpt>
      <trkpt lat="44.790299" lon="5.462078">
        <ele>1363.317910</ele>

      </trkpt>
      <trkpt lat="44.790286" lon="5.462107">
        <ele>1363.792439</ele>

      </trkpt>
      <trkpt lat="44.790258" lon="5.462134">
        <ele>1364.453832</ele>

      </trkpt>
      <trkpt lat="44.790249" lon="5.462135">
        <ele>1364.629818</ele>

      </trkpt>
      <trkpt lat="44.790214" lon="5.462129">
        <ele>1365.317122</ele>

      </trkpt>
      <trkpt lat="44.790196" lon="5.462128">
        <ele>1365.668278</ele>

      </trkpt>
      <trkpt lat="44.790175" lon="5.462139">
        <ele>1366.105012</ele>

      </trkpt>
      <trkpt lat="44.790156" lon="5.462162">
        <ele>1366.593299</ele>

      </trkpt>
      <trkpt lat="44.790180" lon="5.462185">
        <ele>1367.159094</ele>

      </trkpt>
      <trkpt lat="44.790185" lon="5.462175">
        <ele>1367.328324</ele>

      </trkpt>
      <trkpt lat="44.790223" lon="5.462074">
        <ele>1368.909806</ele>

      </trkpt>
      <trkpt lat="44.790224" lon="5.462084">
        <ele>1369.049516</ele>

      </trkpt>
      <trkpt lat="44.790224" lon="5.462082">
        <ele>1369.077185</ele>

      </trkpt>
      <trkpt lat="44.790217" lon="5.462096">
        <ele>1369.314107</ele>

      </trkpt>
      <trkpt lat="44.790152" lon="5.462152">
        <ele>1370.799263</ele>

      </trkpt>
      <trkpt lat="44.790147" lon="5.462156">
        <ele>1370.911344</ele>

      </trkpt>
      <trkpt lat="44.790153" lon="5.462169">
        <ele>1371.125878</ele>

      </trkpt>
      <trkpt lat="44.790145" lon="5.462182">
        <ele>1371.363921</ele>

      </trkpt>
      <trkpt lat="44.790145" lon="5.462185">
        <ele>1371.405424</ele>

      </trkpt>
      <trkpt lat="44.790141" lon="5.462242">
        <ele>1372.197830</ele>

      </trkpt>
      <trkpt lat="44.790139" lon="5.462248">
        <ele>1372.289536</ele>

      </trkpt>
      <trkpt lat="44.790122" lon="5.462254">
        <ele>1372.631164</ele>

      </trkpt>
      <trkpt lat="44.790121" lon="5.462265">
        <ele>1372.784585</ele>

      </trkpt>
      <trkpt lat="44.790094" lon="5.462276">
        <ele>1373.332469</ele>

      </trkpt>
      <trkpt lat="44.790070" lon="5.462300">
        <ele>1373.906158</ele>

      </trkpt>
      <trkpt lat="44.790073" lon="5.462308">
        <ele>1374.031334</ele>

      </trkpt>
      <trkpt lat="44.790069" lon="5.462338">
        <ele>1374.453627</ele>

      </trkpt>
      <trkpt lat="44.790064" lon="5.462332">
        <ele>1374.581650</ele>

      </trkpt>
      <trkpt lat="44.790050" lon="5.462307">
        <ele>1375.022217</ele>

      </trkpt>
      <trkpt lat="44.790093" lon="5.462282">
        <ele>1375.930127</ele>

      </trkpt>
      <trkpt lat="44.790126" lon="5.462278">
        <ele>1376.614024</ele>

      </trkpt>
      <trkpt lat="44.790158" lon="5.462275">
        <ele>1377.276218</ele>

      </trkpt>
      <trkpt lat="44.790134" lon="5.462358">
        <ele>1378.589551</ele>

      </trkpt>
      <trkpt lat="44.790135" lon="5.462388">
        <ele>1379.029645</ele>

      </trkpt>
      <trkpt lat="44.790135" lon="5.462394">
        <ele>1379.117567</ele>

      </trkpt>
      <trkpt lat="44.790107" lon="5.462382">
        <ele>1379.721859</ele>

      </trkpt>
      <trkpt lat="44.790081" lon="5.462370">
        <ele>1380.286770</ele>

      </trkpt>
      <trkpt lat="44.790066" lon="5.462373">
        <ele>1380.599593</ele>

      </trkpt>
      <trkpt lat="44.790061" lon="5.462377">
        <ele>1380.718311</ele>

      </trkpt>
      <trkpt lat="44.789988" lon="5.462414">
        <ele>1382.320157</ele>

      </trkpt>
      <trkpt lat="44.789981" lon="5.462431">
        <ele>1382.608164</ele>

      </trkpt>
      <trkpt lat="44.789988" lon="5.462461">
        <ele>1383.070925</ele>

      </trkpt>
      <trkpt lat="44.789981" lon="5.462458">
        <ele>1383.221998</ele>

      </trkpt>
      <trkpt lat="44.789960" lon="5.462461">
        <ele>1383.657827</ele>

      </trkpt>
      <trkpt lat="44.789945" lon="5.462448">
        <ele>1384.021441</ele>

      </trkpt>
      <trkpt lat="44.789925" lon="5.462444">
        <ele>1384.438539</ele>

      </trkpt>
      <trkpt lat="44.789916" lon="5.462406">
        <ele>1385.025569</ele>

      </trkpt>
      <trkpt lat="44.789918" lon="5.462400">
        <ele>1385.122707</ele>

      </trkpt>
      <trkpt lat="44.789922" lon="5.462368">
        <ele>1385.598843</ele>

      </trkpt>
      <trkpt lat="44.789931" lon="5.462382">
        <ele>1385.875648</ele>

      </trkpt>
      <trkpt lat="44.789956" lon="5.462409">
        <ele>1386.526031</ele>

      </trkpt>
      <trkpt lat="44.789953" lon="5.462432">
        <ele>1386.868712</ele>

      </trkpt>
      <trkpt lat="44.789951" lon="5.462425">
        <ele>1386.979288</ele>

      </trkpt>
      <trkpt lat="44.789945" lon="5.462461">
        <ele>1387.521173</ele>

      </trkpt>
      <trkpt lat="44.789933" lon="5.462475">
        <ele>1387.842856</ele>

      </trkpt>
      <trkpt lat="44.789925" lon="5.462492">
        <ele>1388.141759</ele>

      </trkpt>
      <trkpt lat="44.789935" lon="5.462508">
        <ele>1388.454176</ele>

      </trkpt>
      <trkpt lat="44.789933" lon="5.462513">
        <ele>1388.538281</ele>

      </trkpt>
      <trkpt lat="44.789936" lon="5.462520">
        <ele>1388.658110</ele>

      </trkpt>
      <trkpt lat="44.789918" lon="5.462536">
        <ele>1389.097546</ele>

      </trkpt>
      <trkpt lat="44.789916" lon="5.462536">
        <ele>1389.138842</ele>

      </trkpt>
      <trkpt lat="44.789903" lon="5.462529">
        <ele>1389.426196</ele>

      </trkpt>
      <trkpt lat="44.789898" lon="5.462525">
        <ele>1389.544915</ele>

      </trkpt>
      <trkpt lat="44.789903" lon="5.462536">
        <ele>1389.736333</ele>

      </trkpt>
      <trkpt lat="44.789856" lon="5.462602">
        <ele>1391.106423</ele>

      </trkpt>
      <trkpt lat="44.789850" lon="5.462611">
        <ele>1391.287369</ele>

      </trkpt>
      <trkpt lat="44.789831" lon="5.462612">
        <ele>1391.679953</ele>

      </trkpt>
      <trkpt lat="44.789827" lon="5.462619">
        <ele>1391.811647</ele>

      </trkpt>
      <trkpt lat="44.789829" lon="5.462615">
        <ele>1391.883348</ele>

      </trkpt>
      <trkpt lat="44.789852" lon="5.462596">
        <ele>1392.433847</ele>

      </trkpt>
      <trkpt lat="44.789850" lon="5.462608">
        <ele>1392.614476</ele>

      </trkpt>
      <trkpt lat="44.789849" lon="5.462611">
        <ele>1392.663045</ele>

      </trkpt>
      <trkpt lat="44.789844" lon="5.462609">
        <ele>1392.770364</ele>

      </trkpt>
      <trkpt lat="44.789818" lon="5.462594">
        <ele>1393.350465</ele>

      </trkpt>
      <trkpt lat="44.789820" lon="5.462593">
        <ele>1393.394284</ele>

      </trkpt>
      <trkpt lat="44.789817" lon="5.462591">
        <ele>1393.462811</ele>

      </trkpt>
      <trkpt lat="44.789822" lon="5.462605">
        <ele>1393.692476</ele>

      </trkpt>
      <trkpt lat="44.789793" lon="5.462592">
        <ele>1394.320838</ele>

      </trkpt>
      <trkpt lat="44.789808" lon="5.462600">
        <ele>1394.652000</ele>

      </trkpt>
      <trkpt lat="44.789827" lon="5.462610">
        <ele>1395.070785</ele>

      </trkpt>
      <trkpt lat="44.789815" lon="5.462605">
        <ele>1395.329165</ele>

      </trkpt>
      <trkpt lat="44.789741" lon="5.462599">
        <ele>1396.859638</ele>

      </trkpt>
      <trkpt lat="44.789678" lon="5.462589">
        <ele>1398.168684</ele>

      </trkpt>
      <trkpt lat="44.789671" lon="5.462596">
        <ele>1398.345920</ele>

      </trkpt>
      <trkpt lat="44.789683" lon="5.462572">
        <ele>1398.776127</ele>

      </trkpt>
      <trkpt lat="44.789728" lon="5.462570">
        <ele>1399.705746</ele>

      </trkpt>
      <trkpt lat="44.789745" lon="5.462612">
        <ele>1400.414265</ele>

      </trkpt>
      <trkpt lat="44.789739" lon="5.462632">
        <ele>1400.732449</ele>

      </trkpt>
      <trkpt lat="44.789713" lon="5.462642">
        <ele>1401.288935</ele>

      </trkpt>
      <trkpt lat="44.789706" lon="5.462665">
        <ele>1401.655656</ele>

      </trkpt>
      <trkpt lat="44.789710" lon="5.462669">
        <ele>1401.756933</ele>

      </trkpt>
      <trkpt lat="44.789717" lon="5.462674">
        <ele>1401.918979</ele>

      </trkpt>
      <trkpt lat="44.789720" lon="5.462679">
        <ele>1402.014923</ele>

      </trkpt>
      <trkpt lat="44.789741" lon="5.462695">
        <ele>1402.507859</ele>

      </trkpt>
      <trkpt lat="44.789755" lon="5.462692">
        <ele>1402.800253</ele>

      </trkpt>
      <trkpt lat="44.789769" lon="5.462679">
        <ele>1403.146449</ele>

      </trkpt>
      <trkpt lat="44.789773" lon="5.462675">
        <ele>1403.247727</ele>

      </trkpt>
      <trkpt lat="44.789778" lon="5.462683">
        <ele>1403.403936</ele>

      </trkpt>
      <trkpt lat="44.789773" lon="5.462697">
        <ele>1403.633601</ele>

      </trkpt>
      <trkpt lat="44.789784" lon="5.462704">
        <ele>1403.882817</ele>

      </trkpt>
      <trkpt lat="44.789825" lon="5.462659">
        <ele>1404.955898</ele>

      </trkpt>
      <trkpt lat="44.789827" lon="5.462656">
        <ele>1405.016213</ele>

      </trkpt>
      <trkpt lat="44.789806" lon="5.462675">
        <ele>1405.531512</ele>

      </trkpt>
      <trkpt lat="44.789787" lon="5.462668">
        <ele>1405.937010</ele>

      </trkpt>
      <trkpt lat="44.789752" lon="5.462679">
        <ele>1406.677446</ele>

      </trkpt>
      <trkpt lat="44.789742" lon="5.462686">
        <ele>1406.908000</ele>

      </trkpt>
      <trkpt lat="44.789701" lon="5.462711">
        <ele>1407.830432</ele>

      </trkpt>
      <trkpt lat="44.789677" lon="5.462757">
        <ele>1408.667058</ele>

      </trkpt>
      <trkpt lat="44.789674" lon="5.462768">
        <ele>1408.839742</ele>

      </trkpt>
      <trkpt lat="44.789702" lon="5.462775">
        <ele>1409.426913</ele>

      </trkpt>
      <trkpt lat="44.789682" lon="5.462771">
        <ele>1409.844010</ele>

      </trkpt>
      <trkpt lat="44.789676" lon="5.462768">
        <ele>1409.975467</ele>

      </trkpt>
      <trkpt lat="44.789652" lon="5.462768">
        <ele>1410.471016</ele>

      </trkpt>
      <trkpt lat="44.789653" lon="5.462792">
        <ele>1410.823313</ele>

      </trkpt>
      <trkpt lat="44.789657" lon="5.462805">
        <ele>1411.030945</ele>

      </trkpt>
      <trkpt lat="44.789676" lon="5.462836">
        <ele>1411.631167</ele>

      </trkpt>
      <trkpt lat="44.789683" lon="5.462848">
        <ele>1411.858789</ele>

      </trkpt>
      <trkpt lat="44.789678" lon="5.462855">
        <ele>1412.004324</ele>

      </trkpt>
      <trkpt lat="44.789681" lon="5.462858">
        <ele>1412.080282</ele>

      </trkpt>
      <trkpt lat="44.789692" lon="5.462882">
        <ele>1412.498938</ele>

      </trkpt>
      <trkpt lat="44.789689" lon="5.462910">
        <ele>1412.913893</ele>

      </trkpt>
      <trkpt lat="44.789687" lon="5.462908">
        <ele>1412.964532</ele>

      </trkpt>
      <trkpt lat="44.789647" lon="5.462892">
        <ele>1413.768959</ele>

      </trkpt>
      <trkpt lat="44.789604" lon="5.462891">
        <ele>1414.594936</ele>

      </trkpt>
      <trkpt lat="44.789588" lon="5.462879">
        <ele>1414.943054</ele>

      </trkpt>
      <trkpt lat="44.789559" lon="5.462862">
        <ele>1415.546311</ele>

      </trkpt>
      <trkpt lat="44.789543" lon="5.462856">
        <ele>1415.864305</ele>

      </trkpt>
      <trkpt lat="44.789538" lon="5.462854">
        <ele>1415.964131</ele>

      </trkpt>
      <trkpt lat="44.789535" lon="5.462845">
        <ele>1416.099663</ele>

      </trkpt>
      <trkpt lat="44.789532" lon="5.462842">
        <ele>1416.170317</ele>

      </trkpt>
      <trkpt lat="44.789492" lon="5.462810">
        <ele>1417.053750</ele>

      </trkpt>
      <trkpt lat="44.789477" lon="5.462807">
        <ele>1417.344730</ele>

      </trkpt>
      <trkpt lat="44.789448" lon="5.462788">
        <ele>1417.958974</ele>

      </trkpt>
      <trkpt lat="44.789406" lon="5.462784">
        <ele>1418.767472</ele>

      </trkpt>
      <trkpt lat="44.789402" lon="5.462784">
        <ele>1418.844296</ele>

      </trkpt>
      <trkpt lat="44.789372" lon="5.462767">
        <ele>1419.465330</ele>

      </trkpt>
      <trkpt lat="44.789376" lon="5.462763">
        <ele>1419.559535</ele>

      </trkpt>
      <trkpt lat="44.789369" lon="5.462762">
        <ele>1419.694668</ele>

      </trkpt>
      <trkpt lat="44.789347" lon="5.462768">
        <ele>1420.125045</ele>

      </trkpt>
      <trkpt lat="44.789284" lon="5.462758">
        <ele>1421.342685</ele>

      </trkpt>
      <trkpt lat="44.789213" lon="5.462784">
        <ele>1422.751620</ele>

      </trkpt>
      <trkpt lat="44.789305" lon="5.462790">
        <ele>1424.520476</ele>

      </trkpt>
      <trkpt lat="44.789346" lon="5.462813">
        <ele>1425.368041</ele>

      </trkpt>
      <trkpt lat="44.789353" lon="5.462793">
        <ele>1425.672002</ele>

      </trkpt>
      <trkpt lat="44.789352" lon="5.462777">
        <ele>1425.890936</ele>

      </trkpt>
      <trkpt lat="44.789350" lon="5.462769">
        <ele>1426.006549</ele>

      </trkpt>
      <trkpt lat="44.789331" lon="5.462756">
        <ele>1426.412213</ele>

      </trkpt>
      <trkpt lat="44.789337" lon="5.462751">
        <ele>1426.546095</ele>

      </trkpt>
      <trkpt lat="44.789321" lon="5.462732">
        <ele>1426.947970</ele>

      </trkpt>
      <trkpt lat="44.789254" lon="5.462714">
        <ele>1428.257963</ele>

      </trkpt>
      <trkpt lat="44.789226" lon="5.462729">
        <ele>1428.833291</ele>

      </trkpt>
      <trkpt lat="44.789236" lon="5.462729">
        <ele>1429.025352</ele>

      </trkpt>
      <trkpt lat="44.789252" lon="5.462765">
        <ele>1429.604336</ele>

      </trkpt>
      <trkpt lat="44.789280" lon="5.462775">
        <ele>1430.159113</ele>

      </trkpt>
      <trkpt lat="44.789278" lon="5.462769">
        <ele>1430.249468</ele>

      </trkpt>
      <trkpt lat="44.789270" lon="5.462769">
        <ele>1430.403118</ele>

      </trkpt>
      <trkpt lat="44.789256" lon="5.462775">
        <ele>1430.684166</ele>

      </trkpt>
      <trkpt lat="44.789231" lon="5.462786">
        <ele>1431.187185</ele>

      </trkpt>
      <trkpt lat="44.789211" lon="5.462789">
        <ele>1431.573478</ele>

      </trkpt>
      <trkpt lat="44.789229" lon="5.462778">
        <ele>1431.950303</ele>

      </trkpt>
      <trkpt lat="44.789237" lon="5.462771">
        <ele>1432.131168</ele>

      </trkpt>
      <trkpt lat="44.789238" lon="5.462816">
        <ele>1432.744848</ele>

      </trkpt>
      <trkpt lat="44.789237" lon="5.462821">
        <ele>1432.815656</ele>

      </trkpt>
      <trkpt lat="44.789228" lon="5.462828">
        <ele>1433.013096</ele>

      </trkpt>
      <trkpt lat="44.789223" lon="5.462820">
        <ele>1433.158399</ele>

      </trkpt>
      <trkpt lat="44.789219" lon="5.462817">
        <ele>1433.245428</ele>

      </trkpt>
      <trkpt lat="44.789157" lon="5.462776">
        <ele>1434.560829</ele>

      </trkpt>
      <trkpt lat="44.789153" lon="5.462784">
        <ele>1434.694219</ele>

      </trkpt>
      <trkpt lat="44.789139" lon="5.462816">
        <ele>1435.206620</ele>

      </trkpt>
      <trkpt lat="44.789135" lon="5.462829">
        <ele>1435.399755</ele>

      </trkpt>
      <trkpt lat="44.789126" lon="5.462845">
        <ele>1435.678040</ele>

      </trkpt>
      <trkpt lat="44.789112" lon="5.462839">
        <ele>1435.959089</ele>

      </trkpt>
      <trkpt lat="44.789085" lon="5.462855">
        <ele>1436.521649</ele>

      </trkpt>
      <trkpt lat="44.789046" lon="5.462877">
        <ele>1437.328486</ele>

      </trkpt>
      <trkpt lat="44.789044" lon="5.462889">
        <ele>1437.496504</ele>

      </trkpt>
      <trkpt lat="44.789045" lon="5.462888">
        <ele>1437.520055</ele>

      </trkpt>
      <trkpt lat="44.789055" lon="5.462870">
        <ele>1437.831641</ele>

      </trkpt>
      <trkpt lat="44.789046" lon="5.462870">
        <ele>1438.004496</ele>

      </trkpt>
      <trkpt lat="44.789011" lon="5.462862">
        <ele>1438.685498</ele>

      </trkpt>
      <trkpt lat="44.788979" lon="5.462837">
        <ele>1439.388243</ele>

      </trkpt>
      <trkpt lat="44.788946" lon="5.462816">
        <ele>1440.083687</ele>

      </trkpt>
      <trkpt lat="44.788940" lon="5.462822">
        <ele>1440.224996</ele>

      </trkpt>
      <trkpt lat="44.788944" lon="5.462829">
        <ele>1440.347495</ele>

      </trkpt>
      <trkpt lat="44.788938" lon="5.462830">
        <ele>1440.463535</ele>

      </trkpt>
      <trkpt lat="44.788932" lon="5.462827">
        <ele>1440.585812</ele>

      </trkpt>
      <trkpt lat="44.788940" lon="5.462814">
        <ele>1440.820350</ele>

      </trkpt>
      <trkpt lat="44.788938" lon="5.462795">
        <ele>1441.082166</ele>

      </trkpt>
      <trkpt lat="44.788919" lon="5.462760">
        <ele>1441.682804</ele>

      </trkpt>
      <trkpt lat="44.788893" lon="5.462724">
        <ele>1442.382913</ele>

      </trkpt>
      <trkpt lat="44.788853" lon="5.462728">
        <ele>1443.153090</ele>

      </trkpt>
      <trkpt lat="44.788825" lon="5.462741">
        <ele>1443.719304</ele>

      </trkpt>
      <trkpt lat="44.788804" lon="5.462738">
        <ele>1444.124701</ele>

      </trkpt>
      <trkpt lat="44.788813" lon="5.462723">
        <ele>1444.392438</ele>

      </trkpt>
      <trkpt lat="44.788821" lon="5.462725">
        <ele>1444.548487</ele>

      </trkpt>
      <trkpt lat="44.788822" lon="5.462727">
        <ele>1444.581835</ele>

      </trkpt>
      <trkpt lat="44.788824" lon="5.462740">
        <ele>1444.763150</ele>

      </trkpt>
      <trkpt lat="44.788810" lon="5.462754">
        <ele>1445.092871</ele>

      </trkpt>
      <trkpt lat="44.788793" lon="5.462772">
        <ele>1445.501287</ele>

      </trkpt>
      <trkpt lat="44.788776" lon="5.462794">
        <ele>1445.944605</ele>

      </trkpt>
      <trkpt lat="44.788778" lon="5.462786">
        <ele>1446.060219</ele>

      </trkpt>
      <trkpt lat="44.788774" lon="5.462769">
        <ele>1446.304345</ele>

      </trkpt>
      <trkpt lat="44.788771" lon="5.462757">
        <ele>1446.477766</ele>

      </trkpt>
      <trkpt lat="44.788773" lon="5.462744">
        <ele>1446.659081</ele>

      </trkpt>
      <trkpt lat="44.788770" lon="5.462729">
        <ele>1446.871506</ele>

      </trkpt>
      <trkpt lat="44.788764" lon="5.462711">
        <ele>1447.142575</ele>

      </trkpt>
      <trkpt lat="44.788761" lon="5.462695">
        <ele>1447.368150</ele>

      </trkpt>
      <trkpt lat="44.788760" lon="5.462665">
        <ele>1447.731197</ele>

      </trkpt>
      <trkpt lat="44.788763" lon="5.462636">
        <ele>1448.030397</ele>

      </trkpt>
      <trkpt lat="44.788768" lon="5.462627">
        <ele>1448.147085</ele>

      </trkpt>
      <trkpt lat="44.788763" lon="5.462633">
        <ele>1448.241561</ele>

      </trkpt>
      <trkpt lat="44.788730" lon="5.462637">
        <ele>1448.718029</ele>

      </trkpt>
      <trkpt lat="44.788691" lon="5.462631">
        <ele>1449.282389</ele>

      </trkpt>
      <trkpt lat="44.788666" lon="5.462621">
        <ele>1449.656232</ele>

      </trkpt>
      <trkpt lat="44.788662" lon="5.462617">
        <ele>1449.726791</ele>

      </trkpt>
      <trkpt lat="44.788630" lon="5.462578">
        <ele>1450.335428</ele>

      </trkpt>
      <trkpt lat="44.788627" lon="5.462569">
        <ele>1450.436943</ele>

      </trkpt>
      <trkpt lat="44.788631" lon="5.462527">
        <ele>1450.869581</ele>

      </trkpt>
      <trkpt lat="44.788623" lon="5.462518">
        <ele>1451.016845</ele>

      </trkpt>
      <trkpt lat="44.788616" lon="5.462522">
        <ele>1451.125507</ele>

      </trkpt>
      <trkpt lat="44.788613" lon="5.462518">
        <ele>1451.184922</ele>

      </trkpt>
      <trkpt lat="44.788622" lon="5.462509">
        <ele>1451.343682</ele>

      </trkpt>
      <trkpt lat="44.788632" lon="5.462511">
        <ele>1451.488976</ele>

      </trkpt>
      <trkpt lat="44.788635" lon="5.462512">
        <ele>1451.533323</ele>

      </trkpt>
      <trkpt lat="44.788608" lon="5.462474">
        <ele>1452.082292</ele>

      </trkpt>
      <trkpt lat="44.788601" lon="5.462470">
        <ele>1452.190955</ele>

      </trkpt>
      <trkpt lat="44.788553" lon="5.462492">
        <ele>1452.917061</ele>

      </trkpt>
      <trkpt lat="44.788539" lon="5.462500">
        <ele>1453.134386</ele>

      </trkpt>
      <trkpt lat="44.788536" lon="5.462495">
        <ele>1453.201231</ele>

      </trkpt>
      <trkpt lat="44.788524" lon="5.462492">
        <ele>1453.376550</ele>

      </trkpt>
      <trkpt lat="44.788517" lon="5.462491">
        <ele>1453.477764</ele>

      </trkpt>
      <trkpt lat="44.788500" lon="5.462486">
        <ele>1453.727584</ele>

      </trkpt>
      <trkpt lat="44.788488" lon="5.462478">
        <ele>1453.918555</ele>

      </trkpt>
      <trkpt lat="44.788479" lon="5.462464">
        <ele>1454.111405</ele>

      </trkpt>
      <trkpt lat="44.788488" lon="5.462427">
        <ele>1454.510724</ele>

      </trkpt>
      <trkpt lat="44.788478" lon="5.462417">
        <ele>1454.687124</ele>

      </trkpt>
      <trkpt lat="44.788461" lon="5.462407">
        <ele>1454.952129</ele>

      </trkpt>
      <trkpt lat="44.788451" lon="5.462400">
        <ele>1455.112756</ele>

      </trkpt>
      <trkpt lat="44.788430" lon="5.462396">
        <ele>1455.417594</ele>

      </trkpt>
      <trkpt lat="44.788441" lon="5.462452">
        <ele>1456.010816</ele>

      </trkpt>
      <trkpt lat="44.788425" lon="5.462474">
        <ele>1456.332412</ele>

      </trkpt>
      <trkpt lat="44.788388" lon="5.462514">
        <ele>1457.003283</ele>

      </trkpt>
      <trkpt lat="44.788309" lon="5.462501">
        <ele>1458.147444</ele>

      </trkpt>
      <trkpt lat="44.788333" lon="5.462479">
        <ele>1458.559322</ele>

      </trkpt>
      <trkpt lat="44.788350" lon="5.462477">
        <ele>1458.804723</ele>

      </trkpt>
      <trkpt lat="44.788372" lon="5.462449">
        <ele>1459.231192</ele>

      </trkpt>
      <trkpt lat="44.788423" lon="5.462428">
        <ele>1459.995526</ele>

      </trkpt>
      <trkpt lat="44.788427" lon="5.462423">
        <ele>1460.072447</ele>

      </trkpt>
      <trkpt lat="44.788431" lon="5.462420">
        <ele>1460.137632</ele>

      </trkpt>
      <trkpt lat="44.788403" lon="5.462395">
        <ele>1460.614479</ele>

      </trkpt>
      <trkpt lat="44.788407" lon="5.462400">
        <ele>1460.691400</ele>

      </trkpt>
      <trkpt lat="44.788412" lon="5.462405">
        <ele>1460.779600</ele>

      </trkpt>
      <trkpt lat="44.788392" lon="5.462442">
        <ele>1461.254435</ele>

      </trkpt>
      <trkpt lat="44.788389" lon="5.462454">
        <ele>1461.384327</ele>

      </trkpt>
      <trkpt lat="44.788414" lon="5.462444">
        <ele>1461.758170</ele>

      </trkpt>
      <trkpt lat="44.788446" lon="5.462428">
        <ele>1462.246623</ele>

      </trkpt>
      <trkpt lat="44.788435" lon="5.462449">
        <ele>1462.513091</ele>

      </trkpt>
      <trkpt lat="44.788408" lon="5.462468">
        <ele>1462.947239</ele>

      </trkpt>
      <trkpt lat="44.788386" lon="5.462490">
        <ele>1463.335319</ele>

      </trkpt>
      <trkpt lat="44.788393" lon="5.462481">
        <ele>1463.471637</ele>

      </trkpt>
      <trkpt lat="44.788388" lon="5.462481">
        <ele>1463.543564</ele>

      </trkpt>
      <trkpt lat="44.788411" lon="5.462458">
        <ele>1463.949283</ele>

      </trkpt>
      <trkpt lat="44.788380" lon="5.462491">
        <ele>1464.508188</ele>

      </trkpt>
      <trkpt lat="44.788373" lon="5.462496">
        <ele>1464.621085</ele>

      </trkpt>
      <trkpt lat="44.788351" lon="5.462517">
        <ele>1465.003346</ele>

      </trkpt>
      <trkpt lat="44.788355" lon="5.462511">
        <ele>1465.087390</ele>

      </trkpt>
      <trkpt lat="44.788346" lon="5.462515">
        <ele>1465.223145</ele>

      </trkpt>
      <trkpt lat="44.788331" lon="5.462526">
        <ele>1465.466400</ele>

      </trkpt>
      <trkpt lat="44.788244" lon="5.462619">
        <ele>1467.037326</ele>

      </trkpt>
      <trkpt lat="44.788220" lon="5.462674">
        <ele>1467.696493</ele>

      </trkpt>
      <trkpt lat="44.788241" lon="5.462655">
        <ele>1468.055501</ele>

      </trkpt>
      <trkpt lat="44.788303" lon="5.462584">
        <ele>1469.204805</ele>

      </trkpt>
      <trkpt lat="44.788350" lon="5.462529">
        <ele>1470.083683</ele>

      </trkpt>
      <trkpt lat="44.788350" lon="5.462526">
        <ele>1470.114311</ele>

      </trkpt>
      <trkpt lat="44.788331" lon="5.462538">
        <ele>1470.413834</ele>

      </trkpt>
      <trkpt lat="44.788309" lon="5.462571">
        <ele>1470.876074</ele>

      </trkpt>
      <trkpt lat="44.788358" lon="5.462551">
        <ele>1471.609932</ele>

      </trkpt>
      <trkpt lat="44.788282" lon="5.462682">
        <ele>1473.337358</ele>

      </trkpt>
      <trkpt lat="44.788361" lon="5.462560">
        <ele>1474.725962</ele>

      </trkpt>
      <trkpt lat="44.788396" lon="5.462555">
        <ele>1475.135307</ele>

      </trkpt>
      <trkpt lat="44.788398" lon="5.462562">
        <ele>1475.197623</ele>

      </trkpt>
      <trkpt lat="44.788401" lon="5.462556">
        <ele>1475.258234</ele>

      </trkpt>
      <trkpt lat="44.788420" lon="5.462535">
        <ele>1475.539218</ele>

      </trkpt>
      <trkpt lat="44.788389" lon="5.462535">
        <ele>1475.899932</ele>

      </trkpt>
      <trkpt lat="44.788372" lon="5.462546">
        <ele>1476.117604</ele>

      </trkpt>
      <trkpt lat="44.788362" lon="5.462615">
        <ele>1476.699177</ele>

      </trkpt>
      <trkpt lat="44.788370" lon="5.462628">
        <ele>1476.841271</ele>

      </trkpt>
      <trkpt lat="44.788361" lon="5.462618">
        <ele>1476.974638</ele>

      </trkpt>
      <trkpt lat="44.788358" lon="5.462622">
        <ele>1477.022697</ele>

      </trkpt>
      <trkpt lat="44.788357" lon="5.462620">
        <ele>1477.042901</ele>

      </trkpt>
      <trkpt lat="44.788353" lon="5.462621">
        <ele>1477.090171</ele>

      </trkpt>
      <trkpt lat="44.788349" lon="5.462621">
        <ele>1477.136715</ele>

      </trkpt>
      <trkpt lat="44.788335" lon="5.462641">
        <ele>1477.368699</ele>

      </trkpt>
      <trkpt lat="44.788333" lon="5.462647">
        <ele>1477.423441</ele>

      </trkpt>
      <trkpt lat="44.788338" lon="5.462673">
        <ele>1477.645896</ele>

      </trkpt>
      <trkpt lat="44.788338" lon="5.462677">
        <ele>1477.678929</ele>

      </trkpt>
      <trkpt lat="44.788332" lon="5.462684">
        <ele>1477.769570</ele>

      </trkpt>
      <trkpt lat="44.788325" lon="5.462689">
        <ele>1477.860890</ele>

      </trkpt>
      <trkpt lat="44.788337" lon="5.462679">
        <ele>1478.023114</ele>

      </trkpt>
      <trkpt lat="44.788378" lon="5.462706">
        <ele>1478.549720</ele>

      </trkpt>
      <trkpt lat="44.788376" lon="5.462682">
        <ele>1478.749278</ele>

      </trkpt>
      <trkpt lat="44.788376" lon="5.462676">
        <ele>1478.798827</ele>

      </trkpt>
      <trkpt lat="44.788375" lon="5.462666">
        <ele>1478.882225</ele>

      </trkpt>
      <trkpt lat="44.788365" lon="5.462675">
        <ele>1479.020295</ele>

      </trkpt>
      <trkpt lat="44.788306" lon="5.462688">
        <ele>1479.715158</ele>

      </trkpt>
      <trkpt lat="44.788220" lon="5.462788">
        <ele>1481.012600</ele>

      </trkpt>
      <trkpt lat="44.788185" lon="5.462841">
        <ele>1481.610451</ele>

      </trkpt>
      <trkpt lat="44.788193" lon="5.462865">
        <ele>1481.829420</ele>

      </trkpt>
      <trkpt lat="44.788202" lon="5.462866">
        <ele>1481.934468</ele>

      </trkpt>
      <trkpt lat="44.788294" lon="5.462778">
        <ele>1483.228340</ele>

      </trkpt>
      <trkpt lat="44.788306" lon="5.462764">
        <ele>1483.409623</ele>

      </trkpt>
      <trkpt lat="44.788384" lon="5.462708">
        <ele>1484.428254</ele>

      </trkpt>
      <trkpt lat="44.788390" lon="5.462704">
        <ele>1484.505490</ele>

      </trkpt>
      <trkpt lat="44.788390" lon="5.462696">
        <ele>1484.571555</ele>

      </trkpt>
      <trkpt lat="44.788370" lon="5.462703">
        <ele>1484.811346</ele>

      </trkpt>
      <trkpt lat="44.788362" lon="5.462709">
        <ele>1484.916799</ele>

      </trkpt>
      <trkpt lat="44.788347" lon="5.462727">
        <ele>1485.146058</ele>

      </trkpt>
      <trkpt lat="44.788340" lon="5.462747">
        <ele>1485.330214</ele>

      </trkpt>
      <trkpt lat="44.788325" lon="5.462771">
        <ele>1485.594308</ele>

      </trkpt>
      <trkpt lat="44.788325" lon="5.462796">
        <ele>1485.800762</ele>

      </trkpt>
      <trkpt lat="44.788340" lon="5.462796">
        <ele>1485.975301</ele>

      </trkpt>
      <trkpt lat="44.788338" lon="5.462802">
        <ele>1486.030043</ele>

      </trkpt>
      <trkpt lat="44.788332" lon="5.462819">
        <ele>1486.186834</ele>

      </trkpt>
      <trkpt lat="44.788313" lon="5.462837">
        <ele>1486.453242</ele>

      </trkpt>
      <trkpt lat="44.788295" lon="5.462854">
        <ele>1486.705387</ele>

      </trkpt>
      <trkpt lat="44.788310" lon="5.462819">
        <ele>1487.043035</ele>

      </trkpt>
      <trkpt lat="44.788346" lon="5.462805">
        <ele>1487.477590</ele>

      </trkpt>
      <trkpt lat="44.788427" lon="5.462846">
        <ele>1488.479071</ele>

      </trkpt>
      <trkpt lat="44.788443" lon="5.462855">
        <ele>1488.679533</ele>

      </trkpt>
      <trkpt lat="44.788437" lon="5.462855">
        <ele>1488.749349</ele>

      </trkpt>
      <trkpt lat="44.788448" lon="5.462861">
        <ele>1488.886600</ele>

      </trkpt>
      <trkpt lat="44.788462" lon="5.462876">
        <ele>1489.091250</ele>

      </trkpt>
      <trkpt lat="44.788471" lon="5.462888">
        <ele>1489.235428</ele>

      </trkpt>
      <trkpt lat="44.788472" lon="5.462880">
        <ele>1489.302510</ele>

      </trkpt>
      <trkpt lat="44.788481" lon="5.462869">
        <ele>1489.441142</ele>

      </trkpt>
      <trkpt lat="44.788478" lon="5.462865">
        <ele>1489.489202</ele>

      </trkpt>
      <trkpt lat="44.788480" lon="5.462870">
        <ele>1489.536599</ele>

      </trkpt>
      <trkpt lat="44.788483" lon="5.462867">
        <ele>1489.579405</ele>

      </trkpt>
      <trkpt lat="44.788492" lon="5.462858">
        <ele>1489.707822</ele>

      </trkpt>
      <trkpt lat="44.788518" lon="5.462834">
        <ele>1490.069496</ele>

      </trkpt>
      <trkpt lat="44.788535" lon="5.462842">
        <ele>1490.278048</ele>

      </trkpt>
      <trkpt lat="44.788537" lon="5.462849">
        <ele>1490.340363</ele>

      </trkpt>
      <trkpt lat="44.788549" lon="5.462862">
        <ele>1490.516494</ele>

      </trkpt>
      <trkpt lat="44.788565" lon="5.462872">
        <ele>1490.720163</ele>

      </trkpt>
      <trkpt lat="44.788597" lon="5.462895">
        <ele>1491.138158</ele>

      </trkpt>
      <trkpt lat="44.788626" lon="5.462913">
        <ele>1491.506889</ele>

      </trkpt>
      <trkpt lat="44.788643" lon="5.462952">
        <ele>1491.884853</ele>

      </trkpt>
      <trkpt lat="44.788642" lon="5.462948">
        <ele>1491.919875</ele>

      </trkpt>
      <trkpt lat="44.788652" lon="5.462888">
        <ele>1492.428842</ele>

      </trkpt>
      <trkpt lat="44.788678" lon="5.462901">
        <ele>1492.749860</ele>

      </trkpt>
      <trkpt lat="44.788681" lon="5.462909">
        <ele>1492.824580</ele>

      </trkpt>
      <trkpt lat="44.788666" lon="5.462915">
        <ele>1493.006016</ele>

      </trkpt>
      <trkpt lat="44.788626" lon="5.462916">
        <ele>1493.471526</ele>

      </trkpt>
      <trkpt lat="44.788599" lon="5.462918">
        <ele>1493.786130</ele>

      </trkpt>
      <trkpt lat="44.788586" lon="5.462916">
        <ele>1493.938296</ele>

      </trkpt>
      <trkpt lat="44.788591" lon="5.462922">
        <ele>1494.014715</ele>

      </trkpt>
      <trkpt lat="44.788632" lon="5.462927">
        <ele>1494.531434</ele>

      </trkpt>
      <trkpt lat="44.788649" lon="5.462936">
        <ele>1494.824593</ele>

      </trkpt>
      <trkpt lat="44.788675" lon="5.462945">
        <ele>1495.256787</ele>

      </trkpt>
      <trkpt lat="44.788684" lon="5.462945">
        <ele>1495.402072</ele>

      </trkpt>
      <trkpt lat="44.788686" lon="5.462946">
        <ele>1495.436330</ele>

      </trkpt>
      <trkpt lat="44.788694" lon="5.462959">
        <ele>1495.633460</ele>

      </trkpt>
      <trkpt lat="44.788682" lon="5.462959">
        <ele>1495.827174</ele>

      </trkpt>
      <trkpt lat="44.788664" lon="5.462950">
        <ele>1496.135497</ele>

      </trkpt>
      <trkpt lat="44.788660" lon="5.462945">
        <ele>1496.221816</ele>

      </trkpt>
      <trkpt lat="44.788666" lon="5.462937">
        <ele>1496.355164</ele>

      </trkpt>
      <trkpt lat="44.788664" lon="5.462933">
        <ele>1496.411222</ele>

      </trkpt>
      <trkpt lat="44.788675" lon="5.462929">
        <ele>1496.594611</ele>

      </trkpt>
      <trkpt lat="44.788663" lon="5.462996">
        <ele>1497.386277</ele>

      </trkpt>
      <trkpt lat="44.788664" lon="5.462988">
        <ele>1497.479342</ele>

      </trkpt>
      <trkpt lat="44.788760" lon="5.462940">
        <ele>1499.123732</ele>

      </trkpt>
      <trkpt lat="44.788820" lon="5.462954">
        <ele>1500.105493</ele>

      </trkpt>
      <trkpt lat="44.788735" lon="5.462967">
        <ele>1501.485693</ele>

      </trkpt>
      <trkpt lat="44.788687" lon="5.462949">
        <ele>1502.287521</ele>

      </trkpt>
      <trkpt lat="44.788676" lon="5.462945">
        <ele>1502.470910</ele>

      </trkpt>
      <trkpt lat="44.788684" lon="5.462943">
        <ele>1502.602070</ele>

      </trkpt>
      <trkpt lat="44.788688" lon="5.462941">
        <ele>1502.670586</ele>

      </trkpt>
      <trkpt lat="44.788695" lon="5.462970">
        <ele>1503.021521</ele>

      </trkpt>
      <trkpt lat="44.788687" lon="5.462982">
        <ele>1503.210145</ele>

      </trkpt>
      <trkpt lat="44.788647" lon="5.462965">
        <ele>1503.884591</ele>

      </trkpt>
      <trkpt lat="44.788656" lon="5.462955">
        <ele>1504.069614</ele>

      </trkpt>
      <trkpt lat="44.788680" lon="5.462978">
        <ele>1504.538160</ele>

      </trkpt>
      <trkpt lat="44.788698" lon="5.462993">
        <ele>1504.875746</ele>

      </trkpt>
      <trkpt lat="44.788699" lon="5.462993">
        <ele>1504.891889</ele>

      </trkpt>
      <trkpt lat="44.788698" lon="5.462993">
        <ele>1504.908032</ele>

      </trkpt>
      <trkpt lat="44.788706" lon="5.463001">
        <ele>1505.066393</ele>

      </trkpt>
      <trkpt lat="44.788736" lon="5.463036">
        <ele>1505.695138</ele>

      </trkpt>
      <trkpt lat="44.788738" lon="5.463058">
        <ele>1505.949245</ele>

      </trkpt>
      <trkpt lat="44.788739" lon="5.463078">
        <ele>1506.178947</ele>

      </trkpt>
      <trkpt lat="44.788732" lon="5.463113">
        <ele>1506.595550</ele>

      </trkpt>
      <trkpt lat="44.788728" lon="5.463120">
        <ele>1506.698511</ele>

      </trkpt>
      <trkpt lat="44.788717" lon="5.463154">
        <ele>1507.126605</ele>

      </trkpt>
      <trkpt lat="44.788712" lon="5.463190">
        <ele>1507.546870</ele>

      </trkpt>
      <trkpt lat="44.788728" lon="5.463214">
        <ele>1507.924117</ele>

      </trkpt>
      <trkpt lat="44.788745" lon="5.463218">
        <ele>1508.202345</ele>

      </trkpt>
      <trkpt lat="44.788760" lon="5.463215">
        <ele>1508.446914</ele>

      </trkpt>
      <trkpt lat="44.788766" lon="5.463221">
        <ele>1508.565685</ele>

      </trkpt>
      <trkpt lat="44.788772" lon="5.463225">
        <ele>1508.672836</ele>

      </trkpt>
      <trkpt lat="44.788771" lon="5.463241">
        <ele>1508.856853</ele>

      </trkpt>
      <trkpt lat="44.788726" lon="5.463293">
        <ele>1509.796328</ele>

      </trkpt>
      <trkpt lat="44.788720" lon="5.463299">
        <ele>1509.915099</ele>

      </trkpt>
      <trkpt lat="44.788672" lon="5.463335">
        <ele>1510.792886</ele>

      </trkpt>
      <trkpt lat="44.788642" lon="5.463347">
        <ele>1511.296307</ele>

      </trkpt>
      <trkpt lat="44.788639" lon="5.463346">
        <ele>1511.346072</ele>

      </trkpt>
      <trkpt lat="44.788598" lon="5.463377">
        <ele>1512.097198</ele>

      </trkpt>
      <trkpt lat="44.788595" lon="5.463381">
        <ele>1512.163872</ele>

      </trkpt>
      <trkpt lat="44.788597" lon="5.463382">
        <ele>1512.198131</ele>

      </trkpt>
      <trkpt lat="44.788604" lon="5.463379">
        <ele>1512.316242</ele>

      </trkpt>
      <trkpt lat="44.788602" lon="5.463383">
        <ele>1512.372300</ele>

      </trkpt>
      <trkpt lat="44.788628" lon="5.463385">
        <ele>1512.792638</ele>

      </trkpt>
      <trkpt lat="44.788632" lon="5.463379">
        <ele>1512.886950</ele>

      </trkpt>
      <trkpt lat="44.788633" lon="5.463375">
        <ele>1512.935537</ele>

      </trkpt>
      <trkpt lat="44.788637" lon="5.463373">
        <ele>1513.004053</ele>

      </trkpt>
      <trkpt lat="44.788649" lon="5.463388">
        <ele>1513.263008</ele>

      </trkpt>
      <trkpt lat="44.788663" lon="5.463411">
        <ele>1513.610155</ele>

      </trkpt>
      <trkpt lat="44.788670" lon="5.463418">
        <ele>1513.748721</ele>

      </trkpt>
      <trkpt lat="44.788688" lon="5.463428">
        <ele>1514.061062</ele>

      </trkpt>
      <trkpt lat="44.788697" lon="5.463462">
        <ele>1514.476803</ele>

      </trkpt>
      <trkpt lat="44.788704" lon="5.463498">
        <ele>1514.904444</ele>

      </trkpt>
      <trkpt lat="44.788711" lon="5.463510">
        <ele>1515.082405</ele>

      </trkpt>
      <trkpt lat="44.788761" lon="5.463578">
        <ele>1516.204192</ele>

      </trkpt>
      <trkpt lat="44.788765" lon="5.463583">
        <ele>1516.290510</ele>

      </trkpt>
      <trkpt lat="44.788767" lon="5.463598">
        <ele>1516.465367</ele>

      </trkpt>
      <trkpt lat="44.788771" lon="5.463624">
        <ele>1516.770160</ele>

      </trkpt>
      <trkpt lat="44.788762" lon="5.463657">
        <ele>1517.175186</ele>

      </trkpt>
      <trkpt lat="44.788765" lon="5.463681">
        <ele>1517.454379</ele>

      </trkpt>
      <trkpt lat="44.788768" lon="5.463706">
        <ele>1517.744862</ele>

      </trkpt>
      <trkpt lat="44.788774" lon="5.463716">
        <ele>1517.894885</ele>

      </trkpt>
      <trkpt lat="44.788786" lon="5.463729">
        <ele>1518.139236</ele>

      </trkpt>
      <trkpt lat="44.788819" lon="5.463751">
        <ele>1518.728567</ele>

      </trkpt>
      <trkpt lat="44.788831" lon="5.463755">
        <ele>1518.927628</ele>

      </trkpt>
      <trkpt lat="44.788871" lon="5.463773">
        <ele>1519.605472</ele>

      </trkpt>
      <trkpt lat="44.788947" lon="5.463800">
        <ele>1520.870722</ele>

      </trkpt>
      <trkpt lat="44.789174" lon="5.463893">
        <ele>1524.217025</ele>

      </trkpt>
      <trkpt lat="44.789229" lon="5.463898">
        <ele>1524.773857</ele>

      </trkpt>
      <trkpt lat="44.789240" lon="5.463890">
        <ele>1524.898923</ele>

      </trkpt>
      <trkpt lat="44.789263" lon="5.463896">
        <ele>1525.135246</ele>

      </trkpt>
      <trkpt lat="44.789264" lon="5.463900">
        <ele>1525.165654</ele>

      </trkpt>
      <trkpt lat="44.789241" lon="5.463909">
        <ele>1525.406822</ele>

      </trkpt>
      <trkpt lat="44.789230" lon="5.463910">
        <ele>1525.518189</ele>

      </trkpt>
      <trkpt lat="44.789233" lon="5.463913">
        <ele>1525.555356</ele>

      </trkpt>
      <trkpt lat="44.789210" lon="5.463910">
        <ele>1525.788723</ele>

      </trkpt>
      <trkpt lat="44.789191" lon="5.463907">
        <ele>1525.981886</ele>

      </trkpt>
      <trkpt lat="44.789174" lon="5.463906">
        <ele>1526.153790</ele>

      </trkpt>
      <trkpt lat="44.789169" lon="5.463909">
        <ele>1526.208695</ele>

      </trkpt>
      <trkpt lat="44.789124" lon="5.463898">
        <ele>1526.670131</ele>

      </trkpt>
      <trkpt lat="44.789130" lon="5.463897">
        <ele>1526.731173</ele>

      </trkpt>
      <trkpt lat="44.789025" lon="5.463882">
        <ele>1527.797448</ele>

      </trkpt>
      <trkpt lat="44.788972" lon="5.463879">
        <ele>1528.333351</ele>

      </trkpt>
      <trkpt lat="44.788892" lon="5.463874">
        <ele>1529.142402</ele>

      </trkpt>
      <trkpt lat="44.788894" lon="5.463866">
        <ele>1529.203220</ele>

      </trkpt>
      <trkpt lat="44.788895" lon="5.463864">
        <ele>1529.220762</ele>

      </trkpt>
      <trkpt lat="44.788895" lon="5.463867">
        <ele>1529.242273</ele>

      </trkpt>
      <trkpt lat="44.788890" lon="5.463868">
        <ele>1529.293295</ele>

      </trkpt>
      <trkpt lat="44.788884" lon="5.463876">
        <ele>1529.376753</ele>

      </trkpt>
      <trkpt lat="44.788833" lon="5.463950">
        <ele>1530.116373</ele>

      </trkpt>
      <trkpt lat="44.788795" lon="5.463981">
        <ele>1530.560000</ele>

      </trkpt>
      <trkpt lat="44.788806" lon="5.463984">
        <ele>1530.673198</ele>

      </trkpt>
      <trkpt lat="44.788797" lon="5.463984">
        <ele>1530.764127</ele>

      </trkpt>
      <trkpt lat="44.788793" lon="5.463962">
        <ele>1530.926969</ele>

      </trkpt>
      <trkpt lat="44.788796" lon="5.463963">
        <ele>1530.958115</ele>

      </trkpt>
      <trkpt lat="44.788824" lon="5.463956">
        <ele>1531.245423</ele>

      </trkpt>
      <trkpt lat="44.788827" lon="5.463955">
        <ele>1531.276569</ele>

      </trkpt>
      <trkpt lat="44.788886" lon="5.463979">
        <ele>1531.897002</ele>

      </trkpt>
      <trkpt lat="44.788934" lon="5.463997">
        <ele>1532.398837</ele>

      </trkpt>
      <trkpt lat="44.788971" lon="5.464003">
        <ele>1532.775124</ele>

      </trkpt>
      <trkpt lat="44.788993" lon="5.464005">
        <ele>1532.997857</ele>

      </trkpt>
      <trkpt lat="44.789001" lon="5.464020">
        <ele>1533.132396</ele>

      </trkpt>
      <trkpt lat="44.789044" lon="5.464069">
        <ele>1533.691127</ele>

      </trkpt>
      <trkpt lat="44.789139" lon="5.464141">
        <ele>1534.780967</ele>

      </trkpt>
      <trkpt lat="44.789149" lon="5.464149">
        <ele>1534.897148</ele>

      </trkpt>
      <trkpt lat="44.789161" lon="5.464159">
        <ele>1535.038003</ele>

      </trkpt>
      <trkpt lat="44.789195" lon="5.464181">
        <ele>1535.416001</ele>

      </trkpt>
      <trkpt lat="44.789209" lon="5.464181">
        <ele>1535.557446</ele>

      </trkpt>
      <trkpt lat="44.789215" lon="5.464189">
        <ele>1535.640903</ele>

      </trkpt>
      <trkpt lat="44.789240" lon="5.464197">
        <ele>1535.899915</ele>

      </trkpt>
      <trkpt lat="44.789247" lon="5.464199">
        <ele>1535.972077</ele>

      </trkpt>
      <trkpt lat="44.789287" lon="5.464221">
        <ele>1536.405901</ele>

      </trkpt>
      <trkpt lat="44.789311" lon="5.464247">
        <ele>1536.711761</ele>

      </trkpt>
      <trkpt lat="44.789320" lon="5.464259">
        <ele>1536.836947</ele>

      </trkpt>
      <trkpt lat="44.789349" lon="5.464275">
        <ele>1537.151600</ele>

      </trkpt>
      <trkpt lat="44.789357" lon="5.464279">
        <ele>1537.237364</ele>

      </trkpt>
      <trkpt lat="44.789365" lon="5.464283">
        <ele>1537.323128</ele>

      </trkpt>
      <trkpt lat="44.789402" lon="5.464340">
        <ele>1537.877005</ele>

      </trkpt>
      <trkpt lat="44.789418" lon="5.464365">
        <ele>1538.118385</ele>

      </trkpt>
      <trkpt lat="44.789448" lon="5.464384">
        <ele>1538.450691</ele>

      </trkpt>
      <trkpt lat="44.789510" lon="5.464399">
        <ele>1539.086257</ele>

      </trkpt>
      <trkpt lat="44.789533" lon="5.464423">
        <ele>1539.375413</ele>

      </trkpt>
      <trkpt lat="44.789522" lon="5.464426">
        <ele>1539.488610</ele>

      </trkpt>
      <trkpt lat="44.789510" lon="5.464445">
        <ele>1539.670980</ele>

      </trkpt>
      <trkpt lat="44.789523" lon="5.464451">
        <ele>1539.809188</ele>

      </trkpt>
      <trkpt lat="44.789563" lon="5.464414">
        <ele>1540.292617</ele>

      </trkpt>
      <trkpt lat="44.789589" lon="5.464415">
        <ele>1540.555399</ele>

      </trkpt>
      <trkpt lat="44.789622" lon="5.464417">
        <ele>1540.889113</ele>

      </trkpt>
      <trkpt lat="44.789674" lon="5.464438">
        <ele>1541.435632</ele>

      </trkpt>
      <trkpt lat="44.789717" lon="5.464469">
        <ele>1541.983550</ele>

      </trkpt>
      <trkpt lat="44.789816" lon="5.464541">
        <ele>1543.319539</ele>

      </trkpt>
      <trkpt lat="44.789824" lon="5.464545">
        <ele>1543.421334</ele>

      </trkpt>
      <trkpt lat="44.789855" lon="5.464587">
        <ele>1543.937044</ele>

      </trkpt>
      <trkpt lat="44.789852" lon="5.464584">
        <ele>1543.981158</ele>

      </trkpt>
      <trkpt lat="44.789880" lon="5.464583">
        <ele>1544.317034</ele>

      </trkpt>
      <trkpt lat="44.789892" lon="5.464580">
        <ele>1544.463182</ele>

      </trkpt>
      <trkpt lat="44.789951" lon="5.464569">
        <ele>1545.176861</ele>

      </trkpt>
      <trkpt lat="44.789974" lon="5.464564">
        <ele>1545.455934</ele>

      </trkpt>
      <trkpt lat="44.790035" lon="5.464541">
        <ele>1546.213166</ele>

      </trkpt>
      <trkpt lat="44.790045" lon="5.464530">
        <ele>1546.365297</ele>

      </trkpt>
      <trkpt lat="44.790085" lon="5.464530">
        <ele>1546.844966</ele>

      </trkpt>
      <trkpt lat="44.790101" lon="5.464547">
        <ele>1547.085268</ele>

      </trkpt>
      <trkpt lat="44.790169" lon="5.464587">
        <ele>1547.968909</ele>

      </trkpt>
      <trkpt lat="44.790222" lon="5.464609">
        <ele>1548.631475</ele>

      </trkpt>
      <trkpt lat="44.790219" lon="5.464628">
        <ele>1548.797127</ele>

      </trkpt>
      <trkpt lat="44.790229" lon="5.464630">
        <ele>1548.918246</ele>

      </trkpt>
      <trkpt lat="44.790303" lon="5.464638">
        <ele>1549.808242</ele>

      </trkpt>
      <trkpt lat="44.790382" lon="5.464701">
        <ele>1550.896786</ele>

      </trkpt>
      <trkpt lat="44.790419" lon="5.464734">
        <ele>1551.421893</ele>

      </trkpt>
      <trkpt lat="44.790433" lon="5.464737">
        <ele>1551.591708</ele>

      </trkpt>
      <trkpt lat="44.790433" lon="5.464733">
        <ele>1551.625749</ele>

      </trkpt>
      <trkpt lat="44.790453" lon="5.464754">
        <ele>1551.924849</ele>

      </trkpt>
      <trkpt lat="44.790450" lon="5.464745">
        <ele>1552.009470</ele>

      </trkpt>
      <trkpt lat="44.790447" lon="5.464749">
        <ele>1552.058999</ele>

      </trkpt>
      <trkpt lat="44.790468" lon="5.464770">
        <ele>1552.367797</ele>

      </trkpt>
      <trkpt lat="44.790486" lon="5.464778">
        <ele>1552.594131</ele>

      </trkpt>
      <trkpt lat="44.790552" lon="5.464791">
        <ele>1553.393281</ele>

      </trkpt>
      <trkpt lat="44.790565" lon="5.464788">
        <ele>1553.551250</ele>

      </trkpt>
      <trkpt lat="44.790578" lon="5.464777">
        <ele>1553.733091</ele>

      </trkpt>
      <trkpt lat="44.790585" lon="5.464785">
        <ele>1553.841172</ele>

      </trkpt>
      <trkpt lat="44.790656" lon="5.464842">
        <ele>1554.821079</ele>

      </trkpt>
      <trkpt lat="44.790701" lon="5.464843">
        <ele>1555.360774</ele>

      </trkpt>
      <trkpt lat="44.790709" lon="5.464791">
        <ele>1555.813591</ele>

      </trkpt>
      <trkpt lat="44.790716" lon="5.464785">
        <ele>1555.911844</ele>

      </trkpt>
      <trkpt lat="44.790768" lon="5.464725">
        <ele>1556.717805</ele>

      </trkpt>
      <trkpt lat="44.790773" lon="5.464726">
        <ele>1556.778364</ele>

      </trkpt>
      <trkpt lat="44.790824" lon="5.464702">
        <ele>1557.423147</ele>

      </trkpt>
      <trkpt lat="44.790841" lon="5.464698">
        <ele>1557.629829</ele>

      </trkpt>
      <trkpt lat="44.790851" lon="5.464696">
        <ele>1557.750948</ele>

      </trkpt>
      <trkpt lat="44.790882" lon="5.464695">
        <ele>1558.122789</ele>

      </trkpt>
      <trkpt lat="44.790888" lon="5.464693">
        <ele>1558.196726</ele>

      </trkpt>
      <trkpt lat="44.790937" lon="5.464678">
        <ele>1558.798027</ele>

      </trkpt>
      <trkpt lat="44.790949" lon="5.464676">
        <ele>1558.942931</ele>

      </trkpt>
      <trkpt lat="44.791015" lon="5.464659">
        <ele>1559.747500</ele>

      </trkpt>
      <trkpt lat="44.791034" lon="5.464645">
        <ele>1560.004614</ele>

      </trkpt>
      <trkpt lat="44.791042" lon="5.464644">
        <ele>1560.100924</ele>

      </trkpt>
      <trkpt lat="44.791049" lon="5.464672">
        <ele>1560.353566</ele>

      </trkpt>
      <trkpt lat="44.791053" lon="5.464685">
        <ele>1560.474150</ele>

      </trkpt>
      <trkpt lat="44.791052" lon="5.464702">
        <ele>1560.619322</ele>

      </trkpt>
      <trkpt lat="44.791062" lon="5.464765">
        <ele>1561.168717</ele>

      </trkpt>
      <trkpt lat="44.791049" lon="5.464735">
        <ele>1561.467858</ele>

      </trkpt>
      <trkpt lat="44.791010" lon="5.464642">
        <ele>1562.387167</ele>

      </trkpt>
      <trkpt lat="44.791009" lon="5.464607">
        <ele>1562.685269</ele>

      </trkpt>
      <trkpt lat="44.791027" lon="5.464585">
        <ele>1562.971006</ele>

      </trkpt>
      <trkpt lat="44.791027" lon="5.464591">
        <ele>1563.022067</ele>

      </trkpt>
      <trkpt lat="44.791025" lon="5.464604">
        <ele>1563.135271</ele>

      </trkpt>
      <trkpt lat="44.791027" lon="5.464629">
        <ele>1563.211888</ele>

      </trkpt>
      <trkpt lat="44.791063" lon="5.464659">
        <ele>1563.324836</ele>

      </trkpt>
      <trkpt lat="44.791090" lon="5.464642">
        <ele>1563.404698</ele>

      </trkpt>
      <trkpt lat="44.791107" lon="5.464633">
        <ele>1563.453740</ele>

      </trkpt>
      <trkpt lat="44.791134" lon="5.464625">
        <ele>1563.528248</ele>

      </trkpt>
      <trkpt lat="44.791172" lon="5.464614">
        <ele>1563.633011</ele>

      </trkpt>
      <trkpt lat="44.791185" lon="5.464611">
        <ele>1563.668586</ele>

      </trkpt>
      <trkpt lat="44.791207" lon="5.464602">
        <ele>1563.730450</ele>

      </trkpt>
      <trkpt lat="44.791207" lon="5.464600">
        <ele>1563.734283</ele>

      </trkpt>
      <trkpt lat="44.791224" lon="5.464603">
        <ele>1563.780551</ele>

      </trkpt>
      <trkpt lat="44.791231" lon="5.464603">
        <ele>1563.799454</ele>

      </trkpt>
      <trkpt lat="44.791261" lon="5.464604">
        <ele>1563.880493</ele>

      </trkpt>
      <trkpt lat="44.791306" lon="5.464614">
        <ele>1564.003518</ele>

      </trkpt>
      <trkpt lat="44.791315" lon="5.464614">
        <ele>1564.027823</ele>

      </trkpt>
      <trkpt lat="44.791322" lon="5.464615">
        <ele>1564.046823</ele>

      </trkpt>
      <trkpt lat="44.791366" lon="5.464604">
        <ele>1564.167502</ele>

      </trkpt>
      <trkpt lat="44.791385" lon="5.464604">
        <ele>1564.218812</ele>

      </trkpt>
      <trkpt lat="44.791412" lon="5.464591">
        <ele>1564.295865</ele>

      </trkpt>
      <trkpt lat="44.791439" lon="5.464593">
        <ele>1564.368880</ele>

      </trkpt>
      <trkpt lat="44.791473" lon="5.464597">
        <ele>1564.461017</ele>

      </trkpt>
      <trkpt lat="44.791548" lon="5.464580">
        <ele>1564.666159</ele>

      </trkpt>
      <trkpt lat="44.791613" lon="5.464539">
        <ele>1564.858478</ele>

      </trkpt>
      <trkpt lat="44.791663" lon="5.464527">
        <ele>1564.995448</ele>

      </trkpt>
      <trkpt lat="44.791672" lon="5.464528">
        <ele>1565.019828</ele>

      </trkpt>
      <trkpt lat="44.791727" lon="5.464525">
        <ele>1565.168468</ele>

      </trkpt>
      <trkpt lat="44.791763" lon="5.464529">
        <ele>1565.265989</ele>

      </trkpt>
      <trkpt lat="44.791824" lon="5.464544">
        <ele>1565.433210</ele>

      </trkpt>
      <trkpt lat="44.791833" lon="5.464545">
        <ele>1565.457590</ele>

      </trkpt>
      <trkpt lat="44.791836" lon="5.464544">
        <ele>1565.465915</ele>

      </trkpt>
      <trkpt lat="44.791854" lon="5.464541">
        <ele>1565.514863</ele>

      </trkpt>
      <trkpt lat="44.791864" lon="5.464537">
        <ele>1565.542936</ele>

      </trkpt>
      <trkpt lat="44.791931" lon="5.464500">
        <ele>1565.737269</ele>

      </trkpt>
      <trkpt lat="44.791955" lon="5.464491">
        <ele>1565.804338</ele>

      </trkpt>
      <trkpt lat="44.792025" lon="5.464489">
        <ele>1565.993413</ele>

      </trkpt>
      <trkpt lat="44.792048" lon="5.464477">
        <ele>1566.059646</ele>

      </trkpt>
      <trkpt lat="44.792065" lon="5.464452">
        <ele>1566.126002</ele>

      </trkpt>
      <trkpt lat="44.792081" lon="5.464441">
        <ele>1566.174079</ele>

      </trkpt>
      <trkpt lat="44.792142" lon="5.464397">
        <ele>1566.359139</ele>

      </trkpt>
      <trkpt lat="44.792197" lon="5.464373">
        <ele>1566.514626</ele>

      </trkpt>
      <trkpt lat="44.792217" lon="5.464369">
        <ele>1566.569178</ele>

      </trkpt>
      <trkpt lat="44.792233" lon="5.464374">
        <ele>1566.613436</ele>

      </trkpt>
      <trkpt lat="44.792272" lon="5.464375">
        <ele>1566.718774</ele>

      </trkpt>
      <trkpt lat="44.792290" lon="5.464377">
        <ele>1566.767534</ele>

      </trkpt>
      <trkpt lat="44.792383" lon="5.464401">
        <ele>1567.022859</ele>

      </trkpt>
      <trkpt lat="44.792420" lon="5.464394">
        <ele>1567.123675</ele>

      </trkpt>
      <trkpt lat="44.792462" lon="5.464356">
        <ele>1567.258464</ele>

      </trkpt>
      <trkpt lat="44.792495" lon="5.464316">
        <ele>1567.376016</ele>

      </trkpt>
      <trkpt lat="44.792520" lon="5.464322">
        <ele>1567.444501</ele>

      </trkpt>
      <trkpt lat="44.792519" lon="5.464313">
        <ele>1567.461959</ele>

      </trkpt>
      <trkpt lat="44.792533" lon="5.464325">
        <ele>1567.506212</ele>

      </trkpt>
      <trkpt lat="44.792569" lon="5.464355">
        <ele>1567.619159</ele>

      </trkpt>
      <trkpt lat="44.792581" lon="5.464352">
        <ele>1567.652071</ele>

      </trkpt>
      <trkpt lat="44.792582" lon="5.464388">
        <ele>1567.721116</ele>

      </trkpt>
      <trkpt lat="44.792580" lon="5.464391">
        <ele>1567.729004</ele>

      </trkpt>
      <trkpt lat="44.792579" lon="5.464397">
        <ele>1567.740816</ele>

      </trkpt>
      <trkpt lat="44.792577" lon="5.464383">
        <ele>1567.768185</ele>

      </trkpt>
      <trkpt lat="44.792561" lon="5.464373">
        <ele>1567.815452</ele>

      </trkpt>
      <trkpt lat="44.792548" lon="5.464336">
        <ele>1567.894576</ele>

      </trkpt>
      <trkpt lat="44.792570" lon="5.464296">
        <ele>1567.991562</ele>

      </trkpt>
      <trkpt lat="44.792583" lon="5.464248">
        <ele>1568.081907</ele>

      </trkpt>
      <trkpt lat="44.792611" lon="5.464159">
        <ele>1568.243584</ele>

      </trkpt>
      <trkpt lat="44.792637" lon="5.464076">
        <ele>1568.394255</ele>

      </trkpt>
      <trkpt lat="44.792655" lon="5.464000">
        <ele>1568.527314</ele>

      </trkpt>
      <trkpt lat="44.792660" lon="5.464005">
        <ele>1568.541662</ele>

      </trkpt>
      <trkpt lat="44.792649" lon="5.464018">
        <ele>1568.575258</ele>

      </trkpt>
      <trkpt lat="44.792655" lon="5.464021">
        <ele>1568.590157</ele>

      </trkpt>
      <trkpt lat="44.792666" lon="5.464012">
        <ele>1568.619923</ele>

      </trkpt>
      <trkpt lat="44.792664" lon="5.464027">
        <ele>1568.645270</ele>

      </trkpt>
      <trkpt lat="44.792670" lon="5.464036">
        <ele>1568.665777</ele>

      </trkpt>
      <trkpt lat="44.792680" lon="5.464049">
        <ele>1568.697616</ele>

      </trkpt>
      <trkpt lat="44.792684" lon="5.464044">
        <ele>1568.710129</ele>

      </trkpt>
      <trkpt lat="44.792666" lon="5.464036">
        <ele>1568.754298</ele>

      </trkpt>
      <trkpt lat="44.792669" lon="5.464025">
        <ele>1568.773868</ele>

      </trkpt>
      <trkpt lat="44.792677" lon="5.464027">
        <ele>1568.792882</ele>

      </trkpt>
      <trkpt lat="44.792681" lon="5.464031">
        <ele>1568.804360</ele>

      </trkpt>
      <trkpt lat="44.792676" lon="5.464025">
        <ele>1568.819729</ele>

      </trkpt>
      <trkpt lat="44.792668" lon="5.464019">
        <ele>1568.840937</ele>

      </trkpt>
      <trkpt lat="44.792675" lon="5.464014">
        <ele>1568.859302</ele>

      </trkpt>
      <trkpt lat="44.792679" lon="5.464013">
        <ele>1568.868809</ele>

      </trkpt>
      <trkpt lat="44.792701" lon="5.464042">
        <ele>1568.939307</ele>

      </trkpt>
      <trkpt lat="44.792701" lon="5.464053">
        <ele>1568.957575</ele>

      </trkpt>
      <trkpt lat="44.792696" lon="5.464062">
        <ele>1568.976557</ele>

      </trkpt>
      <trkpt lat="44.792692" lon="5.464069">
        <ele>1568.991482</ele>

      </trkpt>
      <trkpt lat="44.792695" lon="5.464071">
        <ele>1568.999249</ele>

      </trkpt>
      <trkpt lat="44.792703" lon="5.464059">
        <ele>1569.026592</ele>

      </trkpt>
      <trkpt lat="44.792708" lon="5.464048">
        <ele>1569.048286</ele>

      </trkpt>
      <trkpt lat="44.792701" lon="5.464052">
        <ele>1569.065963</ele>

      </trkpt>
      <trkpt lat="44.792701" lon="5.464049">
        <ele>1569.070945</ele>

      </trkpt>
      <trkpt lat="44.792700" lon="5.464048">
        <ele>1569.073814</ele>

      </trkpt>
      <trkpt lat="44.792710" lon="5.464066">
        <ele>1569.111778</ele>

      </trkpt>
      <trkpt lat="44.792710" lon="5.464062">
        <ele>1569.118421</ele>

      </trkpt>
      <trkpt lat="44.792707" lon="5.464053">
        <ele>1569.134934</ele>

      </trkpt>
      <trkpt lat="44.792669" lon="5.463996">
        <ele>1569.264813</ele>

      </trkpt>
      <trkpt lat="44.792642" lon="5.463985">
        <ele>1569.330585</ele>

      </trkpt>
      <trkpt lat="44.792625" lon="5.463984">
        <ele>1569.370402</ele>

      </trkpt>
      <trkpt lat="44.792627" lon="5.464015">
        <ele>1569.422097</ele>

      </trkpt>
      <trkpt lat="44.792626" lon="5.464038">
        <ele>1569.460365</ele>

      </trkpt>
      <trkpt lat="44.792628" lon="5.464037">
        <ele>1569.465332</ele>

      </trkpt>
      <trkpt lat="44.792616" lon="5.464001">
        <ele>1569.531384</ele>

      </trkpt>
      <trkpt lat="44.792617" lon="5.463967">
        <ele>1569.587897</ele>

      </trkpt>
      <trkpt lat="44.792631" lon="5.463981">
        <ele>1569.628071</ele>

      </trkpt>
      <trkpt lat="44.792629" lon="5.463981">
        <ele>1569.632752</ele>

      </trkpt>
      <trkpt lat="44.792645" lon="5.463994">
        <ele>1569.675972</ele>

      </trkpt>
      <trkpt lat="44.792655" lon="5.464001">
        <ele>1569.702102</ele>

      </trkpt>
      <trkpt lat="44.792650" lon="5.464007">
        <ele>1569.717471</ele>

      </trkpt>
      <trkpt lat="44.792651" lon="5.463999">
        <ele>1569.730961</ele>

      </trkpt>
      <trkpt lat="44.792623" lon="5.463947">
        <ele>1569.839364</ele>

      </trkpt>
      <trkpt lat="44.792634" lon="5.464009">
        <ele>1569.945498</ele>

      </trkpt>
      <trkpt lat="44.792639" lon="5.464026">
        <ele>1569.976059</ele>

      </trkpt>
      <trkpt lat="44.792646" lon="5.464044">
        <ele>1570.010146</ele>

      </trkpt>
      <trkpt lat="44.792648" lon="5.464043">
        <ele>1570.015112</ele>

      </trkpt>
      <trkpt lat="44.792649" lon="5.464032">
        <ele>1570.033529</ele>

      </trkpt>
      <trkpt lat="44.792655" lon="5.464010">
        <ele>1570.072670</ele>

      </trkpt>
      <trkpt lat="44.792660" lon="5.463946">
        <ele>1570.179598</ele>

      </trkpt>
      <trkpt lat="44.792659" lon="5.463956">
        <ele>1570.196370</ele>

      </trkpt>
      <trkpt lat="44.792669" lon="5.464009">
        <ele>1570.287446</ele>

      </trkpt>
      <trkpt lat="44.792673" lon="5.464021">
        <ele>1570.309463</ele>

      </trkpt>
      <trkpt lat="44.792674" lon="5.464020">
        <ele>1570.312333</ele>

      </trkpt>
      <trkpt lat="44.792667" lon="5.463998">
        <ele>1570.352373</ele>

      </trkpt>
      <trkpt lat="44.792637" lon="5.464008">
        <ele>1570.424515</ele>

      </trkpt>
      <trkpt lat="44.792641" lon="5.464009">
        <ele>1570.434022</ele>

      </trkpt>
      <trkpt lat="44.792644" lon="5.464009">
        <ele>1570.441043</ele>

      </trkpt>
      <trkpt lat="44.792643" lon="5.464027">
        <ele>1570.471027</ele>

      </trkpt>
      <trkpt lat="44.792646" lon="5.464022">
        <ele>1570.481901</ele>

      </trkpt>
      <trkpt lat="44.792647" lon="5.464019">
        <ele>1570.487405</ele>

      </trkpt>
      <trkpt lat="44.792636" lon="5.464008">
        <ele>1570.518970</ele>

      </trkpt>
      <trkpt lat="44.792644" lon="5.464002">
        <ele>1570.540178</ele>

      </trkpt>
      <trkpt lat="44.792665" lon="5.464034">
        <ele>1570.612561</ele>

      </trkpt>
      <trkpt lat="44.792619" lon="5.464006">
        <ele>1570.729822</ele>

      </trkpt>
      <trkpt lat="44.792608" lon="5.463983">
        <ele>1570.775883</ele>

      </trkpt>
      <trkpt lat="44.792615" lon="5.463993">
        <ele>1570.799210</ele>

      </trkpt>
      <trkpt lat="44.792635" lon="5.464005">
        <ele>1570.850080</ele>

      </trkpt>
      <trkpt lat="44.792635" lon="5.463996">
        <ele>1570.865026</ele>

      </trkpt>
      <trkpt lat="44.792634" lon="5.463992">
        <ele>1570.872069</ele>

      </trkpt>
      <trkpt lat="44.792618" lon="5.463973">
        <ele>1570.921034</ele>

      </trkpt>
      <trkpt lat="44.792613" lon="5.463974">
        <ele>1570.932852</ele>

      </trkpt>
      <trkpt lat="44.792619" lon="5.463981">
        <ele>1570.951081</ele>

      </trkpt>
      <trkpt lat="44.792639" lon="5.463985">
        <ele>1570.998354</ele>

      </trkpt>
      <trkpt lat="44.792632" lon="5.464000">
        <ele>1571.028168</ele>

      </trkpt>
      <trkpt lat="44.792634" lon="5.464006">
        <ele>1571.039177</ele>

      </trkpt>
      <trkpt lat="44.792619" lon="5.463978">
        <ele>1571.097439</ele>

      </trkpt>
      <trkpt lat="44.792620" lon="5.463981">
        <ele>1571.102943</ele>

      </trkpt>
      <trkpt lat="44.792622" lon="5.463986">
        <ele>1571.112475</ele>

      </trkpt>
      <trkpt lat="44.792625" lon="5.464003">
        <ele>1571.141567</ele>

      </trkpt>
      <trkpt lat="44.792639" lon="5.463991">
        <ele>1571.179914</ele>

      </trkpt>
      <trkpt lat="44.792622" lon="5.463999">
        <ele>1571.221857</ele>

      </trkpt>
      <trkpt lat="44.792617" lon="5.463981">
        <ele>1571.253958</ele>

      </trkpt>
      <trkpt lat="44.792622" lon="5.463952">
        <ele>1571.303520</ele>

      </trkpt>
      <trkpt lat="44.792632" lon="5.463966">
        <ele>1571.336508</ele>

      </trkpt>
      <trkpt lat="44.792631" lon="5.463984">
        <ele>1571.366492</ele>

      </trkpt>
      <trkpt lat="44.792627" lon="5.463983">
        <ele>1571.375999</ele>

      </trkpt>
      <trkpt lat="44.792628" lon="5.463978">
        <ele>1571.384626</ele>

      </trkpt>
      <trkpt lat="44.792628" lon="5.463973">
        <ele>1571.392930</ele>

      </trkpt>
      <trkpt lat="44.792654" lon="5.463996">
        <ele>1571.464770</ele>

      </trkpt>
      <trkpt lat="44.792662" lon="5.463998">
        <ele>1571.483784</ele>

      </trkpt>
      <trkpt lat="44.792622" lon="5.464007">
        <ele>1571.578576</ele>

      </trkpt>
      <trkpt lat="44.792606" lon="5.464008">
        <ele>1571.616055</ele>

      </trkpt>
      <trkpt lat="44.792614" lon="5.463983">
        <ele>1571.661599</ele>

      </trkpt>
      <trkpt lat="44.792619" lon="5.463956">
        <ele>1571.707940</ele>

      </trkpt>
      <trkpt lat="44.792601" lon="5.463926">
        <ele>1571.773182</ele>

      </trkpt>
      <trkpt lat="44.792675" lon="5.463931">
        <ele>1571.946553</ele>

      </trkpt>
      <trkpt lat="44.792666" lon="5.463975">
        <ele>1572.022600</ele>

      </trkpt>
      <trkpt lat="44.792639" lon="5.463997">
        <ele>1572.095587</ele>

      </trkpt>
      <trkpt lat="44.792637" lon="5.463998">
        <ele>1572.100553</ele>

      </trkpt>
      <trkpt lat="44.792643" lon="5.463993">
        <ele>1572.116866</ele>

      </trkpt>
      <trkpt lat="44.792623" lon="5.463982">
        <ele>1572.167108</ele>

      </trkpt>
      <trkpt lat="44.792604" lon="5.463980">
        <ele>1572.211695</ele>

      </trkpt>
      <trkpt lat="44.792585" lon="5.463964">
        <ele>1572.267151</ele>

      </trkpt>
      <trkpt lat="44.792591" lon="5.463950">
        <ele>1572.298258</ele>

      </trkpt>
      <trkpt lat="44.792599" lon="5.463965">
        <ele>1572.333947</ele>

      </trkpt>
      <trkpt lat="44.792638" lon="5.463998">
        <ele>1572.455872</ele>

      </trkpt>
      <trkpt lat="44.792633" lon="5.464009">
        <ele>1572.480718</ele>

      </trkpt>
      <trkpt lat="44.792647" lon="5.464026">
        <ele>1572.530250</ele>

      </trkpt>
      <trkpt lat="44.792662" lon="5.464045">
        <ele>1572.584308</ele>

      </trkpt>
      <trkpt lat="44.792671" lon="5.464053">
        <ele>1572.612828</ele>

      </trkpt>
      <trkpt lat="44.792690" lon="5.464037">
        <ele>1572.672152</ele>

      </trkpt>
      <trkpt lat="44.792665" lon="5.464005">
        <ele>1572.762673</ele>

      </trkpt>
      <trkpt lat="44.792662" lon="5.464003">
        <ele>1572.771568</ele>

      </trkpt>
      <trkpt lat="44.792660" lon="5.464000">
        <ele>1572.779397</ele>

      </trkpt>
      <trkpt lat="44.792652" lon="5.463995">
        <ele>1572.802853</ele>

      </trkpt>
      <trkpt lat="44.792647" lon="5.463987">
        <ele>1572.823129</ele>

      </trkpt>
      <trkpt lat="44.792641" lon="5.463980">
        <ele>1572.844006</ele>

      </trkpt>
      <trkpt lat="44.792626" lon="5.464005">
        <ele>1572.906274</ele>

      </trkpt>
      <trkpt lat="44.792621" lon="5.463999">
        <ele>1572.923876</ele>

      </trkpt>
      <trkpt lat="44.792601" lon="5.463984">
        <ele>1572.984599</ele>

      </trkpt>
      <trkpt lat="44.792600" lon="5.463987">
        <ele>1572.990904</ele>

      </trkpt>
      <trkpt lat="44.792650" lon="5.464007">
        <ele>1573.130207</ele>

      </trkpt>
      <trkpt lat="44.792644" lon="5.464012">
        <ele>1573.148890</ele>

      </trkpt>
      <trkpt lat="44.792621" lon="5.463998">
        <ele>1573.216040</ele>

      </trkpt>
      <trkpt lat="44.792607" lon="5.463997">
        <ele>1573.253610</ele>

      </trkpt>
      <trkpt lat="44.792607" lon="5.464000">
        <ele>1573.259316</ele>

      </trkpt>
      <trkpt lat="44.792625" lon="5.464010">
        <ele>1573.311174</ele>

      </trkpt>
      <trkpt lat="44.792627" lon="5.464010">
        <ele>1573.316534</ele>

      </trkpt>
      <trkpt lat="44.792615" lon="5.463997">
        <ele>1573.357103</ele>

      </trkpt>
      <trkpt lat="44.792608" lon="5.463990">
        <ele>1573.380108</ele>

      </trkpt>
      <trkpt lat="44.792604" lon="5.463987">
        <ele>1573.392253</ele>

      </trkpt>
      <trkpt lat="44.792601" lon="5.463987">
        <ele>1573.400293</ele>

      </trkpt>
      <trkpt lat="44.792610" lon="5.463994">
        <ele>1573.427845</ele>

      </trkpt>
      <trkpt lat="44.792620" lon="5.463993">
        <ele>1573.454715</ele>

      </trkpt>
      <trkpt lat="44.792631" lon="5.463993">
        <ele>1573.484197</ele>

      </trkpt>
      <trkpt lat="44.792644" lon="5.463993">
        <ele>1573.519039</ele>

      </trkpt>
      <trkpt lat="44.792655" lon="5.463991">
        <ele>1573.548765</ele>

      </trkpt>
      <trkpt lat="44.792660" lon="5.463983">
        <ele>1573.569041</ele>

      </trkpt>
      <trkpt lat="44.792659" lon="5.463981">
        <ele>1573.573695</ele>

      </trkpt>
      <trkpt lat="44.792658" lon="5.463973">
        <ele>1573.589145</ele>

      </trkpt>
      <trkpt lat="44.792656" lon="5.463982">
        <ele>1573.607083</ele>

      </trkpt>
      <trkpt lat="44.792650" lon="5.463980">
        <ele>1573.623608</ele>

      </trkpt>
      <trkpt lat="44.792628" lon="5.463977">
        <ele>1573.682847</ele>

      </trkpt>
      <trkpt lat="44.792631" lon="5.463977">
        <ele>1573.690888</ele>

      </trkpt>
      <trkpt lat="44.792639" lon="5.463977">
        <ele>1573.712329</ele>

      </trkpt>
      <trkpt lat="44.792643" lon="5.463979">
        <ele>1573.723705</ele>

      </trkpt>
      <trkpt lat="44.792641" lon="5.463979">
        <ele>1573.729065</ele>

      </trkpt>
      <trkpt lat="44.792642" lon="5.463980">
        <ele>1573.732352</ele>

      </trkpt>
      <trkpt lat="44.792640" lon="5.463983">
        <ele>1573.740181</ele>

      </trkpt>
      <trkpt lat="44.792635" lon="5.463989">
        <ele>1573.757783</ele>

      </trkpt>
      <trkpt lat="44.792626" lon="5.463979">
        <ele>1573.788501</ele>

      </trkpt>
      <trkpt lat="44.792624" lon="5.463975">
        <ele>1573.797808</ele>

      </trkpt>
      <trkpt lat="44.792612" lon="5.463949">
        <ele>1573.856799</ele>

      </trkpt>
      <trkpt lat="44.792612" lon="5.463941">
        <ele>1573.872015</ele>

      </trkpt>
      <trkpt lat="44.792647" lon="5.463941">
        <ele>1573.965822</ele>

      </trkpt>
      <trkpt lat="44.792624" lon="5.463960">
        <ele>1574.037278</ele>

      </trkpt>
      <trkpt lat="44.792622" lon="5.463963">
        <ele>1574.045107</ele>

      </trkpt>
      <trkpt lat="44.792618" lon="5.463963">
        <ele>1574.055827</ele>

      </trkpt>
      <trkpt lat="44.792625" lon="5.463967">
        <ele>1574.076073</ele>

      </trkpt>
      <trkpt lat="44.792622" lon="5.464016">
        <ele>1574.169618</ele>

      </trkpt>
      <trkpt lat="44.792631" lon="5.463999">
        <ele>1574.209959</ele>

      </trkpt>
      <trkpt lat="44.792642" lon="5.463971">
        <ele>1574.270831</ele>

      </trkpt>
      <trkpt lat="44.792652" lon="5.463953">
        <ele>1574.314310</ele>

      </trkpt>
      <trkpt lat="44.792664" lon="5.463983">
        <ele>1574.379811</ele>

      </trkpt>
      <trkpt lat="44.792676" lon="5.464031">
        <ele>1574.476607</ele>

      </trkpt>
      <trkpt lat="44.792682" lon="5.464004">
        <ele>1574.530421</ele>

      </trkpt>
      <trkpt lat="44.792678" lon="5.463985">
        <ele>1574.568116</ele>

      </trkpt>
      <trkpt lat="44.792675" lon="5.463998">
        <ele>1574.594117</ele>

      </trkpt>
      <trkpt lat="44.792682" lon="5.463998">
        <ele>1574.612878</ele>

      </trkpt>
      <trkpt lat="44.792689" lon="5.463983">
        <ele>1574.647024</ele>

      </trkpt>
      <trkpt lat="44.792686" lon="5.464014">
        <ele>1574.706532</ele>

      </trkpt>
      <trkpt lat="44.792680" lon="5.464028">
        <ele>1574.737640</ele>

      </trkpt>
      <trkpt lat="44.792668" lon="5.463981">
        <ele>1574.832644</ele>

      </trkpt>
      <trkpt lat="44.792670" lon="5.463964">
        <ele>1574.865420</ele>

      </trkpt>
      <trkpt lat="44.792673" lon="5.464009">
        <ele>1574.951388</ele>

      </trkpt>
      <trkpt lat="44.792677" lon="5.464007">
        <ele>1574.962763</ele>

      </trkpt>
      <trkpt lat="44.792674" lon="5.463962">
        <ele>1575.048731</ele>

      </trkpt>
      <trkpt lat="44.792671" lon="5.464031">
        <ele>1575.180217</ele>

      </trkpt>
      <trkpt lat="44.792679" lon="5.464030">
        <ele>1575.201742</ele>

      </trkpt>
      <trkpt lat="44.792680" lon="5.464032">
        <ele>1575.206396</ele>

      </trkpt>
      <trkpt lat="44.792681" lon="5.464033">
        <ele>1575.209682</ele>

      </trkpt>
      <trkpt lat="44.792706" lon="5.463995">
        <ele>1575.308239</ele>

      </trkpt>
      <trkpt lat="44.792639" lon="5.463985">
        <ele>1575.488816</ele>

      </trkpt>
      <trkpt lat="44.792650" lon="5.464005">
        <ele>1575.536944</ele>

      </trkpt>
      <trkpt lat="44.792677" lon="5.464015">
        <ele>1575.611766</ele>

      </trkpt>
      <trkpt lat="44.792703" lon="5.464011">
        <ele>1575.681865</ele>

      </trkpt>
      <trkpt lat="44.792700" lon="5.464019">
        <ele>1575.699075</ele>

      </trkpt>
      <trkpt lat="44.792698" lon="5.464022">
        <ele>1575.706904</ele>

      </trkpt>
      <trkpt lat="44.792698" lon="5.464026">
        <ele>1575.714512</ele>

      </trkpt>
      <trkpt lat="44.792695" lon="5.464050">
        <ele>1575.760863</ele>

      </trkpt>
      <trkpt lat="44.792683" lon="5.464000">
        <ele>1575.861256</ele>

      </trkpt>
      <trkpt lat="44.792684" lon="5.464002">
        <ele>1575.865909</ele>

      </trkpt>
      <trkpt lat="44.792677" lon="5.464005">
        <ele>1575.885519</ele>

      </trkpt>
      <trkpt lat="44.792674" lon="5.463988">
        <ele>1575.918838</ele>

      </trkpt>
      <trkpt lat="44.792669" lon="5.463972">
        <ele>1575.952090</ele>

      </trkpt>
      <trkpt lat="44.792670" lon="5.463986">
        <ele>1575.978853</ele>

      </trkpt>
      <trkpt lat="44.792659" lon="5.463993">
        <ele>1576.011202</ele>

      </trkpt>
      <trkpt lat="44.792641" lon="5.464012">
        <ele>1576.071480</ele>

      </trkpt>
      <trkpt lat="44.792640" lon="5.464005">
        <ele>1576.085061</ele>

      </trkpt>
      <trkpt lat="44.792639" lon="5.464003">
        <ele>1576.089714</ele>

      </trkpt>
      <trkpt lat="44.792664" lon="5.463975">
        <ele>1576.175306</ele>

      </trkpt>
      <trkpt lat="44.792682" lon="5.464002">
        <ele>1576.245766</ele>

      </trkpt>
      <trkpt lat="44.792705" lon="5.464026">
        <ele>1576.322472</ele>

      </trkpt>
      <trkpt lat="44.792680" lon="5.464003">
        <ele>1576.402493</ele>

      </trkpt>
      <trkpt lat="44.792662" lon="5.464066">
        <ele>1576.531667</ele>

      </trkpt>
      <trkpt lat="44.792675" lon="5.463998">
        <ele>1576.665616</ele>

      </trkpt>
      <trkpt lat="44.792679" lon="5.463994">
        <ele>1576.678762</ele>

      </trkpt>
      <trkpt lat="44.792685" lon="5.464021">
        <ele>1576.732575</ele>

      </trkpt>
      <trkpt lat="44.792687" lon="5.464025">
        <ele>1576.741882</ele>

      </trkpt>
      <trkpt lat="44.792683" lon="5.464026">
        <ele>1576.752770</ele>

      </trkpt>
      <trkpt lat="44.792666" lon="5.464023">
        <ele>1576.798689</ele>

      </trkpt>
      <trkpt lat="44.792676" lon="5.464042">
        <ele>1576.843681</ele>

      </trkpt>
      <trkpt lat="44.792683" lon="5.464055">
        <ele>1576.874720</ele>

      </trkpt>
      <trkpt lat="44.792676" lon="5.464044">
        <ele>1576.902822</ele>

      </trkpt>
      <trkpt lat="44.792660" lon="5.464034">
        <ele>1576.949734</ele>

      </trkpt>
      <trkpt lat="44.792672" lon="5.464041">
        <ele>1576.984543</ele>

      </trkpt>
      <trkpt lat="44.792681" lon="5.464020">
        <ele>1577.031204</ele>

      </trkpt>
      <trkpt lat="44.792653" lon="5.464008">
        <ele>1577.222068</ele>

      </trkpt>
      <trkpt lat="44.792650" lon="5.463992">
        <ele>1577.323428</ele>

      </trkpt>
      <trkpt lat="44.792662" lon="5.464016">
        <ele>1577.503246</ele>

      </trkpt>
      <trkpt lat="44.792657" lon="5.464037">
        <ele>1577.638914</ele>

      </trkpt>
      <trkpt lat="44.792657" lon="5.464037">
        <ele>1577.638914</ele>

      </trkpt>
      <trkpt lat="44.792657" lon="5.464037">
        <ele>1577.638914</ele>

      </trkpt>
      <trkpt lat="44.792744" lon="5.464145">
        <ele>1578.639598</ele>

      </trkpt>
      <trkpt lat="44.792697" lon="5.464056">
        <ele>1579.319077</ele>

      </trkpt>
      <trkpt lat="44.792678" lon="5.464037">
        <ele>1579.520157</ele>

      </trkpt>
      <trkpt lat="44.792697" lon="5.464071">
        <ele>1579.785216</ele>

      </trkpt>
      <trkpt lat="44.792677" lon="5.464078">
        <ele>1579.963075</ele>

      </trkpt>
      <trkpt lat="44.792645" lon="5.464095">
        <ele>1580.258233</ele>

      </trkpt>
      <trkpt lat="44.792632" lon="5.464114">
        <ele>1580.419884</ele>

      </trkpt>
      <trkpt lat="44.792625" lon="5.464124">
        <ele>1580.505915</ele>

      </trkpt>
      <trkpt lat="44.792619" lon="5.464130">
        <ele>1580.569414</ele>

      </trkpt>
      <trkpt lat="44.792618" lon="5.464135">
        <ele>1580.601231</ele>

      </trkpt>
      <trkpt lat="44.792607" lon="5.464152">
        <ele>1580.742138</ele>

      </trkpt>
      <trkpt lat="44.792590" lon="5.464182">
        <ele>1580.977276</ele>

      </trkpt>
      <trkpt lat="44.792581" lon="5.464200">
        <ele>1581.112139</ele>

      </trkpt>
      <trkpt lat="44.792580" lon="5.464208">
        <ele>1581.161892</ele>

      </trkpt>
      <trkpt lat="44.792561" lon="5.464266">
        <ele>1581.553156</ele>

      </trkpt>
      <trkpt lat="44.792558" lon="5.464279">
        <ele>1581.636884</ele>

      </trkpt>
      <trkpt lat="44.792554" lon="5.464304">
        <ele>1581.793849</ele>

      </trkpt>
      <trkpt lat="44.792559" lon="5.464303">
        <ele>1581.837435</ele>

      </trkpt>
      <trkpt lat="44.792565" lon="5.464339">
        <ele>1582.063930</ele>

      </trkpt>
      <trkpt lat="44.792591" lon="5.464388">
        <ele>1582.438664</ele>

      </trkpt>
      <trkpt lat="44.792620" lon="5.464392">
        <ele>1582.690150</ele>

      </trkpt>
      <trkpt lat="44.792688" lon="5.464434">
        <ele>1583.330939</ele>

      </trkpt>
      <trkpt lat="44.792689" lon="5.464435">
        <ele>1583.341522</ele>

      </trkpt>
      <trkpt lat="44.792729" lon="5.464434">
        <ele>1583.686804</ele>

      </trkpt>
      <trkpt lat="44.792755" lon="5.464424">
        <ele>1583.919410</ele>

      </trkpt>
      <trkpt lat="44.792765" lon="5.464420">
        <ele>1584.009127</ele>

      </trkpt>
      <trkpt lat="44.792818" lon="5.464401">
        <ele>1584.481124</ele>

      </trkpt>
      <trkpt lat="44.792847" lon="5.464403">
        <ele>1584.731714</ele>

      </trkpt>
      <trkpt lat="44.792917" lon="5.464447">
        <ele>1585.393243</ele>

      </trkpt>
      <trkpt lat="44.792942" lon="5.464467">
        <ele>1585.641358</ele>

      </trkpt>
      <trkpt lat="44.792962" lon="5.464470">
        <ele>1585.814947</ele>

      </trkpt>
      <trkpt lat="44.792989" lon="5.464501">
        <ele>1586.115534</ele>

      </trkpt>
      <trkpt lat="44.793011" lon="5.464529">
        <ele>1586.371392</ele>

      </trkpt>
      <trkpt lat="44.793023" lon="5.464540">
        <ele>1586.494945</ele>

      </trkpt>
      <trkpt lat="44.793040" lon="5.464536">
        <ele>1586.643698</ele>

      </trkpt>
      <trkpt lat="44.793068" lon="5.464537">
        <ele>1586.885435</ele>

      </trkpt>
      <trkpt lat="44.793087" lon="5.464545">
        <ele>1587.056582</ele>

      </trkpt>
      <trkpt lat="44.793103" lon="5.464555">
        <ele>1587.207647</ele>

      </trkpt>
      <trkpt lat="44.793129" lon="5.464584">
        <ele>1587.493834</ele>

      </trkpt>
      <trkpt lat="44.793142" lon="5.464605">
        <ele>1587.664515</ele>

      </trkpt>
      <trkpt lat="44.793151" lon="5.464620">
        <ele>1587.784823</ele>

      </trkpt>
      <trkpt lat="44.793160" lon="5.464629">
        <ele>1587.880071</ele>

      </trkpt>
      <trkpt lat="44.793181" lon="5.464629">
        <ele>1588.061315</ele>

      </trkpt>
      <trkpt lat="44.793201" lon="5.464629">
        <ele>1588.233929</ele>

      </trkpt>
      <trkpt lat="44.793237" lon="5.464633">
        <ele>1588.545598</ele>

      </trkpt>
      <trkpt lat="44.793258" lon="5.464645">
        <ele>1588.741178</ele>

      </trkpt>
      <trkpt lat="44.793292" lon="5.464700">
        <ele>1589.187929</ele>

      </trkpt>
      <trkpt lat="44.793286" lon="5.464710">
        <ele>1589.268134</ele>

      </trkpt>
      <trkpt lat="44.793298" lon="5.464753">
        <ele>1589.551132</ele>

      </trkpt>
      <trkpt lat="44.793321" lon="5.464769">
        <ele>1589.772510</ele>

      </trkpt>
      <trkpt lat="44.793367" lon="5.464813">
        <ele>1590.252346</ele>

      </trkpt>
      <trkpt lat="44.793378" lon="5.464816">
        <ele>1590.349046</ele>

      </trkpt>
      <trkpt lat="44.793429" lon="5.464845">
        <ele>1590.823697</ele>

      </trkpt>
      <trkpt lat="44.793454" lon="5.464864">
        <ele>1591.068845</ele>

      </trkpt>
      <trkpt lat="44.793464" lon="5.464872">
        <ele>1591.168091</ele>

      </trkpt>
      <trkpt lat="44.793526" lon="5.464942">
        <ele>1591.853764</ele>

      </trkpt>
      <trkpt lat="44.793534" lon="5.464951">
        <ele>1591.942114</ele>

      </trkpt>
      <trkpt lat="44.793561" lon="5.465000">
        <ele>1592.322075</ele>

      </trkpt>
      <trkpt lat="44.793557" lon="5.465007">
        <ele>1592.377120</ele>

      </trkpt>
      <trkpt lat="44.793577" lon="5.465017">
        <ele>1592.560278</ele>

      </trkpt>
      <trkpt lat="44.793596" lon="5.465025">
        <ele>1592.460426</ele>

      </trkpt>
      <trkpt lat="44.793638" lon="5.465052">
        <ele>1592.133686</ele>

      </trkpt>
      <trkpt lat="44.793678" lon="5.465087">
        <ele>1591.800434</ele>

      </trkpt>
      <trkpt lat="44.793698" lon="5.465114">
        <ele>1591.604400</ele>

      </trkpt>
      <trkpt lat="44.793710" lon="5.465137">
        <ele>1591.461015</ele>

      </trkpt>
      <trkpt lat="44.793721" lon="5.465166">
        <ele>1591.295854</ele>

      </trkpt>
      <trkpt lat="44.793763" lon="5.465240">
        <ele>1590.819917</ele>

      </trkpt>
      <trkpt lat="44.793797" lon="5.465338">
        <ele>1590.272013</ele>

      </trkpt>
      <trkpt lat="44.793806" lon="5.465364">
        <ele>1590.126714</ele>

      </trkpt>
      <trkpt lat="44.793848" lon="5.465418">
        <ele>1589.724306</ele>

      </trkpt>
      <trkpt lat="44.793873" lon="5.465450">
        <ele>1589.485260</ele>

      </trkpt>
      <trkpt lat="44.793896" lon="5.465474">
        <ele>1589.282698</ele>

      </trkpt>
      <trkpt lat="44.793901" lon="5.465479">
        <ele>1589.239303</ele>

      </trkpt>
      <trkpt lat="44.793924" lon="5.465530">
        <ele>1588.935794</ele>

      </trkpt>
      <trkpt lat="44.793926" lon="5.465546">
        <ele>1588.854193</ele>

      </trkpt>
      <trkpt lat="44.793966" lon="5.465596">
        <ele>1588.475747</ele>

      </trkpt>
      <trkpt lat="44.793974" lon="5.465603">
        <ele>1588.409097</ele>

      </trkpt>
      <trkpt lat="44.793981" lon="5.465619">
        <ele>1588.314688</ele>

      </trkpt>
      <trkpt lat="44.793988" lon="5.465630">
        <ele>1588.240477</ele>

      </trkpt>
      <trkpt lat="44.794011" lon="5.465706">
        <ele>1587.825489</ele>

      </trkpt>
      <trkpt lat="44.794039" lon="5.465781">
        <ele>1587.399836</ele>

      </trkpt>
      <trkpt lat="44.794089" lon="5.465864">
        <ele>1586.852998</ele>

      </trkpt>
      <trkpt lat="44.794100" lon="5.465882">
        <ele>1586.733687</ele>

      </trkpt>
      <trkpt lat="44.794116" lon="5.465913">
        <ele>1586.541156</ele>

      </trkpt>
      <trkpt lat="44.794131" lon="5.465952">
        <ele>1586.318350</ele>

      </trkpt>
      <trkpt lat="44.794133" lon="5.465977">
        <ele>1586.191987</ele>

      </trkpt>
      <trkpt lat="44.794136" lon="5.466003">
        <ele>1586.059681</ele>

      </trkpt>
      <trkpt lat="44.794137" lon="5.466018">
        <ele>1585.984009</ele>

      </trkpt>
      <trkpt lat="44.794139" lon="5.466028">
        <ele>1585.931825</ele>

      </trkpt>
      <trkpt lat="44.794147" lon="5.466058">
        <ele>1585.770856</ele>

      </trkpt>
      <trkpt lat="44.794164" lon="5.466130">
        <ele>1585.389730</ele>

      </trkpt>
      <trkpt lat="44.794138" lon="5.466222">
        <ele>1584.892346</ele>

      </trkpt>
      <trkpt lat="44.794135" lon="5.466233">
        <ele>1584.833157</ele>

      </trkpt>
      <trkpt lat="44.794123" lon="5.466288">
        <ele>1584.544146</ele>

      </trkpt>
      <trkpt lat="44.794114" lon="5.466318">
        <ele>1584.380554</ele>

      </trkpt>
      <trkpt lat="44.794102" lon="5.466399">
        <ele>1583.964943</ele>

      </trkpt>
      <trkpt lat="44.794124" lon="5.466455">
        <ele>1583.643447</ele>

      </trkpt>
      <trkpt lat="44.794132" lon="5.466508">
        <ele>1583.371288</ele>

      </trkpt>
      <trkpt lat="44.794127" lon="5.466536">
        <ele>1583.226268</ele>

      </trkpt>
      <trkpt lat="44.794114" lon="5.466564">
        <ele>1583.058207</ele>

      </trkpt>
      <trkpt lat="44.794113" lon="5.466581">
        <ele>1582.972528</ele>

      </trkpt>
      <trkpt lat="44.794125" lon="5.466535">
        <ele>1582.726367</ele>

      </trkpt>
      <trkpt lat="44.794134" lon="5.466525">
        <ele>1582.645247</ele>

      </trkpt>
      <trkpt lat="44.794129" lon="5.466541">
        <ele>1582.557436</ele>

      </trkpt>
      <trkpt lat="44.794122" lon="5.466554">
        <ele>1582.475472</ele>

      </trkpt>
      <trkpt lat="44.794114" lon="5.466632">
        <ele>1582.079630</ele>

      </trkpt>
      <trkpt lat="44.794125" lon="5.466641">
        <ele>1581.989603</ele>

      </trkpt>
      <trkpt lat="44.794125" lon="5.466697">
        <ele>1581.708331</ele>

      </trkpt>
      <trkpt lat="44.794121" lon="5.466708">
        <ele>1581.646250</ele>

      </trkpt>
      <trkpt lat="44.794112" lon="5.466732">
        <ele>1581.509909</ele>

      </trkpt>
      <trkpt lat="44.794100" lon="5.466776">
        <ele>1581.273151</ele>

      </trkpt>
      <trkpt lat="44.794097" lon="5.466782">
        <ele>1581.236286</ele>

      </trkpt>
      <trkpt lat="44.794096" lon="5.466790">
        <ele>1581.195486</ele>

      </trkpt>
      <trkpt lat="44.794097" lon="5.466819">
        <ele>1581.049655</ele>

      </trkpt>
      <trkpt lat="44.794104" lon="5.466862">
        <ele>1580.828069</ele>

      </trkpt>
      <trkpt lat="44.794108" lon="5.466905">
        <ele>1580.610245</ele>

      </trkpt>
      <trkpt lat="44.794108" lon="5.466918">
        <ele>1580.544949</ele>

      </trkpt>
      <trkpt lat="44.794099" lon="5.466936">
        <ele>1580.434353</ele>

      </trkpt>
      <trkpt lat="44.794076" lon="5.466997">
        <ele>1580.087406</ele>

      </trkpt>
      <trkpt lat="44.794074" lon="5.467000">
        <ele>1580.066732</ele>

      </trkpt>
      <trkpt lat="44.794070" lon="5.467019">
        <ele>1579.967189</ele>

      </trkpt>
      <trkpt lat="44.794068" lon="5.467045">
        <ele>1579.821368</ele>

      </trkpt>
      <trkpt lat="44.794067" lon="5.467068">
        <ele>1579.602706</ele>

      </trkpt>
      <trkpt lat="44.794066" lon="5.467086">
        <ele>1579.431376</ele>

      </trkpt>
      <trkpt lat="44.794067" lon="5.467160">
        <ele>1578.729043</ele>

      </trkpt>
      <trkpt lat="44.794059" lon="5.467173">
        <ele>1578.565760</ele>

      </trkpt>
      <trkpt lat="44.794027" lon="5.467218">
        <ele>1577.961241</ele>

      </trkpt>
      <trkpt lat="44.794010" lon="5.467240">
        <ele>1577.652603</ele>

      </trkpt>
      <trkpt lat="44.793995" lon="5.467275">
        <ele>1577.264610</ele>

      </trkpt>
      <trkpt lat="44.793986" lon="5.467293">
        <ele>1577.055664</ele>

      </trkpt>
      <trkpt lat="44.793967" lon="5.467333">
        <ele>1576.598910</ele>

      </trkpt>
      <trkpt lat="44.793966" lon="5.467398">
        <ele>1575.981962</ele>

      </trkpt>
      <trkpt lat="44.793962" lon="5.467438">
        <ele>1575.598640</ele>

      </trkpt>
      <trkpt lat="44.793951" lon="5.467499">
        <ele>1575.001397</ele>

      </trkpt>
      <trkpt lat="44.793942" lon="5.467541">
        <ele>1574.585074</ele>

      </trkpt>
      <trkpt lat="44.793910" lon="5.467628">
        <ele>1573.655202</ele>

      </trkpt>
      <trkpt lat="44.793894" lon="5.467699">
        <ele>1572.948307</ele>

      </trkpt>
      <trkpt lat="44.793891" lon="5.467738">
        <ele>1572.576056</ele>

      </trkpt>
      <trkpt lat="44.793868" lon="5.467801">
        <ele>1571.903758</ele>

      </trkpt>
      <trkpt lat="44.793847" lon="5.467875">
        <ele>1571.147484</ele>

      </trkpt>
      <trkpt lat="44.793843" lon="5.467887">
        <ele>1571.021676</ele>

      </trkpt>
      <trkpt lat="44.793820" lon="5.467965">
        <ele>1570.220155</ele>

      </trkpt>
      <trkpt lat="44.793790" lon="5.468080">
        <ele>1569.057487</ele>

      </trkpt>
      <trkpt lat="44.793762" lon="5.468176">
        <ele>1568.072571</ele>

      </trkpt>
      <trkpt lat="44.793752" lon="5.468204">
        <ele>1567.775119</ele>

      </trkpt>
      <trkpt lat="44.793746" lon="5.468221">
        <ele>1567.594950</ele>

      </trkpt>
      <trkpt lat="44.793734" lon="5.468239">
        <ele>1567.360592</ele>

      </trkpt>
      <trkpt lat="44.793713" lon="5.468269">
        <ele>1566.960722</ele>

      </trkpt>
      <trkpt lat="44.793691" lon="5.468320">
        <ele>1566.394368</ele>

      </trkpt>
      <trkpt lat="44.793679" lon="5.468363">
        <ele>1565.955910</ele>

      </trkpt>
      <trkpt lat="44.793657" lon="5.468451">
        <ele>1565.070545</ele>

      </trkpt>
      <trkpt lat="44.793654" lon="5.468464">
        <ele>1564.940825</ele>

      </trkpt>
      <trkpt lat="44.793630" lon="5.468573">
        <ele>1563.857844</ele>

      </trkpt>
      <trkpt lat="44.793618" lon="5.468606">
        <ele>1563.505978</ele>

      </trkpt>
      <trkpt lat="44.793596" lon="5.468724">
        <ele>1562.348236</ele>

      </trkpt>
      <trkpt lat="44.793594" lon="5.468746">
        <ele>1562.137764</ele>

      </trkpt>
      <trkpt lat="44.793576" lon="5.468815">
        <ele>1561.440160</ele>

      </trkpt>
      <trkpt lat="44.793558" lon="5.468852">
        <ele>1561.014474</ele>

      </trkpt>
      <trkpt lat="44.793542" lon="5.468898">
        <ele>1560.528350</ele>

      </trkpt>
      <trkpt lat="44.793541" lon="5.468930">
        <ele>1560.224397</ele>

      </trkpt>
      <trkpt lat="44.793530" lon="5.468988">
        <ele>1559.654698</ele>

      </trkpt>
      <trkpt lat="44.793528" lon="5.469020">
        <ele>1559.349863</ele>

      </trkpt>
      <trkpt lat="44.793534" lon="5.469037">
        <ele>1559.169694</ele>

      </trkpt>
      <trkpt lat="44.793565" lon="5.469060">
        <ele>1558.701219</ele>

      </trkpt>
      <trkpt lat="44.793568" lon="5.469068">
        <ele>1558.615356</ele>

      </trkpt>
      <trkpt lat="44.793589" lon="5.469123">
        <ele>1558.022694</ele>

      </trkpt>
      <trkpt lat="44.793591" lon="5.469153">
        <ele>1557.736760</ele>

      </trkpt>
      <trkpt lat="44.793588" lon="5.469184">
        <ele>1557.439868</ele>

      </trkpt>
      <trkpt lat="44.793595" lon="5.469236">
        <ele>1556.937622</ele>

      </trkpt>
      <trkpt lat="44.793632" lon="5.469273">
        <ele>1556.330941</ele>

      </trkpt>
      <trkpt lat="44.793636" lon="5.469279">
        <ele>1556.252822</ele>

      </trkpt>
      <trkpt lat="44.793691" lon="5.469330">
        <ele>1555.640031</ele>

      </trkpt>
      <trkpt lat="44.793699" lon="5.469333">
        <ele>1555.598477</ele>

      </trkpt>
      <trkpt lat="44.793704" lon="5.469342">
        <ele>1555.557762</ele>

      </trkpt>
      <trkpt lat="44.793706" lon="5.469347">
        <ele>1555.537316</ele>

      </trkpt>
      <trkpt lat="44.793757" lon="5.469325">
        <ele>1555.269591</ele>

      </trkpt>
      <trkpt lat="44.793768" lon="5.469308">
        <ele>1555.187640</ele>

      </trkpt>
      <trkpt lat="44.793786" lon="5.469311">
        <ele>1555.096658</ele>

      </trkpt>
      <trkpt lat="44.793849" lon="5.469319">
        <ele>1554.779142</ele>

      </trkpt>
      <trkpt lat="44.793880" lon="5.469325">
        <ele>1554.622074</ele>

      </trkpt>
      <trkpt lat="44.793881" lon="5.469330">
        <ele>1554.603569</ele>

      </trkpt>
      <trkpt lat="44.793853" lon="5.469361">
        <ele>1554.424830</ele>

      </trkpt>
      <trkpt lat="44.793848" lon="5.469363">
        <ele>1554.398740</ele>

      </trkpt>
      <trkpt lat="44.793844" lon="5.469361">
        <ele>1554.377435</ele>

      </trkpt>
      <trkpt lat="44.793839" lon="5.469355">
        <ele>1554.344470</ele>

      </trkpt>
      <trkpt lat="44.793896" lon="5.469358">
        <ele>1554.058154</ele>

      </trkpt>
      <trkpt lat="44.793925" lon="5.469371">
        <ele>1553.905397</ele>

      </trkpt>
      <trkpt lat="44.793947" lon="5.469401">
        <ele>1553.751726</ele>

      </trkpt>
      <trkpt lat="44.793979" lon="5.469449">
        <ele>1553.517128</ele>

      </trkpt>
      <trkpt lat="44.793988" lon="5.469469">
        <ele>1553.432769</ele>

      </trkpt>
      <trkpt lat="44.794026" lon="5.469584">
        <ele>1552.980893</ele>

      </trkpt>
      <trkpt lat="44.794041" lon="5.469608">
        <ele>1552.866972</ele>

      </trkpt>
      <trkpt lat="44.794061" lon="5.469639">
        <ele>1552.717733</ele>

      </trkpt>
      <trkpt lat="44.794067" lon="5.469663">
        <ele>1552.627092</ele>

      </trkpt>
      <trkpt lat="44.794077" lon="5.469736">
        <ele>1552.362257</ele>

      </trkpt>
      <trkpt lat="44.794078" lon="5.469760">
        <ele>1552.276618</ele>

      </trkpt>
      <trkpt lat="44.794082" lon="5.469806">
        <ele>1552.111535</ele>

      </trkpt>
      <trkpt lat="44.794091" lon="5.469869">
        <ele>1551.882620</ele>

      </trkpt>
      <trkpt lat="44.794122" lon="5.470012">
        <ele>1551.349999</ele>

      </trkpt>
      <trkpt lat="44.794157" lon="5.470129">
        <ele>1550.897714</ele>

      </trkpt>
      <trkpt lat="44.794160" lon="5.470160">
        <ele>1550.786267</ele>

      </trkpt>
      <trkpt lat="44.794156" lon="5.470259">
        <ele>1550.433046</ele>

      </trkpt>
      <trkpt lat="44.794154" lon="5.470309">
        <ele>1550.254657</ele>

      </trkpt>
      <trkpt lat="44.794154" lon="5.470414">
        <ele>1549.880635</ele>

      </trkpt>
      <trkpt lat="44.794153" lon="5.470530">
        <ele>1549.467399</ele>

      </trkpt>
      <trkpt lat="44.794169" lon="5.470622">
        <ele>1549.129986</ele>

      </trkpt>
      <trkpt lat="44.794217" lon="5.470786">
        <ele>1548.498063</ele>

      </trkpt>
      <trkpt lat="44.794258" lon="5.470929">
        <ele>1547.948677</ele>

      </trkpt>
      <trkpt lat="44.794245" lon="5.471043">
        <ele>1547.537386</ele>

      </trkpt>
      <trkpt lat="44.794236" lon="5.471089">
        <ele>1547.367415</ele>

      </trkpt>
      <trkpt lat="44.794232" lon="5.471150">
        <ele>1547.149201</ele>

      </trkpt>
      <trkpt lat="44.794237" lon="5.471206">
        <ele>1546.948150</ele>

      </trkpt>
      <trkpt lat="44.794254" lon="5.471323">
        <ele>1546.669564</ele>

      </trkpt>
      <trkpt lat="44.794290" lon="5.471403">
        <ele>1546.530575</ele>

      </trkpt>
      <trkpt lat="44.794310" lon="5.471528">
        <ele>1546.342567</ele>

      </trkpt>
      <trkpt lat="44.794361" lon="5.471627">
        <ele>1546.163073</ele>

      </trkpt>
      <trkpt lat="44.794441" lon="5.471697">
        <ele>1545.968374</ele>

      </trkpt>
      <trkpt lat="44.794487" lon="5.471785">
        <ele>1545.808010</ele>

      </trkpt>
      <trkpt lat="44.794539" lon="5.471872">
        <ele>1545.641117</ele>

      </trkpt>
      <trkpt lat="44.794556" lon="5.471881">
        <ele>1545.603570</ele>

      </trkpt>
      <trkpt lat="44.794583" lon="5.471914">
        <ele>1545.529673</ele>

      </trkpt>
      <trkpt lat="44.794594" lon="5.471929">
        <ele>1545.498024</ele>

      </trkpt>
      <trkpt lat="44.794604" lon="5.471943">
        <ele>1545.468880</ele>

      </trkpt>
      <trkpt lat="44.794617" lon="5.471956">
        <ele>1545.435921</ele>

      </trkpt>
      <trkpt lat="44.794660" lon="5.472049">
        <ele>1545.273061</ele>

      </trkpt>
      <trkpt lat="44.794683" lon="5.472104">
        <ele>1545.179395</ele>

      </trkpt>
      <trkpt lat="44.794713" lon="5.472141">
        <ele>1545.096966</ele>

      </trkpt>
      <trkpt lat="44.794795" lon="5.472222">
        <ele>1544.889920</ele>

      </trkpt>
      <trkpt lat="44.794840" lon="5.472326">
        <ele>1544.711201</ele>

      </trkpt>
      <trkpt lat="44.794864" lon="5.472425">
        <ele>1544.557704</ele>

      </trkpt>
      <trkpt lat="44.794900" lon="5.472492">
        <ele>1544.434400</ele>

      </trkpt>
      <trkpt lat="44.794915" lon="5.472528">
        <ele>1544.373149</ele>

      </trkpt>
      <trkpt lat="44.794949" lon="5.472611">
        <ele>1544.232536</ele>

      </trkpt>
      <trkpt lat="44.794957" lon="5.472624">
        <ele>1544.207290</ele>

      </trkpt>
      <trkpt lat="44.794963" lon="5.472636">
        <ele>1544.185751</ele>

      </trkpt>
      <trkpt lat="44.795008" lon="5.472739">
        <ele>1544.008284</ele>

      </trkpt>
      <trkpt lat="44.795010" lon="5.472748">
        <ele>1543.994447</ele>

      </trkpt>
      <trkpt lat="44.795030" lon="5.472811">
        <ele>1543.893184</ele>

      </trkpt>
      <trkpt lat="44.795042" lon="5.472831">
        <ele>1543.854757</ele>

      </trkpt>
      <trkpt lat="44.795093" lon="5.472928">
        <ele>1543.677630</ele>

      </trkpt>
      <trkpt lat="44.795099" lon="5.472955">
        <ele>1543.636119</ele>

      </trkpt>
      <trkpt lat="44.795127" lon="5.473052">
        <ele>1543.482475</ele>

      </trkpt>
      <trkpt lat="44.795139" lon="5.473091">
        <ele>1543.420107</ele>

      </trkpt>
      <trkpt lat="44.795169" lon="5.473165">
        <ele>1543.295064</ele>

      </trkpt>
      <trkpt lat="44.795213" lon="5.473320">
        <ele>1543.060061</ele>

      </trkpt>
      <trkpt lat="44.795232" lon="5.473411">
        <ele>1543.321326</ele>

      </trkpt>
      <trkpt lat="44.795238" lon="5.473446">
        <ele>1543.420500</ele>

      </trkpt>
      <trkpt lat="44.795247" lon="5.473511">
        <ele>1543.602905</ele>

      </trkpt>
      <trkpt lat="44.795254" lon="5.473545">
        <ele>1543.700413</ele>

      </trkpt>
      <trkpt lat="44.795259" lon="5.473574">
        <ele>1543.782611</ele>

      </trkpt>
      <trkpt lat="44.795262" lon="5.473586">
        <ele>1543.817654</ele>

      </trkpt>
      <trkpt lat="44.795300" lon="5.473710">
        <ele>1544.189673</ele>

      </trkpt>
      <trkpt lat="44.795333" lon="5.473790">
        <ele>1544.444539</ele>

      </trkpt>
      <trkpt lat="44.795341" lon="5.473814">
        <ele>1544.517571</ele>

      </trkpt>
      <trkpt lat="44.795364" lon="5.473885">
        <ele>1544.732539</ele>

      </trkpt>
      <trkpt lat="44.795386" lon="5.473928">
        <ele>1544.878546</ele>

      </trkpt>
      <trkpt lat="44.795445" lon="5.474017">
        <ele>1545.214000</ele>

      </trkpt>
      <trkpt lat="44.795465" lon="5.474130">
        <ele>1545.534769</ele>

      </trkpt>
      <trkpt lat="44.795493" lon="5.474254">
        <ele>1545.893175</ele>

      </trkpt>
      <trkpt lat="44.795530" lon="5.474348">
        <ele>1546.189239</ele>

      </trkpt>
      <trkpt lat="44.795544" lon="5.474385">
        <ele>1546.304729</ele>

      </trkpt>
      <trkpt lat="44.795568" lon="5.474439">
        <ele>1546.480224</ele>

      </trkpt>
      <trkpt lat="44.795587" lon="5.474534">
        <ele>1546.752074</ele>

      </trkpt>
      <trkpt lat="44.795613" lon="5.474619">
        <ele>1547.007011</ele>

      </trkpt>
      <trkpt lat="44.795616" lon="5.474633">
        <ele>1547.047291</ele>

      </trkpt>
      <trkpt lat="44.795626" lon="5.474722">
        <ele>1547.295476</ele>

      </trkpt>
      <trkpt lat="44.795628" lon="5.474737">
        <ele>1547.337513</ele>

      </trkpt>
      <trkpt lat="44.795640" lon="5.474812">
        <ele>1547.549270</ele>

      </trkpt>
      <trkpt lat="44.795646" lon="5.474907">
        <ele>1547.811960</ele>

      </trkpt>
      <trkpt lat="44.795636" lon="5.474911">
        <ele>1547.852307</ele>

      </trkpt>
      <trkpt lat="44.795628" lon="5.474899">
        <ele>1547.897656</ele>

      </trkpt>
      <trkpt lat="44.795630" lon="5.474916">
        <ele>1547.945118</ele>

      </trkpt>
      <trkpt lat="44.795636" lon="5.474973">
        <ele>1548.103830</ele>

      </trkpt>
      <trkpt lat="44.795662" lon="5.475031">
        <ele>1548.292782</ele>

      </trkpt>
      <trkpt lat="44.795663" lon="5.475027">
        <ele>1548.304463</ele>

      </trkpt>
      <trkpt lat="44.795683" lon="5.475038">
        <ele>1548.387793</ele>

      </trkpt>
      <trkpt lat="44.795678" lon="5.475035">
        <ele>1548.408885</ele>

      </trkpt>
      <trkpt lat="44.795675" lon="5.475058">
        <ele>1548.473295</ele>

      </trkpt>
      <trkpt lat="44.795690" lon="5.475034">
        <ele>1548.561380</ele>

      </trkpt>
      <trkpt lat="44.795695" lon="5.475039">
        <ele>1548.585177</ele>

      </trkpt>
      <trkpt lat="44.795695" lon="5.475041">
        <ele>1548.590685</ele>

      </trkpt>
      <trkpt lat="44.795694" lon="5.475046">
        <ele>1548.604993</ele>

      </trkpt>
      <trkpt lat="44.795692" lon="5.475049">
        <ele>1548.616330</ele>

      </trkpt>
      <trkpt lat="44.795692" lon="5.475052">
        <ele>1548.624593</ele>

      </trkpt>
      <trkpt lat="44.795696" lon="5.475056">
        <ele>1548.643630</ele>

      </trkpt>
      <trkpt lat="44.795700" lon="5.475059">
        <ele>1548.661218</ele>

      </trkpt>
      <trkpt lat="44.795677" lon="5.475070">
        <ele>1548.755489</ele>

      </trkpt>
      <trkpt lat="44.795662" lon="5.475027">
        <ele>1548.887459</ele>

      </trkpt>
      <trkpt lat="44.795678" lon="5.475045">
        <ele>1548.966923</ele>

      </trkpt>
      <trkpt lat="44.795662" lon="5.475081">
        <ele>1549.083919</ele>

      </trkpt>
      <trkpt lat="44.795660" lon="5.475094">
        <ele>1549.120556</ele>

      </trkpt>
      <trkpt lat="44.795653" lon="5.475110">
        <ele>1549.172327</ele>

      </trkpt>
      <trkpt lat="44.795646" lon="5.475141">
        <ele>1549.261928</ele>

      </trkpt>
      <trkpt lat="44.795640" lon="5.475181">
        <ele>1549.374533</ele>

      </trkpt>
      <trkpt lat="44.795638" lon="5.475212">
        <ele>1549.460268</ele>

      </trkpt>
      <trkpt lat="44.795636" lon="5.475228">
        <ele>1549.505015</ele>

      </trkpt>
      <trkpt lat="44.795626" lon="5.475249">
        <ele>1549.574671</ele>

      </trkpt>
      <trkpt lat="44.795622" lon="5.475259">
        <ele>1549.606288</ele>

      </trkpt>
      <trkpt lat="44.795614" lon="5.475273">
        <ele>1549.655796</ele>

      </trkpt>
      <trkpt lat="44.795610" lon="5.475278">
        <ele>1549.676549</ele>

      </trkpt>
      <trkpt lat="44.795608" lon="5.475281">
        <ele>1549.687886</ele>

      </trkpt>
      <trkpt lat="44.795586" lon="5.475335">
        <ele>1549.859386</ele>

      </trkpt>
      <trkpt lat="44.795584" lon="5.475342">
        <ele>1549.880170</ele>

      </trkpt>
      <trkpt lat="44.795572" lon="5.475372">
        <ele>1549.975021</ele>

      </trkpt>
      <trkpt lat="44.795566" lon="5.475394">
        <ele>1550.030846</ele>

      </trkpt>
      <trkpt lat="44.795560" lon="5.475422">
        <ele>1549.971838</ele>

      </trkpt>
      <trkpt lat="44.795557" lon="5.475466">
        <ele>1549.882660</ele>

      </trkpt>
      <trkpt lat="44.795555" lon="5.475493">
        <ele>1549.827892</ele>

      </trkpt>
      <trkpt lat="44.795554" lon="5.475521">
        <ele>1549.771331</ele>

      </trkpt>
      <trkpt lat="44.795544" lon="5.475582">
        <ele>1549.645024</ele>

      </trkpt>
      <trkpt lat="44.795544" lon="5.475663">
        <ele>1549.481609</ele>

      </trkpt>
      <trkpt lat="44.795549" lon="5.475713">
        <ele>1549.379738</ele>

      </trkpt>
      <trkpt lat="44.795547" lon="5.475774">
        <ele>1549.256541</ele>

      </trkpt>
      <trkpt lat="44.795552" lon="5.475812">
        <ele>1549.178570</ele>

      </trkpt>
      <trkpt lat="44.795558" lon="5.475905">
        <ele>1548.990171</ele>

      </trkpt>
      <trkpt lat="44.795520" lon="5.475984">
        <ele>1548.797626</ele>

      </trkpt>
      <trkpt lat="44.795460" lon="5.476094">
        <ele>1548.517720</ele>

      </trkpt>
      <trkpt lat="44.795425" lon="5.476161">
        <ele>1548.349873</ele>

      </trkpt>
      <trkpt lat="44.795403" lon="5.476192">
        <ele>1548.261422</ele>

      </trkpt>
      <trkpt lat="44.795381" lon="5.476253">
        <ele>1548.123373</ele>

      </trkpt>
      <trkpt lat="44.795370" lon="5.476299">
        <ele>1548.025442</ele>

      </trkpt>
      <trkpt lat="44.795336" lon="5.476384">
        <ele>1547.828589</ele>

      </trkpt>
      <trkpt lat="44.795330" lon="5.476395">
        <ele>1547.800598</ele>

      </trkpt>
      <trkpt lat="44.795307" lon="5.476435">
        <ele>1547.696732</ele>

      </trkpt>
      <trkpt lat="44.795300" lon="5.476462">
        <ele>1547.638738</ele>

      </trkpt>
      <trkpt lat="44.795299" lon="5.476476">
        <ele>1547.610351</ele>

      </trkpt>
      <trkpt lat="44.795300" lon="5.476492">
        <ele>1547.577946</ele>

      </trkpt>
      <trkpt lat="44.795302" lon="5.476490">
        <ele>1547.570974</ele>

      </trkpt>
      <trkpt lat="44.795292" lon="5.476489">
        <ele>1547.542472</ele>

      </trkpt>
      <trkpt lat="44.795255" lon="5.476531">
        <ele>1547.407398</ele>

      </trkpt>
      <trkpt lat="44.795192" lon="5.476624">
        <ele>1547.148006</ele>

      </trkpt>
      <trkpt lat="44.795186" lon="5.476633">
        <ele>1547.123093</ele>

      </trkpt>
      <trkpt lat="44.795178" lon="5.476648">
        <ele>1547.085236</ele>

      </trkpt>
      <trkpt lat="44.795148" lon="5.476662">
        <ele>1546.995391</ele>

      </trkpt>
      <trkpt lat="44.795120" lon="5.476675">
        <ele>1546.911577</ele>

      </trkpt>
      <trkpt lat="44.795092" lon="5.476672">
        <ele>1546.831743</ele>

      </trkpt>
      <trkpt lat="44.795084" lon="5.476668">
        <ele>1546.807609</ele>

      </trkpt>
      <trkpt lat="44.795047" lon="5.476652">
        <ele>1546.697576</ele>

      </trkpt>
      <trkpt lat="44.794980" lon="5.476653">
        <ele>1546.507084</ele>

      </trkpt>
      <trkpt lat="44.794954" lon="5.476650">
        <ele>1546.432918</ele>

      </trkpt>
      <trkpt lat="44.794924" lon="5.476670">
        <ele>1546.338565</ele>

      </trkpt>
      <trkpt lat="44.794916" lon="5.476722">
        <ele>1546.231218</ele>

      </trkpt>
      <trkpt lat="44.794927" lon="5.476733">
        <ele>1546.192870</ele>

      </trkpt>
      <trkpt lat="44.794935" lon="5.476737">
        <ele>1546.168737</ele>

      </trkpt>
      <trkpt lat="44.794932" lon="5.476772">
        <ele>1546.097611</ele>

      </trkpt>
      <trkpt lat="44.794896" lon="5.476871">
        <ele>1545.873183</ele>

      </trkpt>
      <trkpt lat="44.794860" lon="5.476954">
        <ele>1545.676929</ele>

      </trkpt>
      <trkpt lat="44.794864" lon="5.477006">
        <ele>1545.571404</ele>

      </trkpt>
      <trkpt lat="44.794864" lon="5.477012">
        <ele>1545.559299</ele>

      </trkpt>
      <trkpt lat="44.794854" lon="5.477057">
        <ele>1545.464164</ele>

      </trkpt>
      <trkpt lat="44.794840" lon="5.477083">
        <ele>1545.398318</ele>

      </trkpt>
      <trkpt lat="44.794784" lon="5.477167">
        <ele>1545.165794</ele>

      </trkpt>
      <trkpt lat="44.794744" lon="5.477266">
        <ele>1544.935955</ele>

      </trkpt>
      <trkpt lat="44.794724" lon="5.477322">
        <ele>1544.628248</ele>

      </trkpt>
      <trkpt lat="44.794707" lon="5.477357">
        <ele>1544.403782</ele>

      </trkpt>
      <trkpt lat="44.794687" lon="5.477435">
        <ele>1543.964858</ele>

      </trkpt>
      <trkpt lat="44.794673" lon="5.477471">
        <ele>1543.747599</ele>

      </trkpt>
      <trkpt lat="44.794655" lon="5.477502">
        <ele>1543.535615</ele>

      </trkpt>
      <trkpt lat="44.794612" lon="5.477523">
        <ele>1543.196215</ele>

      </trkpt>
      <trkpt lat="44.794595" lon="5.477533">
        <ele>1543.058829</ele>

      </trkpt>
      <trkpt lat="44.794571" lon="5.477552">
        <ele>1542.853529</ele>

      </trkpt>
      <trkpt lat="44.794535" lon="5.477638">
        <ele>1542.325099</ele>

      </trkpt>
      <trkpt lat="44.794531" lon="5.477651">
        <ele>1542.250110</ele>

      </trkpt>
      <trkpt lat="44.794509" lon="5.477756">
        <ele>1541.670695</ele>

      </trkpt>
      <trkpt lat="44.794485" lon="5.477829">
        <ele>1541.244905</ele>

      </trkpt>
      <trkpt lat="44.794483" lon="5.477838">
        <ele>1541.194992</ele>

      </trkpt>
      <trkpt lat="44.794466" lon="5.477875">
        <ele>1540.961714</ele>

      </trkpt>
      <trkpt lat="44.794432" lon="5.477968">
        <ele>1540.408047</ele>

      </trkpt>
      <trkpt lat="44.794429" lon="5.477984">
        <ele>1540.320463</ele>

      </trkpt>
      <trkpt lat="44.794406" lon="5.478087">
        <ele>1539.748997</ele>

      </trkpt>
      <trkpt lat="44.794395" lon="5.478126">
        <ele>1539.526889</ele>

      </trkpt>
      <trkpt lat="44.794374" lon="5.478232">
        <ele>1538.944445</ele>

      </trkpt>
      <trkpt lat="44.794368" lon="5.478275">
        <ele>1538.712515</ele>

      </trkpt>
      <trkpt lat="44.794358" lon="5.478326">
        <ele>1538.432490</ele>

      </trkpt>
      <trkpt lat="44.794326" lon="5.478434">
        <ele>1537.813091</ele>

      </trkpt>
      <trkpt lat="44.794315" lon="5.478475">
        <ele>1537.581113</ele>

      </trkpt>
      <trkpt lat="44.794308" lon="5.478501">
        <ele>1537.433941</ele>

      </trkpt>
      <trkpt lat="44.794300" lon="5.478575">
        <ele>1537.037785</ele>

      </trkpt>
      <trkpt lat="44.794298" lon="5.478584">
        <ele>1536.987873</ele>

      </trkpt>
      <trkpt lat="44.794260" lon="5.478691">
        <ele>1536.354632</ele>

      </trkpt>
      <trkpt lat="44.794231" lon="5.478762">
        <ele>1535.921075</ele>

      </trkpt>
      <trkpt lat="44.794217" lon="5.478801">
        <ele>1535.689767</ele>

      </trkpt>
      <trkpt lat="44.794185" lon="5.478865">
        <ele>1535.275422</ele>

      </trkpt>
      <trkpt lat="44.794128" lon="5.479004">
        <ele>1534.425788</ele>

      </trkpt>
      <trkpt lat="44.794101" lon="5.479058">
        <ele>1534.076184</ele>

      </trkpt>
      <trkpt lat="44.794089" lon="5.479117">
        <ele>1533.751360</ele>

      </trkpt>
      <trkpt lat="44.794096" lon="5.479245">
        <ele>1533.071924</ele>

      </trkpt>
      <trkpt lat="44.794102" lon="5.479346">
        <ele>1532.535521</ele>

      </trkpt>
      <trkpt lat="44.794101" lon="5.479352">
        <ele>1532.502902</ele>

      </trkpt>
      <trkpt lat="44.794075" lon="5.479375">
        <ele>1532.273957</ele>

      </trkpt>
      <trkpt lat="44.794053" lon="5.479407">
        <ele>1532.038157</ele>

      </trkpt>
      <trkpt lat="44.794027" lon="5.479420">
        <ele>1531.832409</ele>

      </trkpt>
      <trkpt lat="44.793957" lon="5.479471">
        <ele>1531.343434</ele>

      </trkpt>
      <trkpt lat="44.793921" lon="5.479530">
        <ele>1531.086553</ele>

      </trkpt>
      <trkpt lat="44.793921" lon="5.479537">
        <ele>1531.063444</ele>

      </trkpt>
      <trkpt lat="44.793888" lon="5.479557">
        <ele>1530.896327</ele>

      </trkpt>
      <trkpt lat="44.793880" lon="5.479563">
        <ele>1530.854167</ele>

      </trkpt>
      <trkpt lat="44.793845" lon="5.479663">
        <ele>1530.486062</ele>

      </trkpt>
      <trkpt lat="44.793842" lon="5.479704">
        <ele>1530.349988</ele>

      </trkpt>
      <trkpt lat="44.793821" lon="5.479751">
        <ele>1530.166631</ele>

      </trkpt>
      <trkpt lat="44.793785" lon="5.479856">
        <ele>1529.781650</ele>

      </trkpt>
      <trkpt lat="44.793766" lon="5.479888">
        <ele>1529.643906</ele>

      </trkpt>
      <trkpt lat="44.793749" lon="5.479933">
        <ele>1529.475605</ele>

      </trkpt>
      <trkpt lat="44.793713" lon="5.480037">
        <ele>1529.093595</ele>

      </trkpt>
      <trkpt lat="44.793691" lon="5.480123">
        <ele>1528.791793</ele>

      </trkpt>
      <trkpt lat="44.793688" lon="5.480148">
        <ele>1528.708087</ele>

      </trkpt>
      <trkpt lat="44.793683" lon="5.480164">
        <ele>1528.650370</ele>

      </trkpt>
      <trkpt lat="44.793679" lon="5.480246">
        <ele>1528.379019</ele>

      </trkpt>
      <trkpt lat="44.793682" lon="5.480372">
        <ele>1527.962812</ele>

      </trkpt>
      <trkpt lat="44.793669" lon="5.480484">
        <ele>1527.588146</ele>

      </trkpt>
      <trkpt lat="44.793673" lon="5.480576">
        <ele>1527.283850</ele>

      </trkpt>
      <trkpt lat="44.793690" lon="5.480654">
        <ele>1527.014472</ele>

      </trkpt>
      <trkpt lat="44.793713" lon="5.480749">
        <ele>1526.683092</ele>

      </trkpt>
      <trkpt lat="44.793720" lon="5.480768">
        <ele>1526.612417</ele>

      </trkpt>
      <trkpt lat="44.793741" lon="5.480861">
        <ele>1526.290221</ele>

      </trkpt>
      <trkpt lat="44.793744" lon="5.480876">
        <ele>1526.238772</ele>

      </trkpt>
      <trkpt lat="44.793749" lon="5.480991">
        <ele>1525.858403</ele>

      </trkpt>
      <trkpt lat="44.793738" lon="5.481125">
        <ele>1525.413069</ele>

      </trkpt>
      <trkpt lat="44.793736" lon="5.481151">
        <ele>1525.326731</ele>

      </trkpt>
      <trkpt lat="44.793739" lon="5.481245">
        <ele>1525.016089</ele>

      </trkpt>
      <trkpt lat="44.793733" lon="5.481303">
        <ele>1524.822586</ele>

      </trkpt>
      <trkpt lat="44.793730" lon="5.481351">
        <ele>1524.663507</ele>

      </trkpt>
      <trkpt lat="44.793735" lon="5.481396">
        <ele>1524.513135</ele>

      </trkpt>
      <trkpt lat="44.793742" lon="5.481511">
        <ele>1524.132084</ele>

      </trkpt>
      <trkpt lat="44.793743" lon="5.481520">
        <ele>1524.102010</ele>

      </trkpt>
      <trkpt lat="44.793784" lon="5.481646">
        <ele>1523.644392</ele>

      </trkpt>
      <trkpt lat="44.793866" lon="5.481750">
        <ele>1523.136663</ele>

      </trkpt>
      <trkpt lat="44.793905" lon="5.481828">
        <ele>1523.026617</ele>

      </trkpt>
      <trkpt lat="44.793922" lon="5.481853">
        <ele>1522.986684</ele>

      </trkpt>
      <trkpt lat="44.793987" lon="5.481952">
        <ele>1522.831133</ele>

      </trkpt>
      <trkpt lat="44.794038" lon="5.482034">
        <ele>1522.705380</ele>

      </trkpt>
      <trkpt lat="44.794094" lon="5.482100">
        <ele>1522.586733</ele>

      </trkpt>
      <trkpt lat="44.794143" lon="5.482177">
        <ele>1522.467452</ele>

      </trkpt>
      <trkpt lat="44.794182" lon="5.482283">
        <ele>1522.329746</ele>

      </trkpt>
      <trkpt lat="44.794239" lon="5.482376">
        <ele>1522.188022</ele>

      </trkpt>
      <trkpt lat="44.794309" lon="5.482490">
        <ele>1522.014158</ele>

      </trkpt>
      <trkpt lat="44.794337" lon="5.482625">
        <ele>1521.851948</ele>

      </trkpt>
      <trkpt lat="44.794335" lon="5.482662">
        <ele>1521.809152</ele>

      </trkpt>
      <trkpt lat="44.794332" lon="5.482789">
        <ele>1521.662601</ele>

      </trkpt>
      <trkpt lat="44.794376" lon="5.482924">
        <ele>1521.491268</ele>

      </trkpt>
      <trkpt lat="44.794428" lon="5.483008">
        <ele>1521.362709</ele>

      </trkpt>
      <trkpt lat="44.794534" lon="5.483061">
        <ele>1521.179915</ele>

      </trkpt>
      <trkpt lat="44.794563" lon="5.483076">
        <ele>1521.129709</ele>

      </trkpt>
      <trkpt lat="44.794621" lon="5.483123">
        <ele>1521.020973</ele>

      </trkpt>
      <trkpt lat="44.794684" lon="5.483170">
        <ele>1520.905122</ele>

      </trkpt>
      <trkpt lat="44.794692" lon="5.483178">
        <ele>1520.889180</ele>

      </trkpt>
      <trkpt lat="44.794726" lon="5.483264">
        <ele>1520.775642</ele>

      </trkpt>
      <trkpt lat="44.794738" lon="5.483304">
        <ele>1520.725557</ele>

      </trkpt>
      <trkpt lat="44.794769" lon="5.483373">
        <ele>1520.631372</ele>

      </trkpt>
      <trkpt lat="44.794812" lon="5.483445">
        <ele>1520.522841</ele>

      </trkpt>
      <trkpt lat="44.794920" lon="5.483556">
        <ele>1520.305594</ele>

      </trkpt>
      <trkpt lat="44.794972" lon="5.483594">
        <ele>1520.229212</ele>

      </trkpt>
      <trkpt lat="44.795028" lon="5.483676">
        <ele>1520.505370</ele>

      </trkpt>
      <trkpt lat="44.795091" lon="5.483739">
        <ele>1520.769531</ele>

      </trkpt>
      <trkpt lat="44.795117" lon="5.483749">
        <ele>1520.861690</ele>

      </trkpt>
      <trkpt lat="44.795162" lon="5.483776">
        <ele>1521.028936</ele>

      </trkpt>
      <trkpt lat="44.795199" lon="5.483791">
        <ele>1521.160590</ele>

      </trkpt>
      <trkpt lat="44.795215" lon="5.483799">
        <ele>1521.218644</ele>

      </trkpt>
      <trkpt lat="44.795264" lon="5.483816">
        <ele>1521.391204</ele>

      </trkpt>
      <trkpt lat="44.795314" lon="5.483849">
        <ele>1521.580003</ele>

      </trkpt>
      <trkpt lat="44.795329" lon="5.483862">
        <ele>1521.640220</ele>

      </trkpt>
      <trkpt lat="44.795400" lon="5.483920">
        <ele>1521.920850</ele>

      </trkpt>
      <trkpt lat="44.795441" lon="5.483984">
        <ele>1522.130074</ele>

      </trkpt>
      <trkpt lat="44.795455" lon="5.484007">
        <ele>1522.203604</ele>

      </trkpt>
      <trkpt lat="44.795478" lon="5.484078">
        <ele>1522.392994</ele>

      </trkpt>
      <trkpt lat="44.795518" lon="5.484155">
        <ele>1522.624555</ele>

      </trkpt>
      <trkpt lat="44.795575" lon="5.484215">
        <ele>1522.867843</ele>

      </trkpt>
      <trkpt lat="44.795627" lon="5.484289">
        <ele>1523.120553</ele>

      </trkpt>
      <trkpt lat="44.795632" lon="5.484307">
        <ele>1523.167458</ele>

      </trkpt>
      <trkpt lat="44.795664" lon="5.484395">
        <ele>1523.407401</ele>

      </trkpt>
      <trkpt lat="44.795666" lon="5.484399">
        <ele>1523.419274</ele>

      </trkpt>
      <trkpt lat="44.795677" lon="5.484422">
        <ele>1523.486578</ele>

      </trkpt>
      <trkpt lat="44.795718" lon="5.484485">
        <ele>1523.694006</ele>

      </trkpt>
      <trkpt lat="44.795785" lon="5.484579">
        <ele>1524.017300</ele>

      </trkpt>
      <trkpt lat="44.795847" lon="5.484626">
        <ele>1524.258039</ele>

      </trkpt>
      <trkpt lat="44.795913" lon="5.484722">
        <ele>1524.582386</ele>

      </trkpt>
      <trkpt lat="44.795961" lon="5.484788">
        <ele>1524.811711</ele>

      </trkpt>
      <trkpt lat="44.795967" lon="5.484798">
        <ele>1524.843487</ele>

      </trkpt>
      <trkpt lat="44.796021" lon="5.484883">
        <ele>1525.120325</ele>

      </trkpt>
      <trkpt lat="44.796091" lon="5.485014">
        <ele>1525.518249</ele>

      </trkpt>
      <trkpt lat="44.796140" lon="5.485094">
        <ele>1525.774685</ele>

      </trkpt>
      <trkpt lat="44.796200" lon="5.485190">
        <ele>1526.085104</ele>

      </trkpt>
      <trkpt lat="44.796257" lon="5.485264">
        <ele>1526.350122</ele>

      </trkpt>
      <trkpt lat="44.796296" lon="5.485345">
        <ele>1526.544268</ele>

      </trkpt>
      <trkpt lat="44.796318" lon="5.485394">
        <ele>1526.657315</ele>

      </trkpt>
      <trkpt lat="44.796339" lon="5.485430">
        <ele>1526.748172</ele>

      </trkpt>
      <trkpt lat="44.796372" lon="5.485477">
        <ele>1526.877077</ele>

      </trkpt>
      <trkpt lat="44.796396" lon="5.485499">
        <ele>1526.955738</ele>

      </trkpt>
      <trkpt lat="44.796423" lon="5.485525">
        <ele>1527.045583</ele>

      </trkpt>
      <trkpt lat="44.796455" lon="5.485549">
        <ele>1527.145177</ele>

      </trkpt>
      <trkpt lat="44.796506" lon="5.485561">
        <ele>1527.287235</ele>

      </trkpt>
      <trkpt lat="44.796513" lon="5.485562">
        <ele>1527.306565</ele>

      </trkpt>
      <trkpt lat="44.796571" lon="5.485567">
        <ele>1527.466214</ele>

      </trkpt>
      <trkpt lat="44.796581" lon="5.485568">
        <ele>1527.493757</ele>

      </trkpt>
      <trkpt lat="44.796641" lon="5.485576">
        <ele>1527.659339</ele>

      </trkpt>
      <trkpt lat="44.796660" lon="5.485587">
        <ele>1527.715773</ele>

      </trkpt>
      <trkpt lat="44.796750" lon="5.485651">
        <ele>1527.992739</ele>

      </trkpt>
      <trkpt lat="44.796756" lon="5.485657">
        <ele>1528.012952</ele>

      </trkpt>
      <trkpt lat="44.796825" lon="5.485722">
        <ele>1528.240980</ele>

      </trkpt>
      <trkpt lat="44.796917" lon="5.485768">
        <ele>1528.509181</ele>

      </trkpt>
      <trkpt lat="44.796967" lon="5.485851">
        <ele>1528.721444</ele>

      </trkpt>
      <trkpt lat="44.796987" lon="5.485957">
        <ele>1528.935281</ele>

      </trkpt>
      <trkpt lat="44.797018" lon="5.486075">
        <ele>1529.180593</ele>

      </trkpt>
      <trkpt lat="44.797025" lon="5.486106">
        <ele>1529.244016</ele>

      </trkpt>
      <trkpt lat="44.797044" lon="5.486177">
        <ele>1529.391953</ele>

      </trkpt>
      <trkpt lat="44.797087" lon="5.486284">
        <ele>1529.631689</ele>

      </trkpt>
      <trkpt lat="44.797117" lon="5.486377">
        <ele>1529.830856</ele>

      </trkpt>
      <trkpt lat="44.797137" lon="5.486445">
        <ele>1529.974364</ele>

      </trkpt>
      <trkpt lat="44.797147" lon="5.486474">
        <ele>1530.037224</ele>

      </trkpt>
      <trkpt lat="44.797195" lon="5.486565">
        <ele>1530.258282</ele>

      </trkpt>
      <trkpt lat="44.797221" lon="5.486614">
        <ele>1530.377566</ele>

      </trkpt>
      <trkpt lat="44.797229" lon="5.486649">
        <ele>1530.449254</ele>

      </trkpt>
      <trkpt lat="44.797290" lon="5.486770">
        <ele>1530.738625</ele>

      </trkpt>
      <trkpt lat="44.797340" lon="5.486885">
        <ele>1531.001565</ele>

      </trkpt>
      <trkpt lat="44.797345" lon="5.486900">
        <ele>1531.033875</ele>

      </trkpt>
      <trkpt lat="44.797357" lon="5.486938">
        <ele>1531.114964</ele>

      </trkpt>
      <trkpt lat="44.797391" lon="5.487042">
        <ele>1531.343882</ele>

      </trkpt>
      <trkpt lat="44.797426" lon="5.487127">
        <ele>1531.572205</ele>

      </trkpt>
      <trkpt lat="44.797462" lon="5.487240">
        <ele>1531.859987</ele>

      </trkpt>
      <trkpt lat="44.797474" lon="5.487334">
        <ele>1532.081886</ele>

      </trkpt>
      <trkpt lat="44.797494" lon="5.487449">
        <ele>1532.356977</ele>

      </trkpt>
      <trkpt lat="44.797507" lon="5.487481">
        <ele>1532.442645</ele>

      </trkpt>
      <trkpt lat="44.797566" lon="5.487549">
        <ele>1532.692196</ele>

      </trkpt>
      <trkpt lat="44.797616" lon="5.487597">
        <ele>1532.890278</ele>

      </trkpt>
      <trkpt lat="44.797633" lon="5.487614">
        <ele>1532.958528</ele>

      </trkpt>
      <trkpt lat="44.797639" lon="5.487617">
        <ele>1532.979373</ele>

      </trkpt>
      <trkpt lat="44.797714" lon="5.487699">
        <ele>1533.290170</ele>

      </trkpt>
      <trkpt lat="44.797771" lon="5.487777">
        <ele>1533.550303</ele>

      </trkpt>
      <trkpt lat="44.797819" lon="5.487896">
        <ele>1533.868324</ele>

      </trkpt>
      <trkpt lat="44.797821" lon="5.487907">
        <ele>1533.894706</ele>

      </trkpt>
      <trkpt lat="44.797832" lon="5.487958">
        <ele>1534.018547</ele>

      </trkpt>
      <trkpt lat="44.797838" lon="5.487993">
        <ele>1534.102203</ele>

      </trkpt>
      <trkpt lat="44.797866" lon="5.488148">
        <ele>1534.473803</ele>

      </trkpt>
      <trkpt lat="44.797892" lon="5.488238">
        <ele>1534.699565</ele>

      </trkpt>
      <trkpt lat="44.797905" lon="5.488276">
        <ele>1534.797576</ele>

      </trkpt>
      <trkpt lat="44.797951" lon="5.488361">
        <ele>1535.045935</ele>

      </trkpt>
      <trkpt lat="44.797972" lon="5.488413">
        <ele>1535.184943</ele>

      </trkpt>
      <trkpt lat="44.797975" lon="5.488446">
        <ele>1535.262238</ele>

      </trkpt>
      <trkpt lat="44.797972" lon="5.488461">
        <ele>1535.298446</ele>

      </trkpt>
      <trkpt lat="44.797934" lon="5.488551">
        <ele>1535.541760</ele>

      </trkpt>
      <trkpt lat="44.797920" lon="5.488576">
        <ele>1535.615751</ele>

      </trkpt>
      <trkpt lat="44.797900" lon="5.488662">
        <ele>1535.826013</ele>

      </trkpt>
      <trkpt lat="44.797908" lon="5.488711">
        <ele>1535.942830</ele>

      </trkpt>
      <trkpt lat="44.797928" lon="5.488758">
        <ele>1536.070155</ele>

      </trkpt>
      <trkpt lat="44.797966" lon="5.488843">
        <ele>1536.303561</ele>

      </trkpt>
      <trkpt lat="44.798057" lon="5.488926">
        <ele>1536.658465</ele>

      </trkpt>
      <trkpt lat="44.798140" lon="5.489020">
        <ele>1537.007097</ele>

      </trkpt>
      <trkpt lat="44.798177" lon="5.489078">
        <ele>1537.188298</ele>

      </trkpt>
      <trkpt lat="44.798218" lon="5.489140">
        <ele>1537.386726</ele>

      </trkpt>
      <trkpt lat="44.798234" lon="5.489204">
        <ele>1537.545661</ele>

      </trkpt>
      <trkpt lat="44.798227" lon="5.489268">
        <ele>1537.697335</ele>

      </trkpt>
      <trkpt lat="44.798186" lon="5.489364">
        <ele>1537.959777</ele>

      </trkpt>
      <trkpt lat="44.798138" lon="5.489432">
        <ele>1538.184434</ele>

      </trkpt>
      <trkpt lat="44.798090" lon="5.489573">
        <ele>1538.550731</ele>

      </trkpt>
      <trkpt lat="44.798071" lon="5.489625">
        <ele>1538.687726</ele>

      </trkpt>
      <trkpt lat="44.798073" lon="5.489636">
        <ele>1538.714323</ele>

      </trkpt>
      <trkpt lat="44.798067" lon="5.489687">
        <ele>1538.835409</ele>

      </trkpt>
      <trkpt lat="44.798066" lon="5.489701">
        <ele>1538.868366</ele>

      </trkpt>
      <trkpt lat="44.798042" lon="5.489797">
        <ele>1539.106769</ele>

      </trkpt>
      <trkpt lat="44.797999" lon="5.489859">
        <ele>1539.309832</ele>

      </trkpt>
      <trkpt lat="44.797956" lon="5.489966">
        <ele>1539.597855</ele>

      </trkpt>
      <trkpt lat="44.797969" lon="5.490052">
        <ele>1539.803808</ele>

      </trkpt>
      <trkpt lat="44.797982" lon="5.490073">
        <ele>1539.869083</ele>

      </trkpt>
      <trkpt lat="44.798066" lon="5.490175">
        <ele>1540.235083</ele>

      </trkpt>
      <trkpt lat="44.798100" lon="5.490224">
        <ele>1540.395606</ele>

      </trkpt>
      <trkpt lat="44.798161" lon="5.490286">
        <ele>1540.643861</ele>

      </trkpt>
      <trkpt lat="44.798184" lon="5.490321">
        <ele>1540.755594</ele>

      </trkpt>
      <trkpt lat="44.798258" lon="5.490411">
        <ele>1541.078241</ele>

      </trkpt>
      <trkpt lat="44.798314" lon="5.490484">
        <ele>1541.330042</ele>

      </trkpt>
      <trkpt lat="44.798330" lon="5.490499">
        <ele>1541.393474</ele>

      </trkpt>
      <trkpt lat="44.798389" lon="5.490553">
        <ele>1541.625691</ele>

      </trkpt>
      <trkpt lat="44.798439" lon="5.490592">
        <ele>1541.814326</ele>

      </trkpt>
      <trkpt lat="44.798501" lon="5.490634">
        <ele>1542.041393</ele>

      </trkpt>
      <trkpt lat="44.798521" lon="5.490649">
        <ele>1542.116177</ele>

      </trkpt>
      <trkpt lat="44.798529" lon="5.490653">
        <ele>1542.144196</ele>

      </trkpt>
      <trkpt lat="44.798549" lon="5.490681">
        <ele>1542.237251</ele>

      </trkpt>
      <trkpt lat="44.798561" lon="5.490702">
        <ele>1542.300404</ele>

      </trkpt>
      <trkpt lat="44.798583" lon="5.490772">
        <ele>1542.479723</ele>

      </trkpt>
      <trkpt lat="44.798598" lon="5.490816">
        <ele>1542.594058</ele>

      </trkpt>
      <trkpt lat="44.798612" lon="5.490852">
        <ele>1542.690211</ele>

      </trkpt>
      <trkpt lat="44.798641" lon="5.490935">
        <ele>1542.906905</ele>

      </trkpt>
      <trkpt lat="44.798641" lon="5.490934">
        <ele>1542.909247</ele>

      </trkpt>
      <trkpt lat="44.798662" lon="5.490969">
        <ele>1543.016603</ele>

      </trkpt>
      <trkpt lat="44.798724" lon="5.491063">
        <ele>1543.281820</ele>

      </trkpt>
      <trkpt lat="44.798755" lon="5.491117">
        <ele>1543.412990</ele>

      </trkpt>
      <trkpt lat="44.798778" lon="5.491156">
        <ele>1543.508755</ele>

      </trkpt>
      <trkpt lat="44.798814" lon="5.491252">
        <ele>1543.713804</ele>

      </trkpt>
      <trkpt lat="44.798832" lon="5.491333">
        <ele>1543.874093</ele>

      </trkpt>
      <trkpt lat="44.798843" lon="5.491364">
        <ele>1543.939546</ele>

      </trkpt>
      <trkpt lat="44.798848" lon="5.491374">
        <ele>1543.962647</ele>

      </trkpt>
      <trkpt lat="44.798887" lon="5.491487">
        <ele>1544.199943</ele>

      </trkpt>
      <trkpt lat="44.798886" lon="5.491503">
        <ele>1544.230275</ele>

      </trkpt>
      <trkpt lat="44.798858" lon="5.491562">
        <ele>1544.364315</ele>

      </trkpt>
      <trkpt lat="44.798844" lon="5.491576">
        <ele>1544.410000</ele>

      </trkpt>
      <trkpt lat="44.798826" lon="5.491602">
        <ele>1544.478597</ele>

      </trkpt>
      <trkpt lat="44.798810" lon="5.491623">
        <ele>1544.536785</ele>

      </trkpt>
      <trkpt lat="44.798769" lon="5.491686">
        <ele>1544.698217</ele>

      </trkpt>
      <trkpt lat="44.798767" lon="5.491688">
        <ele>1544.704743</ele>

      </trkpt>
      <trkpt lat="44.798752" lon="5.491707">
        <ele>1544.758418</ele>

      </trkpt>
      <trkpt lat="44.798738" lon="5.491724">
        <ele>1544.807600</ele>

      </trkpt>
      <trkpt lat="44.798705" lon="5.491751">
        <ele>1544.909151</ele>

      </trkpt>
      <trkpt lat="44.798697" lon="5.491757">
        <ele>1544.933269</ele>

      </trkpt>
      <trkpt lat="44.798655" lon="5.491779">
        <ele>1545.052516</ele>

      </trkpt>
      <trkpt lat="44.798644" lon="5.491788">
        <ele>1545.086367</ele>

      </trkpt>
      <trkpt lat="44.798634" lon="5.491799">
        <ele>1545.120127</ele>

      </trkpt>
      <trkpt lat="44.798613" lon="5.491832">
        <ele>1545.203835</ele>

      </trkpt>
      <trkpt lat="44.798612" lon="5.491838">
        <ele>1545.215474</ele>

      </trkpt>
      <trkpt lat="44.798564" lon="5.491927">
        <ele>1545.426582</ele>

      </trkpt>
      <trkpt lat="44.798553" lon="5.491963">
        <ele>1545.500601</ele>

      </trkpt>
      <trkpt lat="44.798546" lon="5.491972">
        <ele>1545.525818</ele>

      </trkpt>
      <trkpt lat="44.798541" lon="5.491981">
        <ele>1545.547404</ele>

      </trkpt>
      <trkpt lat="44.798524" lon="5.492034">
        <ele>1545.657242</ele>

      </trkpt>
      <trkpt lat="44.798539" lon="5.492088">
        <ele>1545.766753</ele>

      </trkpt>
      <trkpt lat="44.798563" lon="5.492100">
        <ele>1545.834525</ele>

      </trkpt>
      <trkpt lat="44.798580" lon="5.492113">
        <ele>1545.885999</ele>

      </trkpt>
      <trkpt lat="44.798581" lon="5.492124">
        <ele>1545.906942</ele>

      </trkpt>
      <trkpt lat="44.798582" lon="5.492131">
        <ele>1545.920426</ele>

      </trkpt>
      <trkpt lat="44.798615" lon="5.492195">
        <ele>1546.069826</ele>

      </trkpt>
      <trkpt lat="44.798640" lon="5.492286">
        <ele>1546.254104</ele>

      </trkpt>
      <trkpt lat="44.798642" lon="5.492299">
        <ele>1546.279224</ele>

      </trkpt>
      <trkpt lat="44.798645" lon="5.492336">
        <ele>1546.349551</ele>

      </trkpt>
      <trkpt lat="44.798647" lon="5.492350">
        <ele>1546.376520</ele>

      </trkpt>
      <trkpt lat="44.798653" lon="5.492392">
        <ele>1546.457426</ele>

      </trkpt>
      <trkpt lat="44.798648" lon="5.492472">
        <ele>1546.609086</ele>

      </trkpt>
      <trkpt lat="44.798658" lon="5.492518">
        <ele>1546.699939</ele>

      </trkpt>
      <trkpt lat="44.798675" lon="5.492558">
        <ele>1546.787989</ele>

      </trkpt>
      <trkpt lat="44.798692" lon="5.492599">
        <ele>1546.877665</ele>

      </trkpt>
      <trkpt lat="44.798705" lon="5.492638">
        <ele>1546.959035</ele>

      </trkpt>
      <trkpt lat="44.798708" lon="5.492658">
        <ele>1546.997639</ele>

      </trkpt>
      <trkpt lat="44.798724" lon="5.492710">
        <ele>1547.104672</ele>

      </trkpt>
      <trkpt lat="44.798750" lon="5.492774">
        <ele>1547.243938</ele>

      </trkpt>
      <trkpt lat="44.798754" lon="5.492825">
        <ele>1547.340835</ele>

      </trkpt>
      <trkpt lat="44.798765" lon="5.492914">
        <ele>1547.511436</ele>

      </trkpt>
      <trkpt lat="44.798747" lon="5.492959">
        <ele>1547.608988</ele>

      </trkpt>
      <trkpt lat="44.798732" lon="5.492988">
        <ele>1547.676758</ele>

      </trkpt>
      <trkpt lat="44.798737" lon="5.493117">
        <ele>1547.920730</ele>

      </trkpt>
      <trkpt lat="44.798765" lon="5.493218">
        <ele>1548.161701</ele>

      </trkpt>
      <trkpt lat="44.798784" lon="5.493258">
        <ele>1548.268720</ele>

      </trkpt>
      <trkpt lat="44.798802" lon="5.493340">
        <ele>1548.459557</ele>

      </trkpt>
      <trkpt lat="44.798814" lon="5.493398">
        <ele>1548.593879</ele>

      </trkpt>
      <trkpt lat="44.798833" lon="5.493426">
        <ele>1548.680015</ele>

      </trkpt>
      <trkpt lat="44.798894" lon="5.493502">
        <ele>1548.935127</ele>

      </trkpt>
      <trkpt lat="44.798958" lon="5.493553">
        <ele>1549.165494</ele>

      </trkpt>
      <trkpt lat="44.798968" lon="5.493560">
        <ele>1549.200478</ele>

      </trkpt>
      <trkpt lat="44.799046" lon="5.493625">
        <ele>1549.484403</ele>

      </trkpt>
      <trkpt lat="44.799088" lon="5.493713">
        <ele>1549.720194</ele>

      </trkpt>
      <trkpt lat="44.799127" lon="5.493789">
        <ele>1549.928721</ele>

      </trkpt>
      <trkpt lat="44.799173" lon="5.493873">
        <ele>1550.164627</ele>

      </trkpt>
      <trkpt lat="44.799225" lon="5.493982">
        <ele>1550.456646</ele>

      </trkpt>
      <trkpt lat="44.799259" lon="5.494063">
        <ele>1550.665883</ele>

      </trkpt>
      <trkpt lat="44.799284" lon="5.494134">
        <ele>1550.842104</ele>

      </trkpt>
      <trkpt lat="44.799290" lon="5.494147">
        <ele>1550.876583</ele>

      </trkpt>
      <trkpt lat="44.799330" lon="5.494242">
        <ele>1551.122182</ele>

      </trkpt>
      <trkpt lat="44.799388" lon="5.494343">
        <ele>1551.411059</ele>

      </trkpt>
      <trkpt lat="44.799401" lon="5.494361">
        <ele>1551.468161</ele>

      </trkpt>
      <trkpt lat="44.799440" lon="5.494431">
        <ele>1551.666032</ele>

      </trkpt>
      <trkpt lat="44.799502" lon="5.494527">
        <ele>1551.954637</ele>

      </trkpt>
      <trkpt lat="44.799543" lon="5.494595">
        <ele>1552.153030</ele>

      </trkpt>
      <trkpt lat="44.799604" lon="5.494692">
        <ele>1552.441195</ele>

      </trkpt>
      <trkpt lat="44.799655" lon="5.494781">
        <ele>1552.695534</ele>

      </trkpt>
      <trkpt lat="44.799691" lon="5.494841">
        <ele>1552.870228</ele>

      </trkpt>
      <trkpt lat="44.799710" lon="5.494879">
        <ele>1552.973581</ele>

      </trkpt>
      <trkpt lat="44.799750" lon="5.494977">
        <ele>1553.224937</ele>

      </trkpt>
      <trkpt lat="44.799756" lon="5.494987">
        <ele>1553.254053</ele>

      </trkpt>
      <trkpt lat="44.799815" lon="5.495091">
        <ele>1553.550089</ele>

      </trkpt>
      <trkpt lat="44.799836" lon="5.495151">
        <ele>1553.676790</ele>

      </trkpt>
      <trkpt lat="44.799847" lon="5.495184">
        <ele>1553.745254</ele>

      </trkpt>
      <trkpt lat="44.799895" lon="5.495314">
        <ele>1554.020440</ele>

      </trkpt>
      <trkpt lat="44.799900" lon="5.495330">
        <ele>1554.053269</ele>

      </trkpt>
      <trkpt lat="44.799916" lon="5.495378">
        <ele>1554.152853</ele>

      </trkpt>
      <trkpt lat="44.799945" lon="5.495456">
        <ele>1554.318209</ele>

      </trkpt>
      <trkpt lat="44.799961" lon="5.495489">
        <ele>1554.393261</ele>

      </trkpt>
      <trkpt lat="44.799997" lon="5.495548">
        <ele>1554.539379</ele>

      </trkpt>
      <trkpt lat="44.800046" lon="5.495647">
        <ele>1554.766038</ele>

      </trkpt>
      <trkpt lat="44.800070" lon="5.495733">
        <ele>1554.939568</ele>

      </trkpt>
      <trkpt lat="44.800091" lon="5.495777">
        <ele>1555.039142</ele>

      </trkpt>
      <trkpt lat="44.800141" lon="5.495836">
        <ele>1555.211718</ele>

      </trkpt>
      <trkpt lat="44.800179" lon="5.495880">
        <ele>1555.341869</ele>

      </trkpt>
      <trkpt lat="44.800192" lon="5.495888">
        <ele>1555.379408</ele>

      </trkpt>
      <trkpt lat="44.800255" lon="5.495945">
        <ele>1555.577530</ele>

      </trkpt>
      <trkpt lat="44.800300" lon="5.495980">
        <ele>1555.713549</ele>

      </trkpt>
      <trkpt lat="44.800325" lon="5.496002">
        <ele>1555.791547</ele>

      </trkpt>
      <trkpt lat="44.800366" lon="5.496056">
        <ele>1555.940054</ele>

      </trkpt>
      <trkpt lat="44.800373" lon="5.496065">
        <ele>1555.965130</ele>

      </trkpt>
      <trkpt lat="44.800392" lon="5.496091">
        <ele>1556.035214</ele>

      </trkpt>
      <trkpt lat="44.800416" lon="5.496088">
        <ele>1556.098976</ele>

      </trkpt>
      <trkpt lat="44.800426" lon="5.496027">
        <ele>1556.216538</ele>

      </trkpt>
      <trkpt lat="44.800435" lon="5.496012">
        <ele>1556.253424</ele>

      </trkpt>
      <trkpt lat="44.800483" lon="5.495985">
        <ele>1556.390195</ele>

      </trkpt>
      <trkpt lat="44.800488" lon="5.496009">
        <ele>1556.437163</ele>

      </trkpt>
      <trkpt lat="44.800490" lon="5.496014">
        <ele>1556.447941</ele>

      </trkpt>
      <trkpt lat="44.800493" lon="5.496032">
        <ele>1556.482661</ele>

      </trkpt>
      <trkpt lat="44.800492" lon="5.496038">
        <ele>1556.494234</ele>

      </trkpt>
      <trkpt lat="44.800501" lon="5.496032">
        <ele>1556.520582</ele>

      </trkpt>
      <trkpt lat="44.800492" lon="5.496029">
        <ele>1556.545057</ele>

      </trkpt>
      <trkpt lat="44.800488" lon="5.496011">
        <ele>1556.580475</ele>

      </trkpt>
      <trkpt lat="44.800489" lon="5.496009">
        <ele>1556.585070</ele>

      </trkpt>
      <trkpt lat="44.800490" lon="5.496005">
        <ele>1556.593033</ele>

      </trkpt>
      <trkpt lat="44.800491" lon="5.496004">
        <ele>1556.596278</ele>

      </trkpt>
      <trkpt lat="44.800492" lon="5.495998">
        <ele>1556.607852</ele>

      </trkpt>
      <trkpt lat="44.800489" lon="5.495998">
        <ele>1556.615791</ele>

      </trkpt>
      <trkpt lat="44.800468" lon="5.495993">
        <ele>1556.672152</ele>

      </trkpt>
      <trkpt lat="44.800444" lon="5.495993">
        <ele>1556.735665</ele>

      </trkpt>
      <trkpt lat="44.800433" lon="5.495994">
        <ele>1556.764836</ele>

      </trkpt>
      <trkpt lat="44.800397" lon="5.496026">
        <ele>1556.877472</ele>

      </trkpt>
      <trkpt lat="44.800364" lon="5.496055">
        <ele>1556.980389</ele>

      </trkpt>
      <trkpt lat="44.800367" lon="5.496086">
        <ele>1557.039139</ele>

      </trkpt>
      <trkpt lat="44.800448" lon="5.496179">
        <ele>1557.315627</ele>

      </trkpt>
      <trkpt lat="44.800496" lon="5.496242">
        <ele>1557.489208</ele>

      </trkpt>
      <trkpt lat="44.800507" lon="5.496261">
        <ele>1557.535255</ele>

      </trkpt>
      <trkpt lat="44.800512" lon="5.496270">
        <ele>1557.556718</ele>

      </trkpt>
      <trkpt lat="44.800592" lon="5.496380">
        <ele>1557.852499</ele>

      </trkpt>
      <trkpt lat="44.800601" lon="5.496393">
        <ele>1557.886604</ele>

      </trkpt>
      <trkpt lat="44.800647" lon="5.496468">
        <ele>1558.072756</ele>

      </trkpt>
      <trkpt lat="44.800680" lon="5.496540">
        <ele>1558.233708</ele>

      </trkpt>
      <trkpt lat="44.800695" lon="5.496544">
        <ele>1558.274108</ele>

      </trkpt>
      <trkpt lat="44.800707" lon="5.496555">
        <ele>1558.311991</ele>

      </trkpt>
      <trkpt lat="44.800761" lon="5.496644">
        <ele>1558.390864</ele>

      </trkpt>
      <trkpt lat="44.800790" lon="5.496687">
        <ele>1558.429199</ele>

      </trkpt>
      <trkpt lat="44.800808" lon="5.496703">
        <ele>1558.448580</ele>

      </trkpt>
      <trkpt lat="44.800836" lon="5.496732">
        <ele>1558.480225</ele>

      </trkpt>
      <trkpt lat="44.800861" lon="5.496776">
        <ele>1558.516649</ele>

      </trkpt>
      <trkpt lat="44.800885" lon="5.496817">
        <ele>1558.550995</ele>

      </trkpt>
      <trkpt lat="44.800891" lon="5.496826">
        <ele>1558.558975</ele>

      </trkpt>
      <trkpt lat="44.800904" lon="5.496849">
        <ele>1558.577976</ele>

      </trkpt>
      <trkpt lat="44.800921" lon="5.496861">
        <ele>1558.595292</ele>

      </trkpt>
      <trkpt lat="44.800977" lon="5.496907">
        <ele>1558.654321</ele>

      </trkpt>
      <trkpt lat="44.801030" lon="5.496976">
        <ele>1558.720030</ele>

      </trkpt>
      <trkpt lat="44.801069" lon="5.497034">
        <ele>1558.771665</ele>

      </trkpt>
      <trkpt lat="44.801103" lon="5.497116">
        <ele>1558.833036</ele>

      </trkpt>
      <trkpt lat="44.801150" lon="5.497200">
        <ele>1558.902161</ele>

      </trkpt>
      <trkpt lat="44.801212" lon="5.497270">
        <ele>1558.974509</ele>

      </trkpt>
      <trkpt lat="44.801287" lon="5.497372">
        <ele>1559.069427</ele>

      </trkpt>
      <trkpt lat="44.801317" lon="5.497456">
        <ele>1559.130194</ele>

      </trkpt>
      <trkpt lat="44.801368" lon="5.497534">
        <ele>1559.198733</ele>

      </trkpt>
      <trkpt lat="44.801413" lon="5.497656">
        <ele>1559.287584</ele>

      </trkpt>
      <trkpt lat="44.801456" lon="5.497694">
        <ele>1559.333805</ele>

      </trkpt>
      <trkpt lat="44.801519" lon="5.497785">
        <ele>1559.415961</ele>

      </trkpt>
      <trkpt lat="44.801570" lon="5.497875">
        <ele>1559.490387</ele>

      </trkpt>
      <trkpt lat="44.801645" lon="5.497975">
        <ele>1559.584412</ele>

      </trkpt>
      <trkpt lat="44.801691" lon="5.498103">
        <ele>1559.677128</ele>

      </trkpt>
      <trkpt lat="44.801740" lon="5.498197">
        <ele>1559.752499</ele>

      </trkpt>
      <trkpt lat="44.801768" lon="5.498253">
        <ele>1559.796767</ele>

      </trkpt>
      <trkpt lat="44.801780" lon="5.498283">
        <ele>1559.819020</ele>

      </trkpt>
      <trkpt lat="44.801814" lon="5.498377">
        <ele>1559.887198</ele>

      </trkpt>
      <trkpt lat="44.801855" lon="5.498477">
        <ele>1559.960822</ele>

      </trkpt>
      <trkpt lat="44.801861" lon="5.498495">
        <ele>1559.971809</ele>

      </trkpt>
      <trkpt lat="44.801865" lon="5.498502">
        <ele>1559.976775</ele>

      </trkpt>
      <trkpt lat="44.801906" lon="5.498573">
        <ele>1560.027351</ele>

      </trkpt>
      <trkpt lat="44.801969" lon="5.498653">
        <ele>1560.093382</ele>

      </trkpt>
      <trkpt lat="44.801976" lon="5.498663">
        <ele>1560.101143</ele>

      </trkpt>
      <trkpt lat="44.802009" lon="5.498723">
        <ele>1560.143085</ele>

      </trkpt>
      <trkpt lat="44.802016" lon="5.498736">
        <ele>1560.152102</ele>

      </trkpt>
      <trkpt lat="44.802050" lon="5.498777">
        <ele>1560.186944</ele>

      </trkpt>
      <trkpt lat="44.802075" lon="5.498809">
        <ele>1560.213241</ele>

      </trkpt>
      <trkpt lat="44.802087" lon="5.498824">
        <ele>1560.225731</ele>

      </trkpt>
      <trkpt lat="44.802154" lon="5.498887">
        <ele>1560.288446</ele>

      </trkpt>
      <trkpt lat="44.802188" lon="5.498955">
        <ele>1560.334406</ele>

      </trkpt>
      <trkpt lat="44.802238" lon="5.499057">
        <ele>1560.402901</ele>

      </trkpt>
      <trkpt lat="44.802244" lon="5.499067">
        <ele>1560.410137</ele>

      </trkpt>
      <trkpt lat="44.802301" lon="5.499147">
        <ele>1560.472774</ele>

      </trkpt>
      <trkpt lat="44.802351" lon="5.499241">
        <ele>1560.537681</ele>

      </trkpt>
      <trkpt lat="44.802377" lon="5.499326">
        <ele>1560.588821</ele>

      </trkpt>
      <trkpt lat="44.802429" lon="5.499432">
        <ele>1560.660019</ele>

      </trkpt>
      <trkpt lat="44.802461" lon="5.499493">
        <ele>1560.701931</ele>

      </trkpt>
      <trkpt lat="44.802490" lon="5.499576">
        <ele>1560.753046</ele>

      </trkpt>
      <trkpt lat="44.802516" lon="5.499625">
        <ele>1560.786851</ele>

      </trkpt>
      <trkpt lat="44.802550" lon="5.499663">
        <ele>1560.820639</ele>

      </trkpt>
      <trkpt lat="44.802616" lon="5.499730">
        <ele>1560.883974</ele>

      </trkpt>
      <trkpt lat="44.802680" lon="5.499817">
        <ele>1560.953211</ele>

      </trkpt>
      <trkpt lat="44.802740" lon="5.499905">
        <ele>1561.020639</ele>

      </trkpt>
      <trkpt lat="44.802804" lon="5.499961">
        <ele>1561.079296</ele>

      </trkpt>
      <trkpt lat="44.802866" lon="5.500086">
        <ele>1561.163557</ele>

      </trkpt>
      <trkpt lat="44.802914" lon="5.500188">
        <ele>1561.231179</ele>

      </trkpt>
      <trkpt lat="44.802973" lon="5.500303">
        <ele>1561.309584</ele>

      </trkpt>
      <trkpt lat="44.802998" lon="5.500348">
        <ele>1561.341160</ele>

      </trkpt>
      <trkpt lat="44.803005" lon="5.500359">
        <ele>1561.349323</ele>

      </trkpt>
      <trkpt lat="44.803024" lon="5.500377">
        <ele>1561.381709</ele>

      </trkpt>
      <trkpt lat="44.803068" lon="5.500422">
        <ele>1561.476552</ele>

      </trkpt>
      <trkpt lat="44.803111" lon="5.500482">
        <ele>1561.582115</ele>

      </trkpt>
      <trkpt lat="44.803113" lon="5.500489">
        <ele>1561.591456</ele>

      </trkpt>
      <trkpt lat="44.803139" lon="5.500554">
        <ele>1561.683820</ele>

      </trkpt>
      <trkpt lat="44.803152" lon="5.500571">
        <ele>1561.714758</ele>

      </trkpt>
      <trkpt lat="44.803169" lon="5.500594">
        <ele>1561.755870</ele>

      </trkpt>
      <trkpt lat="44.803213" lon="5.500676">
        <ele>1561.883129</ele>

      </trkpt>
      <trkpt lat="44.803272" lon="5.500732">
        <ele>1562.007225</ele>

      </trkpt>
      <trkpt lat="44.803323" lon="5.500796">
        <ele>1562.126356</ele>

      </trkpt>
      <trkpt lat="44.803377" lon="5.500902">
        <ele>1562.287884</ele>

      </trkpt>
      <trkpt lat="44.803448" lon="5.501003">
        <ele>1562.463874</ele>

      </trkpt>
      <trkpt lat="44.803508" lon="5.501102">
        <ele>1562.625039</ele>

      </trkpt>
      <trkpt lat="44.803565" lon="5.501191">
        <ele>1562.773448</ele>

      </trkpt>
      <trkpt lat="44.803611" lon="5.501271">
        <ele>1562.900909</ele>

      </trkpt>
      <trkpt lat="44.803667" lon="5.501342">
        <ele>1563.032319</ele>

      </trkpt>
      <trkpt lat="44.803739" lon="5.501376">
        <ele>1563.164791</ele>

      </trkpt>
      <trkpt lat="44.803810" lon="5.501474">
        <ele>1563.338163</ele>

      </trkpt>
      <trkpt lat="44.803841" lon="5.501516">
        <ele>1563.413181</ele>

      </trkpt>
      <trkpt lat="44.803873" lon="5.501547">
        <ele>1563.480923</ele>

      </trkpt>
      <trkpt lat="44.803942" lon="5.501625">
        <ele>1563.635236</ele>

      </trkpt>
      <trkpt lat="44.804007" lon="5.501709">
        <ele>1563.789087</ele>

      </trkpt>
      <trkpt lat="44.804048" lon="5.501792">
        <ele>1563.914272</ele>

      </trkpt>
      <trkpt lat="44.804070" lon="5.501813">
        <ele>1563.960627</ele>

      </trkpt>
      <trkpt lat="44.804134" lon="5.501825">
        <ele>1564.073264</ele>

      </trkpt>
      <trkpt lat="44.804224" lon="5.501855">
        <ele>1564.234608</ele>

      </trkpt>
      <trkpt lat="44.804326" lon="5.501843">
        <ele>1564.413174</ele>

      </trkpt>
      <trkpt lat="44.804355" lon="5.501849">
        <ele>1564.464309</ele>

      </trkpt>
      <trkpt lat="44.804355" lon="5.501854">
        <ele>1564.470498</ele>

      </trkpt>
      <trkpt lat="44.804365" lon="5.501856">
        <ele>1564.488118</ele>

      </trkpt>
      <trkpt lat="44.804418" lon="5.501878">
        <ele>1564.544558</ele>

      </trkpt>
      <trkpt lat="44.804445" lon="5.501891">
        <ele>1564.572535</ele>

      </trkpt>
      <trkpt lat="44.804511" lon="5.501950">
        <ele>1564.649171</ele>

      </trkpt>
      <trkpt lat="44.804519" lon="5.501951">
        <ele>1564.657046</ele>

      </trkpt>
      <trkpt lat="44.804550" lon="5.501968">
        <ele>1564.689662</ele>

      </trkpt>
      <trkpt lat="44.804570" lon="5.501989">
        <ele>1564.714117</ele>

      </trkpt>
      <trkpt lat="44.804643" lon="5.502043">
        <ele>1564.794957</ele>

      </trkpt>
      <trkpt lat="44.804686" lon="5.502082">
        <ele>1564.845096</ele>

      </trkpt>
      <trkpt lat="44.804761" lon="5.502150">
        <ele>1564.932539</ele>

      </trkpt>
      <trkpt lat="44.804819" lon="5.502183">
        <ele>1564.993870</ele>

      </trkpt>
      <trkpt lat="44.804852" lon="5.502200">
        <ele>1565.028322</ele>

      </trkpt>
      <trkpt lat="44.804928" lon="5.502239">
        <ele>1565.107629</ele>

      </trkpt>
      <trkpt lat="44.804987" lon="5.502291">
        <ele>1565.175861</ele>

      </trkpt>
      <trkpt lat="44.805045" lon="5.502335">
        <ele>1565.240447</ele>

      </trkpt>
      <trkpt lat="44.805055" lon="5.502342">
        <ele>1565.251396</ele>

      </trkpt>
      <trkpt lat="44.805063" lon="5.502350">
        <ele>1565.261014</ele>

      </trkpt>
      <trkpt lat="44.805116" lon="5.502403">
        <ele>1565.324735</ele>

      </trkpt>
      <trkpt lat="44.805128" lon="5.502418">
        <ele>1565.340462</ele>

      </trkpt>
      <trkpt lat="44.805179" lon="5.502465">
        <ele>1565.400211</ele>

      </trkpt>
      <trkpt lat="44.805226" lon="5.502543">
        <ele>1565.471405</ele>

      </trkpt>
      <trkpt lat="44.805231" lon="5.502553">
        <ele>1565.479916</ele>

      </trkpt>
      <trkpt lat="44.805305" lon="5.502654">
        <ele>1565.580922</ele>

      </trkpt>
      <trkpt lat="44.805327" lon="5.502751">
        <ele>1565.651769</ele>

      </trkpt>
      <trkpt lat="44.805347" lon="5.502796">
        <ele>1565.688711</ele>

      </trkpt>
      <trkpt lat="44.805360" lon="5.502840">
        <ele>1565.721870</ele>

      </trkpt>
      <trkpt lat="44.805394" lon="5.502954">
        <ele>1565.807902</ele>

      </trkpt>
      <trkpt lat="44.805407" lon="5.503041">
        <ele>1565.869756</ele>

      </trkpt>
      <trkpt lat="44.805426" lon="5.503088">
        <ele>1565.907389</ele>

      </trkpt>
      <trkpt lat="44.805440" lon="5.503119">
        <ele>1565.932954</ele>

      </trkpt>
      <trkpt lat="44.805479" lon="5.503213">
        <ele>1566.008710</ele>

      </trkpt>
      <trkpt lat="44.805511" lon="5.503331">
        <ele>1566.096595</ele>

      </trkpt>
      <trkpt lat="44.805558" lon="5.503408">
        <ele>1566.167259</ele>

      </trkpt>
      <trkpt lat="44.805563" lon="5.503420">
        <ele>1566.176941</ele>

      </trkpt>
      <trkpt lat="44.805586" lon="5.503491">
        <ele>1566.231240</ele>

      </trkpt>
      <trkpt lat="44.805588" lon="5.503498">
        <ele>1566.236490</ele>

      </trkpt>
      <trkpt lat="44.805595" lon="5.503541">
        <ele>1566.249275</ele>

      </trkpt>
      <trkpt lat="44.805623" lon="5.503621">
        <ele>1566.202858</ele>

      </trkpt>
      <trkpt lat="44.805660" lon="5.503702">
        <ele>1566.152731</ele>

      </trkpt>
      <trkpt lat="44.805701" lon="5.503768">
        <ele>1566.107085</ele>

      </trkpt>
      <trkpt lat="44.805739" lon="5.503840">
        <ele>1566.060392</ele>

      </trkpt>
      <trkpt lat="44.805777" lon="5.503891">
        <ele>1566.021909</ele>

      </trkpt>
      <trkpt lat="44.805786" lon="5.503904">
        <ele>1566.012458</ele>

      </trkpt>
      <trkpt lat="44.805814" lon="5.503944">
        <ele>1565.983220</ele>

      </trkpt>
      <trkpt lat="44.805857" lon="5.504006">
        <ele>1565.938106</ele>

      </trkpt>
      <trkpt lat="44.805894" lon="5.504100">
        <ele>1565.882171</ele>

      </trkpt>
      <trkpt lat="44.805898" lon="5.504118">
        <ele>1565.872356</ele>

      </trkpt>
      <trkpt lat="44.805913" lon="5.504177">
        <ele>1565.839745</ele>

      </trkpt>
      <trkpt lat="44.805933" lon="5.504218">
        <ele>1565.813855</ele>

      </trkpt>
      <trkpt lat="44.805954" lon="5.504248">
        <ele>1565.791926</ele>

      </trkpt>
      <trkpt lat="44.806005" lon="5.504337">
        <ele>1565.732398</ele>

      </trkpt>
      <trkpt lat="44.806078" lon="5.504436">
        <ele>1565.658102</ele>

      </trkpt>
      <trkpt lat="44.806091" lon="5.504457">
        <ele>1565.643601</ele>

      </trkpt>
      <trkpt lat="44.806095" lon="5.504467">
        <ele>1565.637627</ele>

      </trkpt>
      <trkpt lat="44.806105" lon="5.504554">
        <ele>1565.591768</ele>

      </trkpt>
      <trkpt lat="44.806105" lon="5.504572">
        <ele>1565.582402</ele>

      </trkpt>
      <trkpt lat="44.806105" lon="5.504672">
        <ele>1565.530368</ele>

      </trkpt>
      <trkpt lat="44.806108" lon="5.504704">
        <ele>1565.513573</ele>

      </trkpt>
      <trkpt lat="44.806114" lon="5.504732">
        <ele>1565.498353</ele>

      </trkpt>
      <trkpt lat="44.806123" lon="5.504754">
        <ele>1565.485139</ele>

      </trkpt>
      <trkpt lat="44.806169" lon="5.504830">
        <ele>1565.433159</ele>

      </trkpt>
      <trkpt lat="44.806180" lon="5.504906">
        <ele>1565.392799</ele>

      </trkpt>
      <trkpt lat="44.806194" lon="5.505007">
        <ele>1565.339251</ele>

      </trkpt>
      <trkpt lat="44.806213" lon="5.505144">
        <ele>1565.266616</ele>

      </trkpt>
      <trkpt lat="44.806221" lon="5.505258">
        <ele>1565.207008</ele>

      </trkpt>
      <trkpt lat="44.806224" lon="5.505361">
        <ele>1565.153369</ele>

      </trkpt>
      <trkpt lat="44.806222" lon="5.505467">
        <ele>1565.098194</ele>

      </trkpt>
      <trkpt lat="44.806244" lon="5.505540">
        <ele>1565.056925</ele>

      </trkpt>
      <trkpt lat="44.806271" lon="5.505638">
        <ele>1565.002222</ele>

      </trkpt>
      <trkpt lat="44.806278" lon="5.505746">
        <ele>1564.945792</ele>

      </trkpt>
      <trkpt lat="44.806274" lon="5.505786">
        <ele>1565.006384</ele>

      </trkpt>
      <trkpt lat="44.806265" lon="5.505838">
        <ele>1565.152578</ele>

      </trkpt>
      <trkpt lat="44.806257" lon="5.505903">
        <ele>1565.332767</ele>

      </trkpt>
      <trkpt lat="44.806257" lon="5.505928">
        <ele>1565.401051</ele>

      </trkpt>
      <trkpt lat="44.806254" lon="5.506061">
        <ele>1565.764503</ele>

      </trkpt>
      <trkpt lat="44.806249" lon="5.506082">
        <ele>1565.825005</ele>

      </trkpt>
      <trkpt lat="44.806246" lon="5.506065">
        <ele>1565.872852</ele>

      </trkpt>
      <trkpt lat="44.806246" lon="5.506063">
        <ele>1565.878315</ele>

      </trkpt>
      <trkpt lat="44.806247" lon="5.506062">
        <ele>1565.883035</ele>

      </trkpt>
      <trkpt lat="44.806212" lon="5.506139">
        <ele>1566.132808</ele>

      </trkpt>
      <trkpt lat="44.806186" lon="5.506200">
        <ele>1566.327174</ele>

      </trkpt>
      <trkpt lat="44.806167" lon="5.506269">
        <ele>1566.529333</ele>

      </trkpt>
      <trkpt lat="44.806147" lon="5.506402">
        <ele>1566.900672</ele>

      </trkpt>
      <trkpt lat="44.806138" lon="5.506438">
        <ele>1567.004926</ele>

      </trkpt>
      <trkpt lat="44.806135" lon="5.506465">
        <ele>1567.079571</ele>

      </trkpt>
      <trkpt lat="44.806135" lon="5.506493">
        <ele>1567.156049</ele>

      </trkpt>
      <trkpt lat="44.806149" lon="5.506606">
        <ele>1567.469362</ele>

      </trkpt>
      <trkpt lat="44.806157" lon="5.506684">
        <ele>1567.684621</ele>

      </trkpt>
      <trkpt lat="44.806158" lon="5.506716">
        <ele>1567.772109</ele>

      </trkpt>
      <trkpt lat="44.806136" lon="5.506806">
        <ele>1568.032111</ele>

      </trkpt>
      <trkpt lat="44.806107" lon="5.506920">
        <ele>1568.362894</ele>

      </trkpt>
      <trkpt lat="44.806083" lon="5.506994">
        <ele>1568.585130</ele>

      </trkpt>
      <trkpt lat="44.806080" lon="5.506999">
        <ele>1568.603016</ele>

      </trkpt>
      <trkpt lat="44.806092" lon="5.507066">
        <ele>1568.791757</ele>

      </trkpt>
      <trkpt lat="44.806093" lon="5.507073">
        <ele>1568.811260</ele>

      </trkpt>
      <trkpt lat="44.806100" lon="5.507107">
        <ele>1568.907957</ele>

      </trkpt>
      <trkpt lat="44.806106" lon="5.507131">
        <ele>1568.977460</ele>

      </trkpt>
      <trkpt lat="44.806092" lon="5.507227">
        <ele>1569.245151</ele>

      </trkpt>
      <trkpt lat="44.806081" lon="5.507288">
        <ele>1569.417061</ele>

      </trkpt>
      <trkpt lat="44.806072" lon="5.507313">
        <ele>1569.493632</ele>

      </trkpt>
      <trkpt lat="44.806068" lon="5.507323">
        <ele>1569.524987</ele>

      </trkpt>
      <trkpt lat="44.806050" lon="5.507388">
        <ele>1569.715569</ele>

      </trkpt>
      <trkpt lat="44.806028" lon="5.507454">
        <ele>1569.914742</ele>

      </trkpt>
      <trkpt lat="44.806022" lon="5.507468">
        <ele>1569.959416</ele>

      </trkpt>
      <trkpt lat="44.806010" lon="5.507521">
        <ele>1570.111370</ele>

      </trkpt>
      <trkpt lat="44.806009" lon="5.507567">
        <ele>1570.237072</ele>

      </trkpt>
      <trkpt lat="44.805976" lon="5.507676">
        <ele>1570.560761</ele>

      </trkpt>
      <trkpt lat="44.805939" lon="5.507770">
        <ele>1570.854374</ele>

      </trkpt>
      <trkpt lat="44.805924" lon="5.507800">
        <ele>1570.954617</ele>

      </trkpt>
      <trkpt lat="44.805915" lon="5.507817">
        <ele>1571.012552</ele>

      </trkpt>
      <trkpt lat="44.805890" lon="5.507908">
        <ele>1571.279089</ele>

      </trkpt>
      <trkpt lat="44.805854" lon="5.507952">
        <ele>1571.462529</ele>

      </trkpt>
      <trkpt lat="44.805848" lon="5.507960">
        <ele>1571.494325</ele>

      </trkpt>
      <trkpt lat="44.805847" lon="5.507964">
        <ele>1571.505909</ele>

      </trkpt>
      <trkpt lat="44.805854" lon="5.507990">
        <ele>1571.581865</ele>

      </trkpt>
      <trkpt lat="44.805859" lon="5.508017">
        <ele>1571.658082</ele>

      </trkpt>
      <trkpt lat="44.805853" lon="5.508132">
        <ele>1572.004123</ele>

      </trkpt>
      <trkpt lat="44.805849" lon="5.508145">
        <ele>1572.053669</ele>

      </trkpt>
      <trkpt lat="44.805824" lon="5.508216">
        <ele>1572.330818</ele>

      </trkpt>
      <trkpt lat="44.805806" lon="5.508257">
        <ele>1572.499404</ele>

      </trkpt>
      <trkpt lat="44.805786" lon="5.508314">
        <ele>1572.721750</ele>

      </trkpt>
      <trkpt lat="44.805779" lon="5.508328">
        <ele>1572.781637</ele>

      </trkpt>
      <trkpt lat="44.805770" lon="5.508370">
        <ele>1572.935045</ele>

      </trkpt>
      <trkpt lat="44.805763" lon="5.508397">
        <ele>1573.035559</ele>

      </trkpt>
      <trkpt lat="44.805760" lon="5.508445">
        <ele>1573.204045</ele>

      </trkpt>
      <trkpt lat="44.805751" lon="5.508533">
        <ele>1573.514925</ele>

      </trkpt>
      <trkpt lat="44.805747" lon="5.508548">
        <ele>1573.570956</ele>

      </trkpt>
      <trkpt lat="44.805731" lon="5.508617">
        <ele>1573.824779</ele>

      </trkpt>
      <trkpt lat="44.805730" lon="5.508626">
        <ele>1573.856632</ele>

      </trkpt>
      <trkpt lat="44.805724" lon="5.508687">
        <ele>1574.071964</ele>

      </trkpt>
      <trkpt lat="44.805718" lon="5.508701">
        <ele>1574.129154</ele>

      </trkpt>
      <trkpt lat="44.805708" lon="5.508736">
        <ele>1574.261085</ele>

      </trkpt>
      <trkpt lat="44.805705" lon="5.508740">
        <ele>1574.281437</ele>

      </trkpt>
      <trkpt lat="44.805695" lon="5.508758">
        <ele>1574.361375</ele>

      </trkpt>
      <trkpt lat="44.805661" lon="5.508831">
        <ele>1574.666710</ele>

      </trkpt>
      <trkpt lat="44.805643" lon="5.508886">
        <ele>1574.878496</ele>

      </trkpt>
      <trkpt lat="44.805642" lon="5.508895">
        <ele>1574.910349</ele>

      </trkpt>
      <trkpt lat="44.805642" lon="5.508915">
        <ele>1574.980281</ele>

      </trkpt>
      <trkpt lat="44.805645" lon="5.508955">
        <ele>1575.120924</ele>

      </trkpt>
      <trkpt lat="44.805646" lon="5.508963">
        <ele>1575.149328</ele>

      </trkpt>
      <trkpt lat="44.805643" lon="5.508981">
        <ele>1575.213979</ele>

      </trkpt>
      <trkpt lat="44.805639" lon="5.509000">
        <ele>1575.283278</ele>

      </trkpt>
      <trkpt lat="44.805626" lon="5.509031">
        <ele>1575.409190</ele>

      </trkpt>
      <trkpt lat="44.805597" lon="5.509087">
        <ele>1575.651610</ele>

      </trkpt>
      <trkpt lat="44.805595" lon="5.509104">
        <ele>1575.711864</ele>

      </trkpt>
      <trkpt lat="44.805601" lon="5.509126">
        <ele>1575.794276</ele>

      </trkpt>
      <trkpt lat="44.805602" lon="5.509137">
        <ele>1575.833053</ele>

      </trkpt>
      <trkpt lat="44.805603" lon="5.509150">
        <ele>1575.878775</ele>

      </trkpt>
      <trkpt lat="44.805608" lon="5.509230">
        <ele>1576.159586</ele>

      </trkpt>
      <trkpt lat="44.805615" lon="5.509308">
        <ele>1576.434494</ele>

      </trkpt>
      <trkpt lat="44.805619" lon="5.509421">
        <ele>1576.830101</ele>

      </trkpt>
      <trkpt lat="44.805619" lon="5.509470">
        <ele>1577.001434</ele>

      </trkpt>
      <trkpt lat="44.805618" lon="5.509480">
        <ele>1577.036746</ele>

      </trkpt>
      <trkpt lat="44.805615" lon="5.509557">
        <ele>1577.306389</ele>

      </trkpt>
      <trkpt lat="44.805608" lon="5.509664">
        <ele>1577.682112</ele>

      </trkpt>
      <trkpt lat="44.805604" lon="5.509747">
        <ele>1577.972999</ele>

      </trkpt>
      <trkpt lat="44.805604" lon="5.509763">
        <ele>1578.028944</ele>

      </trkpt>
      <trkpt lat="44.805589" lon="5.509867">
        <ele>1578.400028</ele>

      </trkpt>
      <trkpt lat="44.805558" lon="5.509941">
        <ele>1578.700513</ele>

      </trkpt>
      <trkpt lat="44.805551" lon="5.509957">
        <ele>1578.766240</ele>

      </trkpt>
      <trkpt lat="44.805516" lon="5.510010">
        <ele>1579.019411</ele>

      </trkpt>
      <trkpt lat="44.805505" lon="5.510032">
        <ele>1579.113519</ele>

      </trkpt>
      <trkpt lat="44.805493" lon="5.510057">
        <ele>1579.219059</ele>

      </trkpt>
      <trkpt lat="44.805490" lon="5.510066">
        <ele>1579.253829</ele>

      </trkpt>
      <trkpt lat="44.805483" lon="5.510079">
        <ele>1579.310893</ele>

      </trkpt>
      <trkpt lat="44.805472" lon="5.510122">
        <ele>1579.470722</ele>

      </trkpt>
      <trkpt lat="44.805474" lon="5.510188">
        <ele>1579.701708</ele>

      </trkpt>
      <trkpt lat="44.805488" lon="5.510280">
        <ele>1580.030712</ele>

      </trkpt>
      <trkpt lat="44.805495" lon="5.510314">
        <ele>1580.154500</ele>

      </trkpt>
      <trkpt lat="44.805497" lon="5.510318">
        <ele>1580.171611</ele>

      </trkpt>
      <trkpt lat="44.805499" lon="5.510317">
        <ele>1580.182069</ele>

      </trkpt>
      <trkpt lat="44.805502" lon="5.510316">
        <ele>1580.197262</ele>

      </trkpt>
      <trkpt lat="44.805504" lon="5.510314">
        <ele>1580.209347</ele>

      </trkpt>
      <trkpt lat="44.805492" lon="5.510308">
        <ele>1580.272097</ele>

      </trkpt>
      <trkpt lat="44.805427" lon="5.510313">
        <ele>1580.592909</ele>

      </trkpt>
      <trkpt lat="44.805400" lon="5.510322">
        <ele>1580.724670</ele>

      </trkpt>
      <trkpt lat="44.805426" lon="5.510321">
        <ele>1580.666032</ele>

      </trkpt>
      <trkpt lat="44.805462" lon="5.510262">
        <ele>1580.541560</ele>

      </trkpt>
      <trkpt lat="44.805473" lon="5.510201">
        <ele>1580.440886</ele>

      </trkpt>
      <trkpt lat="44.805466" lon="5.510118">
        <ele>1580.307189</ele>

      </trkpt>
      <trkpt lat="44.805470" lon="5.510045">
        <ele>1580.190074</ele>

      </trkpt>
      <trkpt lat="44.805477" lon="5.510018">
        <ele>1580.144094</ele>

      </trkpt>
      <trkpt lat="44.805474" lon="5.509900">
        <ele>1579.955226</ele>

      </trkpt>
      <trkpt lat="44.805476" lon="5.509872">
        <ele>1579.910213</ele>

      </trkpt>
      <trkpt lat="44.805474" lon="5.509817">
        <ele>1579.822122</ele>

      </trkpt>
      <trkpt lat="44.805461" lon="5.509763">
        <ele>1579.730910</ele>

      </trkpt>
      <trkpt lat="44.805456" lon="5.509752">
        <ele>1579.710014</ele>

      </trkpt>
      <trkpt lat="44.805454" lon="5.509743">
        <ele>1579.694928</ele>

      </trkpt>
      <trkpt lat="44.805435" lon="5.509711">
        <ele>1579.628184</ele>

      </trkpt>
      <trkpt lat="44.805428" lon="5.509698">
        <ele>1579.602080</ele>

      </trkpt>
      <trkpt lat="44.805411" lon="5.509664">
        <ele>1579.535547</ele>

      </trkpt>
      <trkpt lat="44.805407" lon="5.509643">
        <ele>1579.500768</ele>

      </trkpt>
      <trkpt lat="44.805407" lon="5.509627">
        <ele>1579.475175</ele>

      </trkpt>
      <trkpt lat="44.805408" lon="5.509617">
        <ele>1579.459021</ele>

      </trkpt>
      <trkpt lat="44.805400" lon="5.509528">
        <ele>1579.315524</ele>

      </trkpt>
      <trkpt lat="44.805412" lon="5.509431">
        <ele>1579.158027</ele>

      </trkpt>
      <trkpt lat="44.805413" lon="5.509376">
        <ele>1579.070023</ele>

      </trkpt>
      <trkpt lat="44.805411" lon="5.509354">
        <ele>1579.034545</ele>

      </trkpt>
      <trkpt lat="44.805408" lon="5.509320">
        <ele>1578.979741</ele>

      </trkpt>
      <trkpt lat="44.805411" lon="5.509254">
        <ele>1578.873955</ele>

      </trkpt>
      <trkpt lat="44.805413" lon="5.509210">
        <ele>1578.803430</ele>

      </trkpt>
      <trkpt lat="44.805412" lon="5.509199">
        <ele>1578.785692</ele>

      </trkpt>
      <trkpt lat="44.805410" lon="5.509184">
        <ele>1578.761278</ele>

      </trkpt>
      <trkpt lat="44.805404" lon="5.509158">
        <ele>1578.717546</ele>

      </trkpt>
      <trkpt lat="44.805396" lon="5.509163">
        <ele>1578.697816</ele>

      </trkpt>
      <trkpt lat="44.805413" lon="5.509169">
        <ele>1578.658307</ele>

      </trkpt>
      <trkpt lat="44.805362" lon="5.509100">
        <ele>1578.498930</ele>

      </trkpt>
      <trkpt lat="44.805350" lon="5.509083">
        <ele>1578.460572</ele>

      </trkpt>
      <trkpt lat="44.805310" lon="5.509002">
        <ele>1578.302715</ele>

      </trkpt>
      <trkpt lat="44.805302" lon="5.508979">
        <ele>1578.261743</ele>

      </trkpt>
      <trkpt lat="44.805295" lon="5.508954">
        <ele>1578.218753</ele>

      </trkpt>
      <trkpt lat="44.805280" lon="5.508926">
        <ele>1578.162632</ele>

      </trkpt>
      <trkpt lat="44.805268" lon="5.508907">
        <ele>1578.121944</ele>

      </trkpt>
      <trkpt lat="44.805243" lon="5.508875">
        <ele>1578.045809</ele>

      </trkpt>
      <trkpt lat="44.805225" lon="5.508860">
        <ele>1577.998666</ele>

      </trkpt>
      <trkpt lat="44.805212" lon="5.508855">
        <ele>1577.968286</ele>

      </trkpt>
      <trkpt lat="44.805179" lon="5.508847">
        <ele>1577.892797</ele>

      </trkpt>
      <trkpt lat="44.805172" lon="5.508856">
        <ele>1577.871436</ele>

      </trkpt>
      <trkpt lat="44.805189" lon="5.508857">
        <ele>1577.833077</ele>

      </trkpt>
      <trkpt lat="44.805197" lon="5.508857">
        <ele>1577.815041</ele>

      </trkpt>
      <trkpt lat="44.805223" lon="5.508869">
        <ele>1577.753362</ele>

      </trkpt>
      <trkpt lat="44.805206" lon="5.508855">
        <ele>1577.708974</ele>

      </trkpt>
      <trkpt lat="44.805182" lon="5.508856">
        <ele>1577.654843</ele>

      </trkpt>
      <trkpt lat="44.805229" lon="5.508832">
        <ele>1577.542144</ele>

      </trkpt>
      <trkpt lat="44.805205" lon="5.508863">
        <ele>1577.468752</ele>

      </trkpt>
      <trkpt lat="44.805214" lon="5.508866">
        <ele>1577.447902</ele>

      </trkpt>
      <trkpt lat="44.805224" lon="5.508864">
        <ele>1577.425132</ele>

      </trkpt>
      <trkpt lat="44.805218" lon="5.508865">
        <ele>1577.411511</ele>

      </trkpt>
      <trkpt lat="44.805226" lon="5.508841">
        <ele>1577.369096</ele>

      </trkpt>
      <trkpt lat="44.805237" lon="5.508832">
        <ele>1577.340421</ele>

      </trkpt>
      <trkpt lat="44.805204" lon="5.508842">
        <ele>1577.264324</ele>

      </trkpt>
      <trkpt lat="44.805181" lon="5.508825">
        <ele>1577.205774</ele>

      </trkpt>
      <trkpt lat="44.805194" lon="5.508845">
        <ele>1577.162388</ele>

      </trkpt>
      <trkpt lat="44.805188" lon="5.508841">
        <ele>1577.147424</ele>

      </trkpt>
      <trkpt lat="44.805183" lon="5.508851">
        <ele>1577.127856</ele>

      </trkpt>
      <trkpt lat="44.805178" lon="5.508857">
        <ele>1577.113051</ele>

      </trkpt>
      <trkpt lat="44.805170" lon="5.508860">
        <ele>1577.094388</ele>

      </trkpt>
      <trkpt lat="44.805170" lon="5.508855">
        <ele>1577.086390</ele>

      </trkpt>
      <trkpt lat="44.805182" lon="5.508843">
        <ele>1577.053219</ele>

      </trkpt>
      <trkpt lat="44.805185" lon="5.508860">
        <ele>1577.025198</ele>

      </trkpt>
      <trkpt lat="44.805194" lon="5.508853">
        <ele>1577.002024</ele>

      </trkpt>
      <trkpt lat="44.805201" lon="5.508836">
        <ele>1576.970584</ele>

      </trkpt>
      <trkpt lat="44.805202" lon="5.508821">
        <ele>1576.946485</ele>

      </trkpt>
      <trkpt lat="44.805184" lon="5.508869">
        <ele>1576.859642</ele>

      </trkpt>
      <trkpt lat="44.805196" lon="5.508855">
        <ele>1576.824522</ele>

      </trkpt>
      <trkpt lat="44.805198" lon="5.508849">
        <ele>1576.813919</ele>

      </trkpt>
      <trkpt lat="44.805188" lon="5.508851">
        <ele>1576.791148</ele>

      </trkpt>
      <trkpt lat="44.805198" lon="5.508847">
        <ele>1576.767713</ele>

      </trkpt>
      <trkpt lat="44.805184" lon="5.508839">
        <ele>1576.733656</ele>

      </trkpt>
      <trkpt lat="44.805208" lon="5.508828">
        <ele>1576.676760</ele>

      </trkpt>
      <trkpt lat="44.805233" lon="5.508848">
        <ele>1576.671266</ele>

      </trkpt>
      <trkpt lat="44.805220" lon="5.508833">
        <ele>1576.671266</ele>

      </trkpt>
      <trkpt lat="44.805209" lon="5.508833">
        <ele>1576.671266</ele>

      </trkpt>
      <trkpt lat="44.805191" lon="5.508853">
        <ele>1576.671266</ele>

      </trkpt>
      <trkpt lat="44.805191" lon="5.508855">
        <ele>1576.671266</ele>

      </trkpt>
      <trkpt lat="44.805166" lon="5.508827">
        <ele>1576.671266</ele>

      </trkpt>
      <trkpt lat="44.805177" lon="5.508791">
        <ele>1576.671266</ele>

      </trkpt>
      <trkpt lat="44.805182" lon="5.508787">
        <ele>1576.671266</ele>

      </trkpt>
      <trkpt lat="44.805190" lon="5.508836">
        <ele>1576.671266</ele>

      </trkpt>
      <trkpt lat="44.805188" lon="5.508835">
        <ele>1576.671266</ele>

      </trkpt>
      <trkpt lat="44.805190" lon="5.508836">
        <ele>1576.671266</ele>

      </trkpt>
      <trkpt lat="44.805176" lon="5.508830">
        <ele>1576.671266</ele>

      </trkpt>
      <trkpt lat="44.805183" lon="5.508841">
        <ele>1576.671266</ele>

      </trkpt>
      <trkpt lat="44.805171" lon="5.508826">
        <ele>1576.671266</ele>

      </trkpt>
      <trkpt lat="44.805168" lon="5.508825">
        <ele>1576.671266</ele>

      </trkpt>
      <trkpt lat="44.805163" lon="5.508852">
        <ele>1576.671266</ele>

      </trkpt>
      <trkpt lat="44.805154" lon="5.508863">
        <ele>1576.671266</ele>

      </trkpt>
      <trkpt lat="44.805147" lon="5.508863">
        <ele>1576.671266</ele>

      </trkpt>
      <trkpt lat="44.805146" lon="5.508861">
        <ele>1576.671266</ele>

      </trkpt>
      <trkpt lat="44.805150" lon="5.508859">
        <ele>1576.671266</ele>

      </trkpt>
      <trkpt lat="44.805145" lon="5.508848">
        <ele>1576.671266</ele>

      </trkpt>
      <trkpt lat="44.805184" lon="5.508853">
        <ele>1576.671266</ele>

      </trkpt>
      <trkpt lat="44.805207" lon="5.508858">
        <ele>1576.671266</ele>

      </trkpt>
      <trkpt lat="44.805197" lon="5.508856">
        <ele>1576.671266</ele>

      </trkpt>
      <trkpt lat="44.805192" lon="5.508853">
        <ele>1576.671266</ele>

      </trkpt>
      <trkpt lat="44.805187" lon="5.508851">
        <ele>1576.671266</ele>

      </trkpt>
      <trkpt lat="44.805170" lon="5.508849">
        <ele>1576.671266</ele>

      </trkpt>
      <trkpt lat="44.805160" lon="5.508846">
        <ele>1576.671266</ele>

      </trkpt>
      <trkpt lat="44.805162" lon="5.508845">
        <ele>1576.671266</ele>

      </trkpt>
      <trkpt lat="44.805181" lon="5.508846">
        <ele>1576.671266</ele>

      </trkpt>
      <trkpt lat="44.805183" lon="5.508835">
        <ele>1576.671266</ele>

      </trkpt>
      <trkpt lat="44.805186" lon="5.508798">
        <ele>1576.671266</ele>

      </trkpt>
      <trkpt lat="44.805203" lon="5.508810">
        <ele>1576.671266</ele>

      </trkpt>
      <trkpt lat="44.805191" lon="5.508819">
        <ele>1576.671266</ele>

      </trkpt>
      <trkpt lat="44.805186" lon="5.508814">
        <ele>1576.671266</ele>

      </trkpt>
      <trkpt lat="44.805186" lon="5.508813">
        <ele>1576.671266</ele>

      </trkpt>
      <trkpt lat="44.805199" lon="5.508831">
        <ele>1576.671266</ele>

      </trkpt>
      <trkpt lat="44.805203" lon="5.508841">
        <ele>1576.671266</ele>

      </trkpt>
      <trkpt lat="44.805188" lon="5.508845">
        <ele>1576.671266</ele>

      </trkpt>
      <trkpt lat="44.805183" lon="5.508846">
        <ele>1576.671266</ele>

      </trkpt>
      <trkpt lat="44.805173" lon="5.508840">
        <ele>1576.671266</ele>

      </trkpt>
      <trkpt lat="44.805160" lon="5.508828">
        <ele>1576.671266</ele>

      </trkpt>
      <trkpt lat="44.805175" lon="5.508855">
        <ele>1576.671266</ele>

      </trkpt>
      <trkpt lat="44.805178" lon="5.508854">
        <ele>1576.671266</ele>

      </trkpt>
      <trkpt lat="44.805182" lon="5.508843">
        <ele>1576.671266</ele>

      </trkpt>
      <trkpt lat="44.805178" lon="5.508833">
        <ele>1576.671266</ele>

      </trkpt>
      <trkpt lat="44.805178" lon="5.508870">
        <ele>1576.671266</ele>

      </trkpt>
      <trkpt lat="44.805174" lon="5.508871">
        <ele>1576.671266</ele>

      </trkpt>
      <trkpt lat="44.805149" lon="5.508869">
        <ele>1576.671266</ele>

      </trkpt>
      <trkpt lat="44.805140" lon="5.508857">
        <ele>1576.671266</ele>

      </trkpt>
      <trkpt lat="44.805145" lon="5.508837">
        <ele>1576.671266</ele>

      </trkpt>
      <trkpt lat="44.805150" lon="5.508835">
        <ele>1576.671266</ele>

      </trkpt>
      <trkpt lat="44.805152" lon="5.508837">
        <ele>1576.671266</ele>

      </trkpt>
      <trkpt lat="44.805162" lon="5.508836">
        <ele>1576.671266</ele>

      </trkpt>
      <trkpt lat="44.805174" lon="5.508842">
        <ele>1576.671266</ele>

      </trkpt>
      <trkpt lat="44.805202" lon="5.508865">
        <ele>1576.671266</ele>

      </trkpt>
      <trkpt lat="44.805194" lon="5.508872">
        <ele>1576.671266</ele>

      </trkpt>
      <trkpt lat="44.805183" lon="5.508869">
        <ele>1576.671266</ele>

      </trkpt>
      <trkpt lat="44.805184" lon="5.508852">
        <ele>1576.671266</ele>

      </trkpt>
      <trkpt lat="44.805188" lon="5.508851">
        <ele>1576.671266</ele>

      </trkpt>
      <trkpt lat="44.805190" lon="5.508851">
        <ele>1576.671266</ele>

      </trkpt>
      <trkpt lat="44.805182" lon="5.508847">
        <ele>1576.671266</ele>

      </trkpt>
      <trkpt lat="44.805192" lon="5.508849">
        <ele>1576.671266</ele>

      </trkpt>
      <trkpt lat="44.805191" lon="5.508852">
        <ele>1576.671266</ele>

      </trkpt>
      <trkpt lat="44.805188" lon="5.508857">
        <ele>1576.671266</ele>

      </trkpt>
      <trkpt lat="44.805208" lon="5.508823">
        <ele>1576.671266</ele>

      </trkpt>
      <trkpt lat="44.805221" lon="5.508799">
        <ele>1576.671266</ele>

      </trkpt>
      <trkpt lat="44.805205" lon="5.508834">
        <ele>1576.671266</ele>

      </trkpt>
      <trkpt lat="44.805213" lon="5.508879">
        <ele>1576.671266</ele>

      </trkpt>
      <trkpt lat="44.805196" lon="5.508887">
        <ele>1576.671266</ele>

      </trkpt>
      <trkpt lat="44.805199" lon="5.508909">
        <ele>1576.671266</ele>

      </trkpt>
      <trkpt lat="44.805226" lon="5.508870">
        <ele>1576.671266</ele>

      </trkpt>
      <trkpt lat="44.805223" lon="5.508879">
        <ele>1576.671266</ele>

      </trkpt>
      <trkpt lat="44.805145" lon="5.508869">
        <ele>1576.671266</ele>

      </trkpt>
      <trkpt lat="44.805152" lon="5.508862">
        <ele>1576.671266</ele>

      </trkpt>
      <trkpt lat="44.805155" lon="5.508859">
        <ele>1576.671266</ele>

      </trkpt>
      <trkpt lat="44.805149" lon="5.508855">
        <ele>1576.671266</ele>

      </trkpt>
      <trkpt lat="44.805116" lon="5.508892">
        <ele>1576.671266</ele>

      </trkpt>
      <trkpt lat="44.805130" lon="5.508888">
        <ele>1576.671266</ele>

      </trkpt>
      <trkpt lat="44.805150" lon="5.508889">
        <ele>1576.671266</ele>

      </trkpt>
      <trkpt lat="44.805193" lon="5.508906">
        <ele>1576.671266</ele>

      </trkpt>
      <trkpt lat="44.805186" lon="5.508883">
        <ele>1576.671266</ele>

      </trkpt>
      <trkpt lat="44.805171" lon="5.508858">
        <ele>1576.671266</ele>

      </trkpt>
      <trkpt lat="44.805172" lon="5.508853">
        <ele>1576.671266</ele>

      </trkpt>
      <trkpt lat="44.805180" lon="5.508864">
        <ele>1576.671266</ele>

      </trkpt>
      <trkpt lat="44.805168" lon="5.508882">
        <ele>1576.671266</ele>

      </trkpt>
      <trkpt lat="44.805192" lon="5.508870">
        <ele>1576.671266</ele>

      </trkpt>
      <trkpt lat="44.805189" lon="5.508888">
        <ele>1576.671266</ele>

      </trkpt>
      <trkpt lat="44.805272" lon="5.508916">
        <ele>1576.671266</ele>

      </trkpt>
      <trkpt lat="44.805278" lon="5.508910">
        <ele>1576.671266</ele>

      </trkpt>
      <trkpt lat="44.805236" lon="5.508915">
        <ele>1576.671266</ele>

      </trkpt>
      <trkpt lat="44.805224" lon="5.508905">
        <ele>1576.671266</ele>

      </trkpt>
      <trkpt lat="44.805216" lon="5.508904">
        <ele>1576.671266</ele>

      </trkpt>
      <trkpt lat="44.805207" lon="5.508847">
        <ele>1576.671266</ele>

      </trkpt>
      <trkpt lat="44.805186" lon="5.508843">
        <ele>1576.671266</ele>

      </trkpt>
      <trkpt lat="44.805153" lon="5.508834">
        <ele>1576.671266</ele>

      </trkpt>
      <trkpt lat="44.805146" lon="5.508834">
        <ele>1576.671266</ele>

      </trkpt>
      <trkpt lat="44.805140" lon="5.508856">
        <ele>1576.671266</ele>

      </trkpt>
      <trkpt lat="44.805206" lon="5.508856">
        <ele>1576.671266</ele>

      </trkpt>
      <trkpt lat="44.805221" lon="5.508844">
        <ele>1576.671266</ele>

      </trkpt>
      <trkpt lat="44.805218" lon="5.508849">
        <ele>1576.671266</ele>

      </trkpt>
      <trkpt lat="44.805212" lon="5.508857">
        <ele>1576.671266</ele>

      </trkpt>
      <trkpt lat="44.805202" lon="5.508861">
        <ele>1576.671266</ele>

      </trkpt>
      <trkpt lat="44.805191" lon="5.508871">
        <ele>1576.671266</ele>

      </trkpt>
      <trkpt lat="44.805184" lon="5.508873">
        <ele>1576.671266</ele>

      </trkpt>
      <trkpt lat="44.805174" lon="5.508875">
        <ele>1576.671266</ele>

      </trkpt>
      <trkpt lat="44.805166" lon="5.508883">
        <ele>1576.671266</ele>

      </trkpt>
      <trkpt lat="44.805165" lon="5.508887">
        <ele>1576.671266</ele>

      </trkpt>
      <trkpt lat="44.805209" lon="5.508853">
        <ele>1576.671266</ele>

      </trkpt>
      <trkpt lat="44.805209" lon="5.508853">
        <ele>1576.671266</ele>

      </trkpt>
    </trkseg>
  </trk>
</gpx>